2026-04-25 10:12:34 [387270] [0] INFO: Debug_lvl = 0, log_file = <none>, log_lvl = 0
2026-04-25 10:12:34 [387270] [0] WARNING: DLR: using default 'internal' for storage type.
2026-04-25 10:12:34 [387270] [0] INFO: DLR using storage type: internal
2026-04-25 10:12:34 [387270] [0] DEBUG: Started thread 1 (gw/dlr.c:dlr_add_worker)
2026-04-25 10:12:34 [387270] [0] DEBUG: Started thread 2 (gw/dlr.c:dlr_add_worker)
2026-04-25 10:12:34 [387270] [0] DEBUG: Started thread 3 (gw/dlr.c:dlr_add_worker)
2026-04-25 10:12:34 [387270] [0] DEBUG: Started thread 4 (gw/dlr.c:dlr_add_worker)
2026-04-25 10:12:34 [387270] [4] DEBUG: Thread 4 (gw/dlr.c:dlr_add_worker) maps to pid 387270.
2026-04-25 10:12:34 [387270] [0] DEBUG: Started thread 5 (gw/dlr.c:dlr_add_worker)
2026-04-25 10:12:34 [387270] [4] DEBUG: Thread 4 (gw/dlr.c:dlr_add_worker) terminates.
2026-04-25 10:12:34 [387270] [5] DEBUG: Thread 5 (gw/dlr.c:dlr_add_worker) maps to pid 387270.
2026-04-25 10:12:34 [387270] [2] DEBUG: Thread 2 (gw/dlr.c:dlr_add_worker) maps to pid 387270.
2026-04-25 10:12:34 [387270] [1] DEBUG: Thread 1 (gw/dlr.c:dlr_add_worker) maps to pid 387270.
2026-04-25 10:12:34 [387270] [0] DEBUG: Started thread 6 (gw/dlr.c:dlr_add_worker)
2026-04-25 10:12:34 [387270] [6] DEBUG: Thread 6 (gw/dlr.c:dlr_add_worker) maps to pid 387270.
2026-04-25 10:12:34 [387270] [0] DEBUG: Started thread 7 (gw/dlr.c:dlr_add_worker)
2026-04-25 10:12:34 [387270] [0] DEBUG: Started thread 8 (gw/dlr.c:dlr_add_worker)
2026-04-25 10:12:34 [387270] [0] DEBUG: Started thread 9 (gw/dlr.c:dlr_add_worker)
2026-04-25 10:12:34 [387270] [1] DEBUG: Thread 1 (gw/dlr.c:dlr_add_worker) terminates.
2026-04-25 10:12:34 [387270] [5] DEBUG: Thread 5 (gw/dlr.c:dlr_add_worker) terminates.
2026-04-25 10:12:34 [387270] [6] DEBUG: Thread 6 (gw/dlr.c:dlr_add_worker) terminates.
2026-04-25 10:12:34 [387270] [3] DEBUG: Thread 3 (gw/dlr.c:dlr_add_worker) maps to pid 387270.
2026-04-25 10:12:34 [387270] [7] DEBUG: Thread 7 (gw/dlr.c:dlr_add_worker) maps to pid 387270.
2026-04-25 10:12:34 [387270] [2] DEBUG: Thread 2 (gw/dlr.c:dlr_add_worker) terminates.
2026-04-25 10:12:34 [387270] [8] DEBUG: Thread 8 (gw/dlr.c:dlr_add_worker) maps to pid 387270.
2026-04-25 10:12:34 [387270] [0] DEBUG: Started thread 10 (gw/dlr.c:dlr_add_worker)
2026-04-25 10:12:34 [387270] [0] DEBUG: Started thread 11 (gw/dlr.c:dlr_add_worker)
2026-04-25 10:12:34 [387270] [11] DEBUG: Thread 11 (gw/dlr.c:dlr_add_worker) maps to pid 387270.
2026-04-25 10:12:34 [387270] [0] DEBUG: Started thread 12 (gw/dlr.c:dlr_add_worker)
2026-04-25 10:12:34 [387270] [12] DEBUG: Thread 12 (gw/dlr.c:dlr_add_worker) maps to pid 387270.
2026-04-25 10:12:34 [387270] [0] DEBUG: Started thread 13 (gw/dlr.c:dlr_add_worker)
2026-04-25 10:12:34 [387270] [0] DEBUG: Started thread 14 (gw/dlr.c:dlr_add_worker)
2026-04-25 10:12:34 [387270] [0] DEBUG: Started thread 15 (gw/dlr.c:dlr_add_worker)
2026-04-25 10:12:34 [387270] [0] DEBUG: Started thread 16 (gw/dlr.c:dlr_add_worker)
2026-04-25 10:12:34 [387270] [7] DEBUG: Thread 7 (gw/dlr.c:dlr_add_worker) terminates.
2026-04-25 10:12:34 [387270] [0] DEBUG: Kannel bearerbox version `1.4.5'.
Build `Apr 24 2026 15:53:47', compiler `13.3.0'.
System Linux, release 6.17.0-20-generic, version #20~24.04.1-Ubuntu SMP PREEMPT_DYNAMIC Thu Mar 19 01:28:37 UTC 2, machine x86_64.
Hostname medali, IP 192.168.1.79.
Libxml version 2.13.9.
Using OpenSSL 3.0.18 30 Sep 2025.
Using hiredis API 1.2.0
Using native malloc.

2026-04-25 10:12:34 [387270] [11] DEBUG: Thread 11 (gw/dlr.c:dlr_add_worker) terminates.
2026-04-25 10:12:34 [387270] [3] DEBUG: Thread 3 (gw/dlr.c:dlr_add_worker) terminates.
2026-04-25 10:12:34 [387270] [12] DEBUG: Thread 12 (gw/dlr.c:dlr_add_worker) terminates.
2026-04-25 10:12:34 [387270] [8] DEBUG: Thread 8 (gw/dlr.c:dlr_add_worker) terminates.
2026-04-25 10:12:34 [387270] [13] DEBUG: Thread 13 (gw/dlr.c:dlr_add_worker) maps to pid 387270.
2026-04-25 10:12:34 [387270] [10] DEBUG: Thread 10 (gw/dlr.c:dlr_add_worker) maps to pid 387270.
2026-04-25 10:12:34 [387270] [13] DEBUG: Thread 13 (gw/dlr.c:dlr_add_worker) terminates.
2026-04-25 10:12:34 [387270] [9] DEBUG: Thread 9 (gw/dlr.c:dlr_add_worker) maps to pid 387270.
2026-04-25 10:12:34 [387270] [16] DEBUG: Thread 16 (gw/dlr.c:dlr_add_worker) maps to pid 387270.
2026-04-25 10:12:34 [387270] [15] DEBUG: Thread 15 (gw/dlr.c:dlr_add_worker) maps to pid 387270.
2026-04-25 10:12:34 [387270] [9] DEBUG: Thread 9 (gw/dlr.c:dlr_add_worker) terminates.
2026-04-25 10:12:34 [387270] [10] DEBUG: Thread 10 (gw/dlr.c:dlr_add_worker) terminates.
2026-04-25 10:12:34 [387270] [14] DEBUG: Thread 14 (gw/dlr.c:dlr_add_worker) maps to pid 387270.
2026-04-25 10:12:34 [387270] [16] DEBUG: Thread 16 (gw/dlr.c:dlr_add_worker) terminates.
2026-04-25 10:12:34 [387270] [0] INFO: HTTP: Opening server at port 13000.
2026-04-25 10:12:34 [387270] [15] DEBUG: Thread 15 (gw/dlr.c:dlr_add_worker) terminates.
2026-04-25 10:12:34 [387270] [14] DEBUG: Thread 14 (gw/dlr.c:dlr_add_worker) terminates.
2026-04-25 10:12:34 [387270] [0] DEBUG: Started thread 17 (gwlib/fdset.c:poller)
2026-04-25 10:12:34 [387270] [17] DEBUG: Thread 17 (gwlib/fdset.c:poller) maps to pid 387270.
2026-04-25 10:12:34 [387270] [0] DEBUG: Started thread 18 (gwlib/http.c:server_thread)
2026-04-25 10:12:34 [387270] [18] DEBUG: Thread 18 (gwlib/http.c:server_thread) maps to pid 387270.
2026-04-25 10:12:34 [387270] [18] DEBUG: HTTP: Including port 13000, fd 8 for polling in server thread
2026-04-25 10:12:34 [387270] [0] DEBUG: Started thread 19 (gw/bb_http.c:httpadmin_run)
2026-04-25 10:12:34 [387270] [19] DEBUG: Thread 19 (gw/bb_http.c:httpadmin_run) maps to pid 387270.
2026-04-25 10:12:34 [387270] [0] DEBUG: starting smsbox connection module
2026-04-25 10:12:34 [387270] [0] INFO: BOXC: 'smsbox-max-pending' not set, using default (4096).
2026-04-25 10:12:34 [387270] [0] DEBUG: Started thread 20 (gw/bb_boxc.c:sms_to_smsboxes)
2026-04-25 10:12:34 [387270] [20] DEBUG: Thread 20 (gw/bb_boxc.c:sms_to_smsboxes) maps to pid 387270.
2026-04-25 10:12:34 [387270] [0] DEBUG: Started thread 21 (gw/bb_boxc.c:sms_to_smsboxes)
2026-04-25 10:12:34 [387270] [0] DEBUG: Started thread 22 (gw/bb_boxc.c:sms_to_smsboxes)
2026-04-25 10:12:34 [387270] [0] DEBUG: Started thread 23 (gw/bb_boxc.c:sms_to_smsboxes)
2026-04-25 10:12:34 [387270] [23] DEBUG: Thread 23 (gw/bb_boxc.c:sms_to_smsboxes) maps to pid 387270.
2026-04-25 10:12:34 [387270] [21] DEBUG: Thread 21 (gw/bb_boxc.c:sms_to_smsboxes) maps to pid 387270.
2026-04-25 10:12:34 [387270] [0] DEBUG: Started thread 24 (gw/bb_boxc.c:smsboxc_run)
2026-04-25 10:12:34 [387270] [22] DEBUG: Thread 22 (gw/bb_boxc.c:sms_to_smsboxes) maps to pid 387270.
2026-04-25 10:12:34 [387270] [24] DEBUG: Thread 24 (gw/bb_boxc.c:smsboxc_run) maps to pid 387270.
2026-04-25 10:12:34 [387270] [0] INFO: Set SMS resend frequency to 60 seconds.
2026-04-25 10:12:34 [387270] [0] INFO: SMS resend retry set to unlimited.
2026-04-25 10:12:34 [387270] [0] DEBUG: MO concatenated message handling enabled
2026-04-25 10:12:34 [387270] [0] INFO: DLR rerouting for smsc id <FAKE> disabled.
2026-04-25 10:12:34 [387270] [0] DEBUG: Started thread 25 (gw/smsc/smsc_fake.c:fake_listener)
2026-04-25 10:12:34 [387270] [25] DEBUG: Thread 25 (gw/smsc/smsc_fake.c:fake_listener) maps to pid 387270.
2026-04-25 10:12:34 [387270] [0] DEBUG: Started thread 26 (gw/bb_smscconn.c:sms_router)
2026-04-25 10:12:34 [387270] [0] INFO: ----------------------------------------
2026-04-25 10:12:34 [387270] [0] INFO: Kannel bearerbox II version 1.4.5 starting
2026-04-25 10:12:34 [387270] [26] DEBUG: Thread 26 (gw/bb_smscconn.c:sms_router) maps to pid 387270.
2026-04-25 10:12:34 [387270] [0] INFO: MAIN: Start-up done, entering mainloop
2026-04-25 10:12:34 [387270] [0] DEBUG: smsc_fake: start called
2026-04-25 10:14:24 [387270] [18] DEBUG: HTTP: Creating HTTPClient for `127.0.0.1'.
2026-04-25 10:14:24 [387270] [18] DEBUG: HTTP: Created HTTPClient area 0x7cc9d0000d80.
2026-04-25 10:14:24 [387270] [19] DEBUG: HTTP: Resetting HTTPClient for `127.0.0.1'.
2026-04-25 10:14:24 [387270] [17] DEBUG: HTTP: Destroying HTTPClient area 0x7cc9d0000d80.
2026-04-25 10:14:24 [387270] [17] DEBUG: HTTP: Destroying HTTPClient for `127.0.0.1'.
2026-04-25 10:15:32 [387270] [18] DEBUG: HTTP: Creating HTTPClient for `127.0.0.1'.
2026-04-25 10:15:32 [387270] [18] DEBUG: HTTP: Created HTTPClient area 0x7cc9d0001020.
2026-04-25 10:15:32 [387270] [19] DEBUG: HTTP: Resetting HTTPClient for `127.0.0.1'.
2026-04-25 10:15:32 [387270] [17] DEBUG: HTTP: Destroying HTTPClient area 0x7cc9d0001020.
2026-04-25 10:15:32 [387270] [17] DEBUG: HTTP: Destroying HTTPClient for `127.0.0.1'.
2026-04-25 10:15:52 [387270] [18] DEBUG: HTTP: Creating HTTPClient for `127.0.0.1'.
2026-04-25 10:15:52 [387270] [18] DEBUG: HTTP: Created HTTPClient area 0x7cc9d0001280.
2026-04-25 10:15:52 [387270] [19] DEBUG: HTTP: Resetting HTTPClient for `127.0.0.1'.
2026-04-25 10:15:52 [387270] [17] DEBUG: HTTP: Destroying HTTPClient area 0x7cc9d0001280.
2026-04-25 10:15:52 [387270] [17] DEBUG: HTTP: Destroying HTTPClient for `127.0.0.1'.
2026-04-25 10:16:19 [387270] [18] DEBUG: HTTP: Creating HTTPClient for `127.0.0.1'.
2026-04-25 10:16:19 [387270] [18] DEBUG: HTTP: Created HTTPClient area 0x7cc9d0001430.
2026-04-25 10:16:19 [387270] [19] DEBUG: HTTP: Resetting HTTPClient for `127.0.0.1'.
2026-04-25 10:16:19 [387270] [17] DEBUG: HTTP: Destroying HTTPClient area 0x7cc9d0001430.
2026-04-25 10:16:19 [387270] [17] DEBUG: HTTP: Destroying HTTPClient for `127.0.0.1'.
2026-04-25 10:25:17 [387270] [18] DEBUG: HTTP: Creating HTTPClient for `127.0.0.1'.
2026-04-25 10:25:17 [387270] [18] DEBUG: HTTP: Created HTTPClient area 0x7cc9d0001580.
2026-04-25 10:25:17 [387270] [19] DEBUG: HTTP: Resetting HTTPClient for `127.0.0.1'.
2026-04-25 10:26:17 [387270] [17] DEBUG: Timeout for fd:30 appears.
2026-04-25 10:26:17 [387270] [17] DEBUG: HTTP: Destroying HTTPClient area 0x7cc9d0001580.
2026-04-25 10:26:17 [387270] [17] DEBUG: HTTP: Destroying HTTPClient for `127.0.0.1'.
2026-04-25 11:10:15 [387270] [18] DEBUG: HTTP: Creating HTTPClient for `127.0.0.1'.
2026-04-25 11:10:15 [387270] [18] DEBUG: HTTP: Created HTTPClient area 0x7cc9d00016b0.
2026-04-25 11:10:15 [387270] [19] DEBUG: HTTP: Resetting HTTPClient for `127.0.0.1'.
2026-04-25 11:11:15 [387270] [17] DEBUG: Timeout for fd:30 appears.
2026-04-25 11:11:15 [387270] [17] DEBUG: HTTP: Destroying HTTPClient area 0x7cc9d00016b0.
2026-04-25 11:11:15 [387270] [17] DEBUG: HTTP: Destroying HTTPClient for `127.0.0.1'.
2026-04-25 11:12:32 [387270] [26] DEBUG: clear_old_concat_parts called
2026-04-25 12:05:56 [387270] [24] INFO: Client connected from <127.0.0.1> 
2026-04-25 12:05:56 [387270] [24] DEBUG: Started thread 27 (gw/bb_boxc.c:function)
2026-04-25 12:05:56 [387270] [27] DEBUG: Thread 27 (gw/bb_boxc.c:function) maps to pid 387270.
2026-04-25 12:05:56 [387270] [27] DEBUG: Started thread 28 (gw/bb_boxc.c:boxc_sender)
2026-04-25 12:05:56 [387270] [28] DEBUG: Thread 28 (gw/bb_boxc.c:boxc_sender) maps to pid 387270.
2026-04-25 12:06:10 [387270] [18] DEBUG: HTTP: Creating HTTPClient for `127.0.0.1'.
2026-04-25 12:06:10 [387270] [18] DEBUG: HTTP: Created HTTPClient area 0x7cc9d0001830.
2026-04-25 12:06:10 [387270] [19] DEBUG: HTTP: Resetting HTTPClient for `127.0.0.1'.
2026-04-25 12:06:11 [387270] [19] DEBUG: HTTP: Resetting HTTPClient for `127.0.0.1'.
2026-04-25 12:06:33 [387270] [19] DEBUG: HTTP: Resetting HTTPClient for `127.0.0.1'.
2026-04-25 12:06:36 [387270] [19] DEBUG: HTTP: Resetting HTTPClient for `127.0.0.1'.
2026-04-25 12:07:36 [387270] [17] DEBUG: Timeout for fd:35 appears.
2026-04-25 12:07:36 [387270] [17] DEBUG: HTTP: Destroying HTTPClient area 0x7cc9d0001830.
2026-04-25 12:07:36 [387270] [17] DEBUG: HTTP: Destroying HTTPClient for `127.0.0.1'.
2026-04-25 12:12:30 [387270] [26] DEBUG: clear_old_concat_parts called
2026-04-25 12:12:33 [387270] [27] DEBUG: boxc_receiver: sms received
2026-04-25 12:12:33 [387270] [27] DEBUG: send_msg: sending msg to box: <127.0.0.1>
2026-04-25 12:12:33 [387270] [26] DEBUG: sms_router: handling message (0x7cc9c0011350 vs 0x7cc9c0011350)
2026-04-25 12:12:33 [387270] [26] DEBUG: Routing failed, re-queued.
2026-04-25 12:12:33 [387270] [26] DEBUG: sms_router: handling message (0x7cc9c0011350 vs 0x7cc9c0011350)
2026-04-25 12:12:33 [387270] [26] DEBUG: Routing failed, re-queued.
2026-04-25 12:12:33 [387270] [26] DEBUG: sms_router: time to sleep 30.00 secs.
2026-04-25 12:12:33 [387270] [26] DEBUG: sms_router: gwlist_len = 1
2026-04-25 12:12:33 [387270] [26] DEBUG: sms_router: handling message (0x7cc9c0011350 vs 0x7cc9c0011350)
2026-04-25 12:12:33 [387270] [26] DEBUG: Routing failed, re-queued.
2026-04-25 12:12:33 [387270] [26] DEBUG: sms_router: handling message (0x7cc9c0011350 vs 0x7cc9c0011350)
2026-04-25 12:12:33 [387270] [26] DEBUG: Routing failed, re-queued.
2026-04-25 12:12:33 [387270] [26] DEBUG: sms_router: time to sleep 30.00 secs.
2026-04-25 12:12:59 [387270] [18] DEBUG: HTTP: Creating HTTPClient for `127.0.0.1'.
2026-04-25 12:12:59 [387270] [18] DEBUG: HTTP: Created HTTPClient area 0x7cc9d0001830.
2026-04-25 12:12:59 [387270] [19] DEBUG: HTTP: Resetting HTTPClient for `127.0.0.1'.
2026-04-25 12:13:03 [387270] [26] DEBUG: sms_router: gwlist_len = 1
2026-04-25 12:13:03 [387270] [26] DEBUG: sms_router: handling message (0x7cc9c0011350 vs 0x7cc9c0011350)
2026-04-25 12:13:03 [387270] [26] DEBUG: Routing failed, re-queued.
2026-04-25 12:13:03 [387270] [26] DEBUG: sms_router: handling message (0x7cc9c0011350 vs 0x7cc9c0011350)
2026-04-25 12:13:03 [387270] [26] DEBUG: Routing failed, re-queued.
2026-04-25 12:13:03 [387270] [26] DEBUG: sms_router: time to sleep 30.00 secs.
2026-04-25 12:13:33 [387270] [26] DEBUG: sms_router: gwlist_len = 1
2026-04-25 12:13:33 [387270] [26] DEBUG: sms_router: handling message (0x7cc9c0011350 vs 0x7cc9c0011350)
2026-04-25 12:13:33 [387270] [26] DEBUG: Routing failed, re-queued.
2026-04-25 12:13:33 [387270] [26] DEBUG: sms_router: handling message (0x7cc9c0011350 vs 0x7cc9c0011350)
2026-04-25 12:13:33 [387270] [26] DEBUG: Routing failed, re-queued.
2026-04-25 12:13:33 [387270] [26] DEBUG: sms_router: time to sleep 30.00 secs.
2026-04-25 12:13:59 [387270] [17] DEBUG: Timeout for fd:35 appears.
2026-04-25 12:13:59 [387270] [17] DEBUG: HTTP: Destroying HTTPClient area 0x7cc9d0001830.
2026-04-25 12:13:59 [387270] [17] DEBUG: HTTP: Destroying HTTPClient for `127.0.0.1'.
2026-04-25 12:14:03 [387270] [26] DEBUG: sms_router: gwlist_len = 1
2026-04-25 12:14:03 [387270] [26] DEBUG: sms_router: handling message (0x7cc9c0011350 vs 0x7cc9c0011350)
2026-04-25 12:14:03 [387270] [26] DEBUG: Routing failed, re-queued.
2026-04-25 12:14:03 [387270] [26] DEBUG: sms_router: handling message (0x7cc9c0011350 vs 0x7cc9c0011350)
2026-04-25 12:14:03 [387270] [26] DEBUG: Routing failed, re-queued.
2026-04-25 12:14:03 [387270] [26] DEBUG: sms_router: time to sleep 30.00 secs.
2026-04-25 12:14:33 [387270] [26] DEBUG: sms_router: gwlist_len = 1
2026-04-25 12:14:33 [387270] [26] DEBUG: sms_router: handling message (0x7cc9c0011350 vs 0x7cc9c0011350)
2026-04-25 12:14:33 [387270] [26] DEBUG: Routing failed, re-queued.
2026-04-25 12:14:33 [387270] [26] DEBUG: sms_router: handling message (0x7cc9c0011350 vs 0x7cc9c0011350)
2026-04-25 12:14:33 [387270] [26] DEBUG: Routing failed, re-queued.
2026-04-25 12:14:33 [387270] [26] DEBUG: sms_router: time to sleep 30.00 secs.
2026-04-25 12:15:03 [387270] [26] DEBUG: sms_router: gwlist_len = 1
2026-04-25 12:15:03 [387270] [26] DEBUG: sms_router: handling message (0x7cc9c0011350 vs 0x7cc9c0011350)
2026-04-25 12:15:03 [387270] [26] DEBUG: Routing failed, re-queued.
2026-04-25 12:15:03 [387270] [26] DEBUG: sms_router: handling message (0x7cc9c0011350 vs 0x7cc9c0011350)
2026-04-25 12:15:03 [387270] [26] DEBUG: Routing failed, re-queued.
2026-04-25 12:15:03 [387270] [26] DEBUG: sms_router: time to sleep 30.00 secs.
2026-04-25 12:15:33 [387270] [26] DEBUG: sms_router: gwlist_len = 1
2026-04-25 12:15:33 [387270] [26] DEBUG: sms_router: handling message (0x7cc9c0011350 vs 0x7cc9c0011350)
2026-04-25 12:15:33 [387270] [26] DEBUG: Routing failed, re-queued.
2026-04-25 12:15:33 [387270] [26] DEBUG: sms_router: handling message (0x7cc9c0011350 vs 0x7cc9c0011350)
2026-04-25 12:15:33 [387270] [26] DEBUG: Routing failed, re-queued.
2026-04-25 12:15:33 [387270] [26] DEBUG: sms_router: time to sleep 30.00 secs.
2026-04-25 12:16:03 [387270] [26] DEBUG: sms_router: gwlist_len = 1
2026-04-25 12:16:03 [387270] [26] DEBUG: sms_router: handling message (0x7cc9c0011350 vs 0x7cc9c0011350)
2026-04-25 12:16:03 [387270] [26] DEBUG: Routing failed, re-queued.
2026-04-25 12:16:03 [387270] [26] DEBUG: sms_router: handling message (0x7cc9c0011350 vs 0x7cc9c0011350)
2026-04-25 12:16:03 [387270] [26] DEBUG: Routing failed, re-queued.
2026-04-25 12:16:03 [387270] [26] DEBUG: sms_router: time to sleep 30.00 secs.
2026-04-25 12:16:27 [387270] [18] DEBUG: HTTP: Creating HTTPClient for `127.0.0.1'.
2026-04-25 12:16:27 [387270] [18] DEBUG: HTTP: Created HTTPClient area 0x7cc9d0001830.
2026-04-25 12:16:27 [387270] [19] DEBUG: HTTP: Resetting HTTPClient for `127.0.0.1'.
2026-04-25 12:16:28 [387270] [19] DEBUG: HTTP: Resetting HTTPClient for `127.0.0.1'.
2026-04-25 12:16:28 [387270] [19] DEBUG: HTTP: Resetting HTTPClient for `127.0.0.1'.
2026-04-25 12:16:28 [387270] [19] DEBUG: HTTP: Resetting HTTPClient for `127.0.0.1'.
2026-04-25 12:16:28 [387270] [19] DEBUG: HTTP: Resetting HTTPClient for `127.0.0.1'.
2026-04-25 12:16:28 [387270] [19] DEBUG: HTTP: Resetting HTTPClient for `127.0.0.1'.
2026-04-25 12:16:29 [387270] [19] DEBUG: HTTP: Resetting HTTPClient for `127.0.0.1'.
2026-04-25 12:16:29 [387270] [19] DEBUG: HTTP: Resetting HTTPClient for `127.0.0.1'.
2026-04-25 12:16:29 [387270] [19] DEBUG: HTTP: Resetting HTTPClient for `127.0.0.1'.
2026-04-25 12:16:29 [387270] [19] DEBUG: HTTP: Resetting HTTPClient for `127.0.0.1'.
2026-04-25 12:16:30 [387270] [19] DEBUG: HTTP: Resetting HTTPClient for `127.0.0.1'.
2026-04-25 12:16:33 [387270] [26] DEBUG: sms_router: gwlist_len = 1
2026-04-25 12:16:33 [387270] [26] DEBUG: sms_router: handling message (0x7cc9c0011350 vs 0x7cc9c0011350)
2026-04-25 12:16:33 [387270] [26] DEBUG: Routing failed, re-queued.
2026-04-25 12:16:33 [387270] [26] DEBUG: sms_router: handling message (0x7cc9c0011350 vs 0x7cc9c0011350)
2026-04-25 12:16:33 [387270] [26] DEBUG: Routing failed, re-queued.
2026-04-25 12:16:33 [387270] [26] DEBUG: sms_router: time to sleep 30.00 secs.
2026-04-25 12:17:03 [387270] [26] DEBUG: sms_router: gwlist_len = 1
2026-04-25 12:17:03 [387270] [26] DEBUG: sms_router: handling message (0x7cc9c0011350 vs 0x7cc9c0011350)
2026-04-25 12:17:03 [387270] [26] DEBUG: Routing failed, re-queued.
2026-04-25 12:17:03 [387270] [26] DEBUG: sms_router: handling message (0x7cc9c0011350 vs 0x7cc9c0011350)
2026-04-25 12:17:03 [387270] [26] DEBUG: Routing failed, re-queued.
2026-04-25 12:17:03 [387270] [26] DEBUG: sms_router: time to sleep 30.00 secs.
2026-04-25 12:17:30 [387270] [17] DEBUG: Timeout for fd:35 appears.
2026-04-25 12:17:30 [387270] [17] DEBUG: HTTP: Destroying HTTPClient area 0x7cc9d0001830.
2026-04-25 12:17:30 [387270] [17] DEBUG: HTTP: Destroying HTTPClient for `127.0.0.1'.
2026-04-25 12:17:33 [387270] [26] DEBUG: sms_router: gwlist_len = 1
2026-04-25 12:17:33 [387270] [26] DEBUG: sms_router: handling message (0x7cc9c0011350 vs 0x7cc9c0011350)
2026-04-25 12:17:33 [387270] [26] DEBUG: Routing failed, re-queued.
2026-04-25 12:17:33 [387270] [26] DEBUG: sms_router: handling message (0x7cc9c0011350 vs 0x7cc9c0011350)
2026-04-25 12:17:33 [387270] [26] DEBUG: Routing failed, re-queued.
2026-04-25 12:17:33 [387270] [26] DEBUG: sms_router: time to sleep 30.00 secs.
2026-04-25 12:18:03 [387270] [26] DEBUG: sms_router: gwlist_len = 1
2026-04-25 12:18:03 [387270] [26] DEBUG: sms_router: handling message (0x7cc9c0011350 vs 0x7cc9c0011350)
2026-04-25 12:18:03 [387270] [26] DEBUG: Routing failed, re-queued.
2026-04-25 12:18:03 [387270] [26] DEBUG: sms_router: handling message (0x7cc9c0011350 vs 0x7cc9c0011350)
2026-04-25 12:18:03 [387270] [26] DEBUG: Routing failed, re-queued.
2026-04-25 12:18:03 [387270] [26] DEBUG: sms_router: time to sleep 30.00 secs.
2026-04-25 12:18:33 [387270] [26] DEBUG: sms_router: gwlist_len = 1
2026-04-25 12:18:33 [387270] [26] DEBUG: sms_router: handling message (0x7cc9c0011350 vs 0x7cc9c0011350)
2026-04-25 12:18:33 [387270] [26] DEBUG: Routing failed, re-queued.
2026-04-25 12:18:33 [387270] [26] DEBUG: sms_router: handling message (0x7cc9c0011350 vs 0x7cc9c0011350)
2026-04-25 12:18:33 [387270] [26] DEBUG: Routing failed, re-queued.
2026-04-25 12:18:33 [387270] [26] DEBUG: sms_router: time to sleep 30.00 secs.
2026-04-25 12:19:03 [387270] [26] DEBUG: sms_router: gwlist_len = 1
2026-04-25 12:19:03 [387270] [26] DEBUG: sms_router: handling message (0x7cc9c0011350 vs 0x7cc9c0011350)
2026-04-25 12:19:03 [387270] [26] DEBUG: Routing failed, re-queued.
2026-04-25 12:19:03 [387270] [26] DEBUG: sms_router: handling message (0x7cc9c0011350 vs 0x7cc9c0011350)
2026-04-25 12:19:03 [387270] [26] DEBUG: Routing failed, re-queued.
2026-04-25 12:19:03 [387270] [26] DEBUG: sms_router: time to sleep 30.00 secs.
2026-04-25 12:19:33 [387270] [26] DEBUG: sms_router: gwlist_len = 1
2026-04-25 12:19:33 [387270] [26] DEBUG: sms_router: handling message (0x7cc9c0011350 vs 0x7cc9c0011350)
2026-04-25 12:19:33 [387270] [26] DEBUG: Routing failed, re-queued.
2026-04-25 12:19:33 [387270] [26] DEBUG: sms_router: handling message (0x7cc9c0011350 vs 0x7cc9c0011350)
2026-04-25 12:19:33 [387270] [26] DEBUG: Routing failed, re-queued.
2026-04-25 12:19:33 [387270] [26] DEBUG: sms_router: time to sleep 30.00 secs.
2026-04-25 12:20:03 [387270] [26] DEBUG: sms_router: gwlist_len = 1
2026-04-25 12:20:03 [387270] [26] DEBUG: sms_router: handling message (0x7cc9c0011350 vs 0x7cc9c0011350)
2026-04-25 12:20:03 [387270] [26] DEBUG: Routing failed, re-queued.
2026-04-25 12:20:03 [387270] [26] DEBUG: sms_router: handling message (0x7cc9c0011350 vs 0x7cc9c0011350)
2026-04-25 12:20:03 [387270] [26] DEBUG: Routing failed, re-queued.
2026-04-25 12:20:03 [387270] [26] DEBUG: sms_router: time to sleep 30.00 secs.
2026-04-25 12:20:33 [387270] [26] DEBUG: sms_router: gwlist_len = 1
2026-04-25 12:20:33 [387270] [26] DEBUG: sms_router: handling message (0x7cc9c0011350 vs 0x7cc9c0011350)
2026-04-25 12:20:33 [387270] [26] DEBUG: Routing failed, re-queued.
2026-04-25 12:20:33 [387270] [26] DEBUG: sms_router: handling message (0x7cc9c0011350 vs 0x7cc9c0011350)
2026-04-25 12:20:33 [387270] [26] DEBUG: Routing failed, re-queued.
2026-04-25 12:20:33 [387270] [26] DEBUG: sms_router: time to sleep 30.00 secs.
2026-04-25 12:21:03 [387270] [26] DEBUG: sms_router: gwlist_len = 1
2026-04-25 12:21:03 [387270] [26] DEBUG: sms_router: handling message (0x7cc9c0011350 vs 0x7cc9c0011350)
2026-04-25 12:21:03 [387270] [26] DEBUG: Routing failed, re-queued.
2026-04-25 12:21:03 [387270] [26] DEBUG: sms_router: handling message (0x7cc9c0011350 vs 0x7cc9c0011350)
2026-04-25 12:21:03 [387270] [26] DEBUG: Routing failed, re-queued.
2026-04-25 12:21:03 [387270] [26] DEBUG: sms_router: time to sleep 30.00 secs.
2026-04-25 12:21:33 [387270] [26] DEBUG: sms_router: gwlist_len = 1
2026-04-25 12:21:33 [387270] [26] DEBUG: sms_router: handling message (0x7cc9c0011350 vs 0x7cc9c0011350)
2026-04-25 12:21:33 [387270] [26] DEBUG: Routing failed, re-queued.
2026-04-25 12:21:33 [387270] [26] DEBUG: sms_router: handling message (0x7cc9c0011350 vs 0x7cc9c0011350)
2026-04-25 12:21:33 [387270] [26] DEBUG: Routing failed, re-queued.
2026-04-25 12:21:33 [387270] [26] DEBUG: sms_router: time to sleep 30.00 secs.
2026-04-25 12:22:03 [387270] [26] DEBUG: sms_router: gwlist_len = 1
2026-04-25 12:22:03 [387270] [26] DEBUG: sms_router: handling message (0x7cc9c0011350 vs 0x7cc9c0011350)
2026-04-25 12:22:03 [387270] [26] DEBUG: Routing failed, re-queued.
2026-04-25 12:22:03 [387270] [26] DEBUG: sms_router: handling message (0x7cc9c0011350 vs 0x7cc9c0011350)
2026-04-25 12:22:03 [387270] [26] DEBUG: Routing failed, re-queued.
2026-04-25 12:22:03 [387270] [26] DEBUG: sms_router: time to sleep 30.00 secs.
2026-04-25 12:22:33 [387270] [26] DEBUG: sms_router: gwlist_len = 1
2026-04-25 12:22:33 [387270] [26] DEBUG: sms_router: handling message (0x7cc9c0011350 vs 0x7cc9c0011350)
2026-04-25 12:22:33 [387270] [26] DEBUG: Routing failed, re-queued.
2026-04-25 12:22:33 [387270] [26] DEBUG: sms_router: handling message (0x7cc9c0011350 vs 0x7cc9c0011350)
2026-04-25 12:22:33 [387270] [26] DEBUG: Routing failed, re-queued.
2026-04-25 12:22:33 [387270] [26] DEBUG: sms_router: time to sleep 30.00 secs.
2026-04-25 12:23:03 [387270] [26] DEBUG: sms_router: gwlist_len = 1
2026-04-25 12:23:03 [387270] [26] DEBUG: sms_router: handling message (0x7cc9c0011350 vs 0x7cc9c0011350)
2026-04-25 12:23:03 [387270] [26] DEBUG: Routing failed, re-queued.
2026-04-25 12:23:03 [387270] [26] DEBUG: sms_router: handling message (0x7cc9c0011350 vs 0x7cc9c0011350)
2026-04-25 12:23:03 [387270] [26] DEBUG: Routing failed, re-queued.
2026-04-25 12:23:03 [387270] [26] DEBUG: sms_router: time to sleep 30.00 secs.
2026-04-25 12:23:33 [387270] [26] DEBUG: sms_router: gwlist_len = 1
2026-04-25 12:23:33 [387270] [26] DEBUG: sms_router: handling message (0x7cc9c0011350 vs 0x7cc9c0011350)
2026-04-25 12:23:33 [387270] [26] DEBUG: Routing failed, re-queued.
2026-04-25 12:23:33 [387270] [26] DEBUG: sms_router: handling message (0x7cc9c0011350 vs 0x7cc9c0011350)
2026-04-25 12:23:33 [387270] [26] DEBUG: Routing failed, re-queued.
2026-04-25 12:23:33 [387270] [26] DEBUG: sms_router: time to sleep 30.00 secs.
2026-04-25 12:24:03 [387270] [26] DEBUG: sms_router: gwlist_len = 1
2026-04-25 12:24:03 [387270] [26] DEBUG: sms_router: handling message (0x7cc9c0011350 vs 0x7cc9c0011350)
2026-04-25 12:24:03 [387270] [26] DEBUG: Routing failed, re-queued.
2026-04-25 12:24:03 [387270] [26] DEBUG: sms_router: handling message (0x7cc9c0011350 vs 0x7cc9c0011350)
2026-04-25 12:24:03 [387270] [26] DEBUG: Routing failed, re-queued.
2026-04-25 12:24:03 [387270] [26] DEBUG: sms_router: time to sleep 30.00 secs.
2026-04-25 12:24:33 [387270] [26] DEBUG: sms_router: gwlist_len = 1
2026-04-25 12:24:33 [387270] [26] DEBUG: sms_router: handling message (0x7cc9c0011350 vs 0x7cc9c0011350)
2026-04-25 12:24:33 [387270] [26] DEBUG: Routing failed, re-queued.
2026-04-25 12:24:33 [387270] [26] DEBUG: sms_router: handling message (0x7cc9c0011350 vs 0x7cc9c0011350)
2026-04-25 12:24:33 [387270] [26] DEBUG: Routing failed, re-queued.
2026-04-25 12:24:33 [387270] [26] DEBUG: sms_router: time to sleep 30.00 secs.
2026-04-25 12:25:03 [387270] [26] DEBUG: sms_router: gwlist_len = 1
2026-04-25 12:25:03 [387270] [26] DEBUG: sms_router: handling message (0x7cc9c0011350 vs 0x7cc9c0011350)
2026-04-25 12:25:03 [387270] [26] DEBUG: Routing failed, re-queued.
2026-04-25 12:25:03 [387270] [26] DEBUG: sms_router: handling message (0x7cc9c0011350 vs 0x7cc9c0011350)
2026-04-25 12:25:03 [387270] [26] DEBUG: Routing failed, re-queued.
2026-04-25 12:25:03 [387270] [26] DEBUG: sms_router: time to sleep 30.00 secs.
2026-04-25 12:25:33 [387270] [26] DEBUG: sms_router: gwlist_len = 1
2026-04-25 12:25:33 [387270] [26] DEBUG: sms_router: handling message (0x7cc9c0011350 vs 0x7cc9c0011350)
2026-04-25 12:25:33 [387270] [26] DEBUG: Routing failed, re-queued.
2026-04-25 12:25:33 [387270] [26] DEBUG: sms_router: handling message (0x7cc9c0011350 vs 0x7cc9c0011350)
2026-04-25 12:25:33 [387270] [26] DEBUG: Routing failed, re-queued.
2026-04-25 12:25:33 [387270] [26] DEBUG: sms_router: time to sleep 30.00 secs.
2026-04-25 12:26:03 [387270] [26] DEBUG: sms_router: gwlist_len = 1
2026-04-25 12:26:03 [387270] [26] DEBUG: sms_router: handling message (0x7cc9c0011350 vs 0x7cc9c0011350)
2026-04-25 12:26:03 [387270] [26] DEBUG: Routing failed, re-queued.
2026-04-25 12:26:03 [387270] [26] DEBUG: sms_router: handling message (0x7cc9c0011350 vs 0x7cc9c0011350)
2026-04-25 12:26:03 [387270] [26] DEBUG: Routing failed, re-queued.
2026-04-25 12:26:03 [387270] [26] DEBUG: sms_router: time to sleep 30.00 secs.
2026-04-25 12:26:33 [387270] [26] DEBUG: sms_router: gwlist_len = 1
2026-04-25 12:26:33 [387270] [26] DEBUG: sms_router: handling message (0x7cc9c0011350 vs 0x7cc9c0011350)
2026-04-25 12:26:33 [387270] [26] DEBUG: Routing failed, re-queued.
2026-04-25 12:26:33 [387270] [26] DEBUG: sms_router: handling message (0x7cc9c0011350 vs 0x7cc9c0011350)
2026-04-25 12:26:33 [387270] [26] DEBUG: Routing failed, re-queued.
2026-04-25 12:26:33 [387270] [26] DEBUG: sms_router: time to sleep 30.00 secs.
2026-04-25 12:27:03 [387270] [26] DEBUG: sms_router: gwlist_len = 1
2026-04-25 12:27:03 [387270] [26] DEBUG: sms_router: handling message (0x7cc9c0011350 vs 0x7cc9c0011350)
2026-04-25 12:27:03 [387270] [26] DEBUG: Routing failed, re-queued.
2026-04-25 12:27:03 [387270] [26] DEBUG: sms_router: handling message (0x7cc9c0011350 vs 0x7cc9c0011350)
2026-04-25 12:27:03 [387270] [26] DEBUG: Routing failed, re-queued.
2026-04-25 12:27:03 [387270] [26] DEBUG: sms_router: time to sleep 30.00 secs.
2026-04-25 12:27:33 [387270] [26] DEBUG: sms_router: gwlist_len = 1
2026-04-25 12:27:33 [387270] [26] DEBUG: sms_router: handling message (0x7cc9c0011350 vs 0x7cc9c0011350)
2026-04-25 12:27:33 [387270] [26] DEBUG: Routing failed, re-queued.
2026-04-25 12:27:33 [387270] [26] DEBUG: sms_router: handling message (0x7cc9c0011350 vs 0x7cc9c0011350)
2026-04-25 12:27:33 [387270] [26] DEBUG: Routing failed, re-queued.
2026-04-25 12:27:33 [387270] [26] DEBUG: sms_router: time to sleep 30.00 secs.
2026-04-25 12:28:03 [387270] [26] DEBUG: sms_router: gwlist_len = 1
2026-04-25 12:28:03 [387270] [26] DEBUG: sms_router: handling message (0x7cc9c0011350 vs 0x7cc9c0011350)
2026-04-25 12:28:03 [387270] [26] DEBUG: Routing failed, re-queued.
2026-04-25 12:28:03 [387270] [26] DEBUG: sms_router: handling message (0x7cc9c0011350 vs 0x7cc9c0011350)
2026-04-25 12:28:03 [387270] [26] DEBUG: Routing failed, re-queued.
2026-04-25 12:28:03 [387270] [26] DEBUG: sms_router: time to sleep 30.00 secs.
2026-04-25 12:28:34 [387270] [26] DEBUG: sms_router: gwlist_len = 1
2026-04-25 12:28:34 [387270] [26] DEBUG: sms_router: handling message (0x7cc9c0011350 vs 0x7cc9c0011350)
2026-04-25 12:28:34 [387270] [26] DEBUG: Routing failed, re-queued.
2026-04-25 12:28:34 [387270] [26] DEBUG: sms_router: handling message (0x7cc9c0011350 vs 0x7cc9c0011350)
2026-04-25 12:28:34 [387270] [26] DEBUG: Routing failed, re-queued.
2026-04-25 12:28:34 [387270] [26] DEBUG: sms_router: time to sleep 30.00 secs.
2026-04-25 12:29:04 [387270] [26] DEBUG: sms_router: gwlist_len = 1
2026-04-25 12:29:04 [387270] [26] DEBUG: sms_router: handling message (0x7cc9c0011350 vs 0x7cc9c0011350)
2026-04-25 12:29:04 [387270] [26] DEBUG: Routing failed, re-queued.
2026-04-25 12:29:04 [387270] [26] DEBUG: sms_router: handling message (0x7cc9c0011350 vs 0x7cc9c0011350)
2026-04-25 12:29:04 [387270] [26] DEBUG: Routing failed, re-queued.
2026-04-25 12:29:04 [387270] [26] DEBUG: sms_router: time to sleep 30.00 secs.
2026-04-25 12:29:34 [387270] [26] DEBUG: sms_router: gwlist_len = 1
2026-04-25 12:29:34 [387270] [26] DEBUG: sms_router: handling message (0x7cc9c0011350 vs 0x7cc9c0011350)
2026-04-25 12:29:34 [387270] [26] DEBUG: Routing failed, re-queued.
2026-04-25 12:29:34 [387270] [26] DEBUG: sms_router: handling message (0x7cc9c0011350 vs 0x7cc9c0011350)
2026-04-25 12:29:34 [387270] [26] DEBUG: Routing failed, re-queued.
2026-04-25 12:29:34 [387270] [26] DEBUG: sms_router: time to sleep 30.00 secs.
2026-04-25 12:30:04 [387270] [26] DEBUG: sms_router: gwlist_len = 1
2026-04-25 12:30:04 [387270] [26] DEBUG: sms_router: handling message (0x7cc9c0011350 vs 0x7cc9c0011350)
2026-04-25 12:30:04 [387270] [26] DEBUG: Routing failed, re-queued.
2026-04-25 12:30:04 [387270] [26] DEBUG: sms_router: handling message (0x7cc9c0011350 vs 0x7cc9c0011350)
2026-04-25 12:30:04 [387270] [26] DEBUG: Routing failed, re-queued.
2026-04-25 12:30:04 [387270] [26] DEBUG: sms_router: time to sleep 30.00 secs.
2026-04-25 12:30:34 [387270] [26] DEBUG: sms_router: gwlist_len = 1
2026-04-25 12:30:34 [387270] [26] DEBUG: sms_router: handling message (0x7cc9c0011350 vs 0x7cc9c0011350)
2026-04-25 12:30:34 [387270] [26] DEBUG: Routing failed, re-queued.
2026-04-25 12:30:34 [387270] [26] DEBUG: sms_router: handling message (0x7cc9c0011350 vs 0x7cc9c0011350)
2026-04-25 12:30:34 [387270] [26] DEBUG: Routing failed, re-queued.
2026-04-25 12:30:34 [387270] [26] DEBUG: sms_router: time to sleep 30.00 secs.
2026-04-25 12:31:04 [387270] [26] DEBUG: sms_router: gwlist_len = 1
2026-04-25 12:31:04 [387270] [26] DEBUG: sms_router: handling message (0x7cc9c0011350 vs 0x7cc9c0011350)
2026-04-25 12:31:04 [387270] [26] DEBUG: Routing failed, re-queued.
2026-04-25 12:31:04 [387270] [26] DEBUG: sms_router: handling message (0x7cc9c0011350 vs 0x7cc9c0011350)
2026-04-25 12:31:04 [387270] [26] DEBUG: Routing failed, re-queued.
2026-04-25 12:31:04 [387270] [26] DEBUG: sms_router: time to sleep 30.00 secs.
2026-04-25 12:31:34 [387270] [26] DEBUG: sms_router: gwlist_len = 1
2026-04-25 12:31:34 [387270] [26] DEBUG: sms_router: handling message (0x7cc9c0011350 vs 0x7cc9c0011350)
2026-04-25 12:31:34 [387270] [26] DEBUG: Routing failed, re-queued.
2026-04-25 12:31:34 [387270] [26] DEBUG: sms_router: handling message (0x7cc9c0011350 vs 0x7cc9c0011350)
2026-04-25 12:31:34 [387270] [26] DEBUG: Routing failed, re-queued.
2026-04-25 12:31:34 [387270] [26] DEBUG: sms_router: time to sleep 30.00 secs.
2026-04-25 12:32:04 [387270] [26] DEBUG: sms_router: gwlist_len = 1
2026-04-25 12:32:04 [387270] [26] DEBUG: sms_router: handling message (0x7cc9c0011350 vs 0x7cc9c0011350)
2026-04-25 12:32:04 [387270] [26] DEBUG: Routing failed, re-queued.
2026-04-25 12:32:04 [387270] [26] DEBUG: sms_router: handling message (0x7cc9c0011350 vs 0x7cc9c0011350)
2026-04-25 12:32:04 [387270] [26] DEBUG: Routing failed, re-queued.
2026-04-25 12:32:04 [387270] [26] DEBUG: sms_router: time to sleep 30.00 secs.
2026-04-25 12:32:34 [387270] [26] DEBUG: sms_router: gwlist_len = 1
2026-04-25 12:32:34 [387270] [26] DEBUG: sms_router: handling message (0x7cc9c0011350 vs 0x7cc9c0011350)
2026-04-25 12:32:34 [387270] [26] DEBUG: Routing failed, re-queued.
2026-04-25 12:32:34 [387270] [26] DEBUG: sms_router: handling message (0x7cc9c0011350 vs 0x7cc9c0011350)
2026-04-25 12:32:34 [387270] [26] DEBUG: Routing failed, re-queued.
2026-04-25 12:32:34 [387270] [26] DEBUG: sms_router: time to sleep 30.00 secs.
2026-04-25 12:33:04 [387270] [26] DEBUG: sms_router: gwlist_len = 1
2026-04-25 12:33:04 [387270] [26] DEBUG: sms_router: handling message (0x7cc9c0011350 vs 0x7cc9c0011350)
2026-04-25 12:33:04 [387270] [26] DEBUG: Routing failed, re-queued.
2026-04-25 12:33:04 [387270] [26] DEBUG: sms_router: handling message (0x7cc9c0011350 vs 0x7cc9c0011350)
2026-04-25 12:33:04 [387270] [26] DEBUG: Routing failed, re-queued.
2026-04-25 12:33:04 [387270] [26] DEBUG: sms_router: time to sleep 30.00 secs.
2026-04-25 12:33:34 [387270] [26] DEBUG: sms_router: gwlist_len = 1
2026-04-25 12:33:34 [387270] [26] DEBUG: sms_router: handling message (0x7cc9c0011350 vs 0x7cc9c0011350)
2026-04-25 12:33:34 [387270] [26] DEBUG: Routing failed, re-queued.
2026-04-25 12:33:34 [387270] [26] DEBUG: sms_router: handling message (0x7cc9c0011350 vs 0x7cc9c0011350)
2026-04-25 12:33:34 [387270] [26] DEBUG: Routing failed, re-queued.
2026-04-25 12:33:34 [387270] [26] DEBUG: sms_router: time to sleep 30.00 secs.
2026-04-25 12:34:04 [387270] [26] DEBUG: sms_router: gwlist_len = 1
2026-04-25 12:34:04 [387270] [26] DEBUG: sms_router: handling message (0x7cc9c0011350 vs 0x7cc9c0011350)
2026-04-25 12:34:04 [387270] [26] DEBUG: Routing failed, re-queued.
2026-04-25 12:34:04 [387270] [26] DEBUG: sms_router: handling message (0x7cc9c0011350 vs 0x7cc9c0011350)
2026-04-25 12:34:04 [387270] [26] DEBUG: Routing failed, re-queued.
2026-04-25 12:34:04 [387270] [26] DEBUG: sms_router: time to sleep 30.00 secs.
2026-04-25 12:34:34 [387270] [26] DEBUG: sms_router: gwlist_len = 1
2026-04-25 12:34:34 [387270] [26] DEBUG: sms_router: handling message (0x7cc9c0011350 vs 0x7cc9c0011350)
2026-04-25 12:34:34 [387270] [26] DEBUG: Routing failed, re-queued.
2026-04-25 12:34:34 [387270] [26] DEBUG: sms_router: handling message (0x7cc9c0011350 vs 0x7cc9c0011350)
2026-04-25 12:34:34 [387270] [26] DEBUG: Routing failed, re-queued.
2026-04-25 12:34:34 [387270] [26] DEBUG: sms_router: time to sleep 30.00 secs.
2026-04-25 12:35:04 [387270] [26] DEBUG: sms_router: gwlist_len = 1
2026-04-25 12:35:04 [387270] [26] DEBUG: sms_router: handling message (0x7cc9c0011350 vs 0x7cc9c0011350)
2026-04-25 12:35:04 [387270] [26] DEBUG: Routing failed, re-queued.
2026-04-25 12:35:04 [387270] [26] DEBUG: sms_router: handling message (0x7cc9c0011350 vs 0x7cc9c0011350)
2026-04-25 12:35:04 [387270] [26] DEBUG: Routing failed, re-queued.
2026-04-25 12:35:04 [387270] [26] DEBUG: sms_router: time to sleep 30.00 secs.
2026-04-25 12:35:34 [387270] [26] DEBUG: sms_router: gwlist_len = 1
2026-04-25 12:35:34 [387270] [26] DEBUG: sms_router: handling message (0x7cc9c0011350 vs 0x7cc9c0011350)
2026-04-25 12:35:34 [387270] [26] DEBUG: Routing failed, re-queued.
2026-04-25 12:35:34 [387270] [26] DEBUG: sms_router: handling message (0x7cc9c0011350 vs 0x7cc9c0011350)
2026-04-25 12:35:34 [387270] [26] DEBUG: Routing failed, re-queued.
2026-04-25 12:35:34 [387270] [26] DEBUG: sms_router: time to sleep 30.00 secs.
2026-04-25 12:36:04 [387270] [26] DEBUG: sms_router: gwlist_len = 1
2026-04-25 12:36:04 [387270] [26] DEBUG: sms_router: handling message (0x7cc9c0011350 vs 0x7cc9c0011350)
2026-04-25 12:36:04 [387270] [26] DEBUG: Routing failed, re-queued.
2026-04-25 12:36:04 [387270] [26] DEBUG: sms_router: handling message (0x7cc9c0011350 vs 0x7cc9c0011350)
2026-04-25 12:36:04 [387270] [26] DEBUG: Routing failed, re-queued.
2026-04-25 12:36:04 [387270] [26] DEBUG: sms_router: time to sleep 30.00 secs.
2026-04-25 12:36:34 [387270] [26] DEBUG: sms_router: gwlist_len = 1
2026-04-25 12:36:34 [387270] [26] DEBUG: sms_router: handling message (0x7cc9c0011350 vs 0x7cc9c0011350)
2026-04-25 12:36:34 [387270] [26] DEBUG: Routing failed, re-queued.
2026-04-25 12:36:34 [387270] [26] DEBUG: sms_router: handling message (0x7cc9c0011350 vs 0x7cc9c0011350)
2026-04-25 12:36:34 [387270] [26] DEBUG: Routing failed, re-queued.
2026-04-25 12:36:34 [387270] [26] DEBUG: sms_router: time to sleep 30.00 secs.
2026-04-25 12:37:04 [387270] [26] DEBUG: sms_router: gwlist_len = 1
2026-04-25 12:37:04 [387270] [26] DEBUG: sms_router: handling message (0x7cc9c0011350 vs 0x7cc9c0011350)
2026-04-25 12:37:04 [387270] [26] DEBUG: Routing failed, re-queued.
2026-04-25 12:37:04 [387270] [26] DEBUG: sms_router: handling message (0x7cc9c0011350 vs 0x7cc9c0011350)
2026-04-25 12:37:04 [387270] [26] DEBUG: Routing failed, re-queued.
2026-04-25 12:37:04 [387270] [26] DEBUG: sms_router: time to sleep 30.00 secs.
2026-04-25 12:37:34 [387270] [26] DEBUG: sms_router: gwlist_len = 1
2026-04-25 12:37:34 [387270] [26] DEBUG: sms_router: handling message (0x7cc9c0011350 vs 0x7cc9c0011350)
2026-04-25 12:37:34 [387270] [26] DEBUG: Routing failed, re-queued.
2026-04-25 12:37:34 [387270] [26] DEBUG: sms_router: handling message (0x7cc9c0011350 vs 0x7cc9c0011350)
2026-04-25 12:37:34 [387270] [26] DEBUG: Routing failed, re-queued.
2026-04-25 12:37:34 [387270] [26] DEBUG: sms_router: time to sleep 30.00 secs.
2026-04-25 12:38:04 [387270] [26] DEBUG: sms_router: gwlist_len = 1
2026-04-25 12:38:04 [387270] [26] DEBUG: sms_router: handling message (0x7cc9c0011350 vs 0x7cc9c0011350)
2026-04-25 12:38:04 [387270] [26] DEBUG: Routing failed, re-queued.
2026-04-25 12:38:04 [387270] [26] DEBUG: sms_router: handling message (0x7cc9c0011350 vs 0x7cc9c0011350)
2026-04-25 12:38:04 [387270] [26] DEBUG: Routing failed, re-queued.
2026-04-25 12:38:04 [387270] [26] DEBUG: sms_router: time to sleep 30.00 secs.
2026-04-25 12:38:06 [387270] [18] DEBUG: HTTP: Creating HTTPClient for `127.0.0.1'.
2026-04-25 12:38:06 [387270] [18] DEBUG: HTTP: Created HTTPClient area 0x7cc9d0001830.
2026-04-25 12:38:06 [387270] [19] DEBUG: HTTP: Resetting HTTPClient for `127.0.0.1'.
2026-04-25 12:38:07 [387270] [19] DEBUG: HTTP: Resetting HTTPClient for `127.0.0.1'.
2026-04-25 12:38:07 [387270] [19] DEBUG: HTTP: Resetting HTTPClient for `127.0.0.1'.
2026-04-25 12:38:34 [387270] [26] DEBUG: sms_router: gwlist_len = 1
2026-04-25 12:38:34 [387270] [26] DEBUG: sms_router: handling message (0x7cc9c0011350 vs 0x7cc9c0011350)
2026-04-25 12:38:34 [387270] [26] DEBUG: Routing failed, re-queued.
2026-04-25 12:38:34 [387270] [26] DEBUG: sms_router: handling message (0x7cc9c0011350 vs 0x7cc9c0011350)
2026-04-25 12:38:34 [387270] [26] DEBUG: Routing failed, re-queued.
2026-04-25 12:38:34 [387270] [26] DEBUG: sms_router: time to sleep 30.00 secs.
2026-04-25 12:39:04 [387270] [26] DEBUG: sms_router: gwlist_len = 1
2026-04-25 12:39:04 [387270] [26] DEBUG: sms_router: handling message (0x7cc9c0011350 vs 0x7cc9c0011350)
2026-04-25 12:39:04 [387270] [26] DEBUG: Routing failed, re-queued.
2026-04-25 12:39:04 [387270] [26] DEBUG: sms_router: handling message (0x7cc9c0011350 vs 0x7cc9c0011350)
2026-04-25 12:39:04 [387270] [26] DEBUG: Routing failed, re-queued.
2026-04-25 12:39:04 [387270] [26] DEBUG: sms_router: time to sleep 30.00 secs.
2026-04-25 12:39:07 [387270] [17] DEBUG: Timeout for fd:35 appears.
2026-04-25 12:39:07 [387270] [17] DEBUG: HTTP: Destroying HTTPClient area 0x7cc9d0001830.
2026-04-25 12:39:07 [387270] [17] DEBUG: HTTP: Destroying HTTPClient for `127.0.0.1'.
2026-04-25 12:39:34 [387270] [26] DEBUG: sms_router: gwlist_len = 1
2026-04-25 12:39:34 [387270] [26] DEBUG: sms_router: handling message (0x7cc9c0011350 vs 0x7cc9c0011350)
2026-04-25 12:39:34 [387270] [26] DEBUG: Routing failed, re-queued.
2026-04-25 12:39:34 [387270] [26] DEBUG: sms_router: handling message (0x7cc9c0011350 vs 0x7cc9c0011350)
2026-04-25 12:39:34 [387270] [26] DEBUG: Routing failed, re-queued.
2026-04-25 12:39:34 [387270] [26] DEBUG: sms_router: time to sleep 30.00 secs.
2026-04-25 12:40:04 [387270] [26] DEBUG: sms_router: gwlist_len = 1
2026-04-25 12:40:04 [387270] [26] DEBUG: sms_router: handling message (0x7cc9c0011350 vs 0x7cc9c0011350)
2026-04-25 12:40:04 [387270] [26] DEBUG: Routing failed, re-queued.
2026-04-25 12:40:04 [387270] [26] DEBUG: sms_router: handling message (0x7cc9c0011350 vs 0x7cc9c0011350)
2026-04-25 12:40:04 [387270] [26] DEBUG: Routing failed, re-queued.
2026-04-25 12:40:04 [387270] [26] DEBUG: sms_router: time to sleep 30.00 secs.
2026-04-25 12:40:34 [387270] [26] DEBUG: sms_router: gwlist_len = 1
2026-04-25 12:40:34 [387270] [26] DEBUG: sms_router: handling message (0x7cc9c0011350 vs 0x7cc9c0011350)
2026-04-25 12:40:34 [387270] [26] DEBUG: Routing failed, re-queued.
2026-04-25 12:40:34 [387270] [26] DEBUG: sms_router: handling message (0x7cc9c0011350 vs 0x7cc9c0011350)
2026-04-25 12:40:34 [387270] [26] DEBUG: Routing failed, re-queued.
2026-04-25 12:40:34 [387270] [26] DEBUG: sms_router: time to sleep 30.00 secs.
2026-04-25 12:41:04 [387270] [26] DEBUG: sms_router: gwlist_len = 1
2026-04-25 12:41:04 [387270] [26] DEBUG: sms_router: handling message (0x7cc9c0011350 vs 0x7cc9c0011350)
2026-04-25 12:41:04 [387270] [26] DEBUG: Routing failed, re-queued.
2026-04-25 12:41:04 [387270] [26] DEBUG: sms_router: handling message (0x7cc9c0011350 vs 0x7cc9c0011350)
2026-04-25 12:41:04 [387270] [26] DEBUG: Routing failed, re-queued.
2026-04-25 12:41:04 [387270] [26] DEBUG: sms_router: time to sleep 30.00 secs.
2026-04-25 12:41:34 [387270] [26] DEBUG: sms_router: gwlist_len = 1
2026-04-25 12:41:34 [387270] [26] DEBUG: sms_router: handling message (0x7cc9c0011350 vs 0x7cc9c0011350)
2026-04-25 12:41:34 [387270] [26] DEBUG: Routing failed, re-queued.
2026-04-25 12:41:34 [387270] [26] DEBUG: sms_router: handling message (0x7cc9c0011350 vs 0x7cc9c0011350)
2026-04-25 12:41:34 [387270] [26] DEBUG: Routing failed, re-queued.
2026-04-25 12:41:34 [387270] [26] DEBUG: sms_router: time to sleep 30.00 secs.
2026-04-25 12:42:04 [387270] [26] DEBUG: sms_router: gwlist_len = 1
2026-04-25 12:42:04 [387270] [26] DEBUG: sms_router: handling message (0x7cc9c0011350 vs 0x7cc9c0011350)
2026-04-25 12:42:04 [387270] [26] DEBUG: Routing failed, re-queued.
2026-04-25 12:42:04 [387270] [26] DEBUG: sms_router: handling message (0x7cc9c0011350 vs 0x7cc9c0011350)
2026-04-25 12:42:04 [387270] [26] DEBUG: Routing failed, re-queued.
2026-04-25 12:42:04 [387270] [26] DEBUG: sms_router: time to sleep 30.00 secs.
2026-04-25 12:42:34 [387270] [26] DEBUG: sms_router: gwlist_len = 1
2026-04-25 12:42:34 [387270] [26] DEBUG: clear_old_concat_parts called
2026-04-25 12:42:34 [387270] [26] DEBUG: sms_router: handling message (0x7cc9c0011350 vs 0x7cc9c0011350)
2026-04-25 12:42:34 [387270] [26] DEBUG: Routing failed, re-queued.
2026-04-25 12:42:34 [387270] [26] DEBUG: sms_router: handling message (0x7cc9c0011350 vs 0x7cc9c0011350)
2026-04-25 12:42:34 [387270] [26] DEBUG: Routing failed, re-queued.
2026-04-25 12:42:34 [387270] [26] DEBUG: sms_router: time to sleep 30.00 secs.
2026-04-25 12:43:04 [387270] [26] DEBUG: sms_router: gwlist_len = 1
2026-04-25 12:43:04 [387270] [26] DEBUG: sms_router: handling message (0x7cc9c0011350 vs 0x7cc9c0011350)
2026-04-25 12:43:04 [387270] [26] DEBUG: Routing failed, re-queued.
2026-04-25 12:43:04 [387270] [26] DEBUG: sms_router: handling message (0x7cc9c0011350 vs 0x7cc9c0011350)
2026-04-25 12:43:04 [387270] [26] DEBUG: Routing failed, re-queued.
2026-04-25 12:43:04 [387270] [26] DEBUG: sms_router: time to sleep 30.00 secs.
2026-04-25 12:43:34 [387270] [26] DEBUG: sms_router: gwlist_len = 1
2026-04-25 12:43:34 [387270] [26] DEBUG: sms_router: handling message (0x7cc9c0011350 vs 0x7cc9c0011350)
2026-04-25 12:43:34 [387270] [26] DEBUG: Routing failed, re-queued.
2026-04-25 12:43:34 [387270] [26] DEBUG: sms_router: handling message (0x7cc9c0011350 vs 0x7cc9c0011350)
2026-04-25 12:43:34 [387270] [26] DEBUG: Routing failed, re-queued.
2026-04-25 12:43:34 [387270] [26] DEBUG: sms_router: time to sleep 30.00 secs.
2026-04-25 12:44:04 [387270] [26] DEBUG: sms_router: gwlist_len = 1
2026-04-25 12:44:04 [387270] [26] DEBUG: sms_router: handling message (0x7cc9c0011350 vs 0x7cc9c0011350)
2026-04-25 12:44:04 [387270] [26] DEBUG: Routing failed, re-queued.
2026-04-25 12:44:04 [387270] [26] DEBUG: sms_router: handling message (0x7cc9c0011350 vs 0x7cc9c0011350)
2026-04-25 12:44:04 [387270] [26] DEBUG: Routing failed, re-queued.
2026-04-25 12:44:04 [387270] [26] DEBUG: sms_router: time to sleep 30.00 secs.
2026-04-25 12:44:34 [387270] [26] DEBUG: sms_router: gwlist_len = 1
2026-04-25 12:44:34 [387270] [26] DEBUG: sms_router: handling message (0x7cc9c0011350 vs 0x7cc9c0011350)
2026-04-25 12:44:34 [387270] [26] DEBUG: Routing failed, re-queued.
2026-04-25 12:44:34 [387270] [26] DEBUG: sms_router: handling message (0x7cc9c0011350 vs 0x7cc9c0011350)
2026-04-25 12:44:34 [387270] [26] DEBUG: Routing failed, re-queued.
2026-04-25 12:44:34 [387270] [26] DEBUG: sms_router: time to sleep 30.00 secs.
2026-04-25 12:45:04 [387270] [26] DEBUG: sms_router: gwlist_len = 1
2026-04-25 12:45:04 [387270] [26] DEBUG: sms_router: handling message (0x7cc9c0011350 vs 0x7cc9c0011350)
2026-04-25 12:45:04 [387270] [26] DEBUG: Routing failed, re-queued.
2026-04-25 12:45:04 [387270] [26] DEBUG: sms_router: handling message (0x7cc9c0011350 vs 0x7cc9c0011350)
2026-04-25 12:45:04 [387270] [26] DEBUG: Routing failed, re-queued.
2026-04-25 12:45:04 [387270] [26] DEBUG: sms_router: time to sleep 30.00 secs.
2026-04-25 12:45:34 [387270] [26] DEBUG: sms_router: gwlist_len = 1
2026-04-25 12:45:34 [387270] [26] DEBUG: sms_router: handling message (0x7cc9c0011350 vs 0x7cc9c0011350)
2026-04-25 12:45:34 [387270] [26] DEBUG: Routing failed, re-queued.
2026-04-25 12:45:34 [387270] [26] DEBUG: sms_router: handling message (0x7cc9c0011350 vs 0x7cc9c0011350)
2026-04-25 12:45:34 [387270] [26] DEBUG: Routing failed, re-queued.
2026-04-25 12:45:34 [387270] [26] DEBUG: sms_router: time to sleep 30.00 secs.
2026-04-25 12:46:04 [387270] [26] DEBUG: sms_router: gwlist_len = 1
2026-04-25 12:46:04 [387270] [26] DEBUG: sms_router: handling message (0x7cc9c0011350 vs 0x7cc9c0011350)
2026-04-25 12:46:04 [387270] [26] DEBUG: Routing failed, re-queued.
2026-04-25 12:46:04 [387270] [26] DEBUG: sms_router: handling message (0x7cc9c0011350 vs 0x7cc9c0011350)
2026-04-25 12:46:04 [387270] [26] DEBUG: Routing failed, re-queued.
2026-04-25 12:46:04 [387270] [26] DEBUG: sms_router: time to sleep 30.00 secs.
2026-04-25 12:46:34 [387270] [26] DEBUG: sms_router: gwlist_len = 1
2026-04-25 12:46:34 [387270] [26] DEBUG: sms_router: handling message (0x7cc9c0011350 vs 0x7cc9c0011350)
2026-04-25 12:46:34 [387270] [26] DEBUG: Routing failed, re-queued.
2026-04-25 12:46:34 [387270] [26] DEBUG: sms_router: handling message (0x7cc9c0011350 vs 0x7cc9c0011350)
2026-04-25 12:46:34 [387270] [26] DEBUG: Routing failed, re-queued.
2026-04-25 12:46:34 [387270] [26] DEBUG: sms_router: time to sleep 30.00 secs.
2026-04-25 12:47:04 [387270] [26] DEBUG: sms_router: gwlist_len = 1
2026-04-25 12:47:04 [387270] [26] DEBUG: sms_router: handling message (0x7cc9c0011350 vs 0x7cc9c0011350)
2026-04-25 12:47:04 [387270] [26] DEBUG: Routing failed, re-queued.
2026-04-25 12:47:04 [387270] [26] DEBUG: sms_router: handling message (0x7cc9c0011350 vs 0x7cc9c0011350)
2026-04-25 12:47:04 [387270] [26] DEBUG: Routing failed, re-queued.
2026-04-25 12:47:04 [387270] [26] DEBUG: sms_router: time to sleep 30.00 secs.
2026-04-25 12:47:34 [387270] [26] DEBUG: sms_router: gwlist_len = 1
2026-04-25 12:47:34 [387270] [26] DEBUG: sms_router: handling message (0x7cc9c0011350 vs 0x7cc9c0011350)
2026-04-25 12:47:34 [387270] [26] DEBUG: Routing failed, re-queued.
2026-04-25 12:47:34 [387270] [26] DEBUG: sms_router: handling message (0x7cc9c0011350 vs 0x7cc9c0011350)
2026-04-25 12:47:34 [387270] [26] DEBUG: Routing failed, re-queued.
2026-04-25 12:47:34 [387270] [26] DEBUG: sms_router: time to sleep 30.00 secs.
2026-04-25 12:48:04 [387270] [26] DEBUG: sms_router: gwlist_len = 1
2026-04-25 12:48:04 [387270] [26] DEBUG: sms_router: handling message (0x7cc9c0011350 vs 0x7cc9c0011350)
2026-04-25 12:48:04 [387270] [26] DEBUG: Routing failed, re-queued.
2026-04-25 12:48:04 [387270] [26] DEBUG: sms_router: handling message (0x7cc9c0011350 vs 0x7cc9c0011350)
2026-04-25 12:48:04 [387270] [26] DEBUG: Routing failed, re-queued.
2026-04-25 12:48:04 [387270] [26] DEBUG: sms_router: time to sleep 30.00 secs.
2026-04-25 23:38:40 [387270] [26] DEBUG: sms_router: gwlist_len = 1
2026-04-25 23:38:40 [387270] [26] DEBUG: clear_old_concat_parts called
2026-04-25 23:38:40 [387270] [26] DEBUG: sms_router: handling message (0x7cc9c0011350 vs 0x7cc9c0011350)
2026-04-25 23:38:40 [387270] [26] DEBUG: Routing failed, re-queued.
2026-04-25 23:38:40 [387270] [26] DEBUG: sms_router: handling message (0x7cc9c0011350 vs 0x7cc9c0011350)
2026-04-25 23:38:40 [387270] [26] DEBUG: Routing failed, re-queued.
2026-04-25 23:38:40 [387270] [26] DEBUG: sms_router: time to sleep 30.00 secs.
2026-04-25 23:39:10 [387270] [26] DEBUG: sms_router: gwlist_len = 1
2026-04-25 23:39:10 [387270] [26] DEBUG: sms_router: handling message (0x7cc9c0011350 vs 0x7cc9c0011350)
2026-04-25 23:39:10 [387270] [26] DEBUG: Routing failed, re-queued.
2026-04-25 23:39:10 [387270] [26] DEBUG: sms_router: handling message (0x7cc9c0011350 vs 0x7cc9c0011350)
2026-04-25 23:39:10 [387270] [26] DEBUG: Routing failed, re-queued.
2026-04-25 23:39:10 [387270] [26] DEBUG: sms_router: time to sleep 30.00 secs.
2026-04-25 23:39:40 [387270] [26] DEBUG: sms_router: gwlist_len = 1
2026-04-25 23:39:40 [387270] [26] DEBUG: sms_router: handling message (0x7cc9c0011350 vs 0x7cc9c0011350)
2026-04-25 23:39:40 [387270] [26] DEBUG: Routing failed, re-queued.
2026-04-25 23:39:40 [387270] [26] DEBUG: sms_router: handling message (0x7cc9c0011350 vs 0x7cc9c0011350)
2026-04-25 23:39:40 [387270] [26] DEBUG: Routing failed, re-queued.
2026-04-25 23:39:40 [387270] [26] DEBUG: sms_router: time to sleep 30.00 secs.
2026-04-25 23:40:10 [387270] [26] DEBUG: sms_router: gwlist_len = 1
2026-04-25 23:40:10 [387270] [26] DEBUG: sms_router: handling message (0x7cc9c0011350 vs 0x7cc9c0011350)
2026-04-25 23:40:10 [387270] [26] DEBUG: Routing failed, re-queued.
2026-04-25 23:40:10 [387270] [26] DEBUG: sms_router: handling message (0x7cc9c0011350 vs 0x7cc9c0011350)
2026-04-25 23:40:10 [387270] [26] DEBUG: Routing failed, re-queued.
2026-04-25 23:40:10 [387270] [26] DEBUG: sms_router: time to sleep 30.00 secs.
2026-04-25 23:40:41 [387270] [26] DEBUG: sms_router: gwlist_len = 1
2026-04-25 23:40:41 [387270] [26] DEBUG: sms_router: handling message (0x7cc9c0011350 vs 0x7cc9c0011350)
2026-04-25 23:40:41 [387270] [26] DEBUG: Routing failed, re-queued.
2026-04-25 23:40:41 [387270] [26] DEBUG: sms_router: handling message (0x7cc9c0011350 vs 0x7cc9c0011350)
2026-04-25 23:40:41 [387270] [26] DEBUG: Routing failed, re-queued.
2026-04-25 23:40:41 [387270] [26] DEBUG: sms_router: time to sleep 30.00 secs.
2026-04-25 23:41:11 [387270] [26] DEBUG: sms_router: gwlist_len = 1
2026-04-25 23:41:11 [387270] [26] DEBUG: sms_router: handling message (0x7cc9c0011350 vs 0x7cc9c0011350)
2026-04-25 23:41:11 [387270] [26] DEBUG: Routing failed, re-queued.
2026-04-25 23:41:11 [387270] [26] DEBUG: sms_router: handling message (0x7cc9c0011350 vs 0x7cc9c0011350)
2026-04-25 23:41:11 [387270] [26] DEBUG: Routing failed, re-queued.
2026-04-25 23:41:11 [387270] [26] DEBUG: sms_router: time to sleep 30.00 secs.
2026-04-25 23:41:41 [387270] [26] DEBUG: sms_router: gwlist_len = 1
2026-04-25 23:41:41 [387270] [26] DEBUG: sms_router: handling message (0x7cc9c0011350 vs 0x7cc9c0011350)
2026-04-25 23:41:41 [387270] [26] DEBUG: Routing failed, re-queued.
2026-04-25 23:41:41 [387270] [26] DEBUG: sms_router: handling message (0x7cc9c0011350 vs 0x7cc9c0011350)
2026-04-25 23:41:41 [387270] [26] DEBUG: Routing failed, re-queued.
2026-04-25 23:41:41 [387270] [26] DEBUG: sms_router: time to sleep 30.00 secs.
2026-04-25 23:42:11 [387270] [26] DEBUG: sms_router: gwlist_len = 1
2026-04-25 23:42:11 [387270] [26] DEBUG: sms_router: handling message (0x7cc9c0011350 vs 0x7cc9c0011350)
2026-04-25 23:42:11 [387270] [26] DEBUG: Routing failed, re-queued.
2026-04-25 23:42:11 [387270] [26] DEBUG: sms_router: handling message (0x7cc9c0011350 vs 0x7cc9c0011350)
2026-04-25 23:42:11 [387270] [26] DEBUG: Routing failed, re-queued.
2026-04-25 23:42:11 [387270] [26] DEBUG: sms_router: time to sleep 30.00 secs.
2026-04-25 23:42:41 [387270] [26] DEBUG: sms_router: gwlist_len = 1
2026-04-25 23:42:41 [387270] [26] DEBUG: sms_router: handling message (0x7cc9c0011350 vs 0x7cc9c0011350)
2026-04-25 23:42:41 [387270] [26] DEBUG: Routing failed, re-queued.
2026-04-25 23:42:41 [387270] [26] DEBUG: sms_router: handling message (0x7cc9c0011350 vs 0x7cc9c0011350)
2026-04-25 23:42:41 [387270] [26] DEBUG: Routing failed, re-queued.
2026-04-25 23:42:41 [387270] [26] DEBUG: sms_router: time to sleep 30.00 secs.
2026-04-25 23:43:11 [387270] [26] DEBUG: sms_router: gwlist_len = 1
2026-04-25 23:43:11 [387270] [26] DEBUG: sms_router: handling message (0x7cc9c0011350 vs 0x7cc9c0011350)
2026-04-25 23:43:11 [387270] [26] DEBUG: Routing failed, re-queued.
2026-04-25 23:43:11 [387270] [26] DEBUG: sms_router: handling message (0x7cc9c0011350 vs 0x7cc9c0011350)
2026-04-25 23:43:11 [387270] [26] DEBUG: Routing failed, re-queued.
2026-04-25 23:43:11 [387270] [26] DEBUG: sms_router: time to sleep 30.00 secs.
2026-04-25 23:43:41 [387270] [26] DEBUG: sms_router: gwlist_len = 1
2026-04-25 23:43:41 [387270] [26] DEBUG: sms_router: handling message (0x7cc9c0011350 vs 0x7cc9c0011350)
2026-04-25 23:43:41 [387270] [26] DEBUG: Routing failed, re-queued.
2026-04-25 23:43:41 [387270] [26] DEBUG: sms_router: handling message (0x7cc9c0011350 vs 0x7cc9c0011350)
2026-04-25 23:43:41 [387270] [26] DEBUG: Routing failed, re-queued.
2026-04-25 23:43:41 [387270] [26] DEBUG: sms_router: time to sleep 30.00 secs.
2026-04-25 23:44:11 [387270] [26] DEBUG: sms_router: gwlist_len = 1
2026-04-25 23:44:11 [387270] [26] DEBUG: sms_router: handling message (0x7cc9c0011350 vs 0x7cc9c0011350)
2026-04-25 23:44:11 [387270] [26] DEBUG: Routing failed, re-queued.
2026-04-25 23:44:11 [387270] [26] DEBUG: sms_router: handling message (0x7cc9c0011350 vs 0x7cc9c0011350)
2026-04-25 23:44:11 [387270] [26] DEBUG: Routing failed, re-queued.
2026-04-25 23:44:11 [387270] [26] DEBUG: sms_router: time to sleep 30.00 secs.
2026-04-25 23:44:41 [387270] [26] DEBUG: sms_router: gwlist_len = 1
2026-04-25 23:44:41 [387270] [26] DEBUG: sms_router: handling message (0x7cc9c0011350 vs 0x7cc9c0011350)
2026-04-25 23:44:41 [387270] [26] DEBUG: Routing failed, re-queued.
2026-04-25 23:44:41 [387270] [26] DEBUG: sms_router: handling message (0x7cc9c0011350 vs 0x7cc9c0011350)
2026-04-25 23:44:41 [387270] [26] DEBUG: Routing failed, re-queued.
2026-04-25 23:44:41 [387270] [26] DEBUG: sms_router: time to sleep 30.00 secs.
2026-04-25 23:45:11 [387270] [26] DEBUG: sms_router: gwlist_len = 1
2026-04-25 23:45:11 [387270] [26] DEBUG: sms_router: handling message (0x7cc9c0011350 vs 0x7cc9c0011350)
2026-04-25 23:45:11 [387270] [26] DEBUG: Routing failed, re-queued.
2026-04-25 23:45:11 [387270] [26] DEBUG: sms_router: handling message (0x7cc9c0011350 vs 0x7cc9c0011350)
2026-04-25 23:45:11 [387270] [26] DEBUG: Routing failed, re-queued.
2026-04-25 23:45:11 [387270] [26] DEBUG: sms_router: time to sleep 30.00 secs.
2026-04-25 23:45:41 [387270] [26] DEBUG: sms_router: gwlist_len = 1
2026-04-25 23:45:41 [387270] [26] DEBUG: sms_router: handling message (0x7cc9c0011350 vs 0x7cc9c0011350)
2026-04-25 23:45:41 [387270] [26] DEBUG: Routing failed, re-queued.
2026-04-25 23:45:41 [387270] [26] DEBUG: sms_router: handling message (0x7cc9c0011350 vs 0x7cc9c0011350)
2026-04-25 23:45:41 [387270] [26] DEBUG: Routing failed, re-queued.
2026-04-25 23:45:41 [387270] [26] DEBUG: sms_router: time to sleep 30.00 secs.
2026-04-25 23:46:11 [387270] [26] DEBUG: sms_router: gwlist_len = 1
2026-04-25 23:46:11 [387270] [26] DEBUG: sms_router: handling message (0x7cc9c0011350 vs 0x7cc9c0011350)
2026-04-25 23:46:11 [387270] [26] DEBUG: Routing failed, re-queued.
2026-04-25 23:46:11 [387270] [26] DEBUG: sms_router: handling message (0x7cc9c0011350 vs 0x7cc9c0011350)
2026-04-25 23:46:11 [387270] [26] DEBUG: Routing failed, re-queued.
2026-04-25 23:46:11 [387270] [26] DEBUG: sms_router: time to sleep 30.00 secs.
2026-04-25 23:46:41 [387270] [26] DEBUG: sms_router: gwlist_len = 1
2026-04-25 23:46:41 [387270] [26] DEBUG: sms_router: handling message (0x7cc9c0011350 vs 0x7cc9c0011350)
2026-04-25 23:46:41 [387270] [26] DEBUG: Routing failed, re-queued.
2026-04-25 23:46:41 [387270] [26] DEBUG: sms_router: handling message (0x7cc9c0011350 vs 0x7cc9c0011350)
2026-04-25 23:46:41 [387270] [26] DEBUG: Routing failed, re-queued.
2026-04-25 23:46:41 [387270] [26] DEBUG: sms_router: time to sleep 30.00 secs.
2026-04-25 23:47:11 [387270] [26] DEBUG: sms_router: gwlist_len = 1
2026-04-25 23:47:11 [387270] [26] DEBUG: sms_router: handling message (0x7cc9c0011350 vs 0x7cc9c0011350)
2026-04-25 23:47:11 [387270] [26] DEBUG: Routing failed, re-queued.
2026-04-25 23:47:11 [387270] [26] DEBUG: sms_router: handling message (0x7cc9c0011350 vs 0x7cc9c0011350)
2026-04-25 23:47:11 [387270] [26] DEBUG: Routing failed, re-queued.
2026-04-25 23:47:11 [387270] [26] DEBUG: sms_router: time to sleep 30.00 secs.
2026-04-25 23:47:41 [387270] [26] DEBUG: sms_router: gwlist_len = 1
2026-04-25 23:47:41 [387270] [26] DEBUG: sms_router: handling message (0x7cc9c0011350 vs 0x7cc9c0011350)
2026-04-25 23:47:41 [387270] [26] DEBUG: Routing failed, re-queued.
2026-04-25 23:47:41 [387270] [26] DEBUG: sms_router: handling message (0x7cc9c0011350 vs 0x7cc9c0011350)
2026-04-25 23:47:41 [387270] [26] DEBUG: Routing failed, re-queued.
2026-04-25 23:47:41 [387270] [26] DEBUG: sms_router: time to sleep 30.00 secs.
2026-04-25 23:48:11 [387270] [26] DEBUG: sms_router: gwlist_len = 1
2026-04-25 23:48:11 [387270] [26] DEBUG: sms_router: handling message (0x7cc9c0011350 vs 0x7cc9c0011350)
2026-04-25 23:48:11 [387270] [26] DEBUG: Routing failed, re-queued.
2026-04-25 23:48:11 [387270] [26] DEBUG: sms_router: handling message (0x7cc9c0011350 vs 0x7cc9c0011350)
2026-04-25 23:48:11 [387270] [26] DEBUG: Routing failed, re-queued.
2026-04-25 23:48:11 [387270] [26] DEBUG: sms_router: time to sleep 30.00 secs.
2026-04-25 23:48:41 [387270] [26] DEBUG: sms_router: gwlist_len = 1
2026-04-25 23:48:41 [387270] [26] DEBUG: sms_router: handling message (0x7cc9c0011350 vs 0x7cc9c0011350)
2026-04-25 23:48:41 [387270] [26] DEBUG: Routing failed, re-queued.
2026-04-25 23:48:41 [387270] [26] DEBUG: sms_router: handling message (0x7cc9c0011350 vs 0x7cc9c0011350)
2026-04-25 23:48:41 [387270] [26] DEBUG: Routing failed, re-queued.
2026-04-25 23:48:41 [387270] [26] DEBUG: sms_router: time to sleep 30.00 secs.
2026-04-25 23:49:11 [387270] [26] DEBUG: sms_router: gwlist_len = 1
2026-04-25 23:49:11 [387270] [26] DEBUG: sms_router: handling message (0x7cc9c0011350 vs 0x7cc9c0011350)
2026-04-25 23:49:11 [387270] [26] DEBUG: Routing failed, re-queued.
2026-04-25 23:49:11 [387270] [26] DEBUG: sms_router: handling message (0x7cc9c0011350 vs 0x7cc9c0011350)
2026-04-25 23:49:11 [387270] [26] DEBUG: Routing failed, re-queued.
2026-04-25 23:49:11 [387270] [26] DEBUG: sms_router: time to sleep 30.00 secs.
2026-04-25 23:49:41 [387270] [26] DEBUG: sms_router: gwlist_len = 1
2026-04-25 23:49:41 [387270] [26] DEBUG: sms_router: handling message (0x7cc9c0011350 vs 0x7cc9c0011350)
2026-04-25 23:49:41 [387270] [26] DEBUG: Routing failed, re-queued.
2026-04-25 23:49:41 [387270] [26] DEBUG: sms_router: handling message (0x7cc9c0011350 vs 0x7cc9c0011350)
2026-04-25 23:49:41 [387270] [26] DEBUG: Routing failed, re-queued.
2026-04-25 23:49:41 [387270] [26] DEBUG: sms_router: time to sleep 30.00 secs.
2026-04-25 23:50:11 [387270] [26] DEBUG: sms_router: gwlist_len = 1
2026-04-25 23:50:11 [387270] [26] DEBUG: sms_router: handling message (0x7cc9c0011350 vs 0x7cc9c0011350)
2026-04-25 23:50:11 [387270] [26] DEBUG: Routing failed, re-queued.
2026-04-25 23:50:11 [387270] [26] DEBUG: sms_router: handling message (0x7cc9c0011350 vs 0x7cc9c0011350)
2026-04-25 23:50:11 [387270] [26] DEBUG: Routing failed, re-queued.
2026-04-25 23:50:11 [387270] [26] DEBUG: sms_router: time to sleep 30.00 secs.
2026-04-25 23:50:41 [387270] [26] DEBUG: sms_router: gwlist_len = 1
2026-04-25 23:50:41 [387270] [26] DEBUG: sms_router: handling message (0x7cc9c0011350 vs 0x7cc9c0011350)
2026-04-25 23:50:41 [387270] [26] DEBUG: Routing failed, re-queued.
2026-04-25 23:50:41 [387270] [26] DEBUG: sms_router: handling message (0x7cc9c0011350 vs 0x7cc9c0011350)
2026-04-25 23:50:41 [387270] [26] DEBUG: Routing failed, re-queued.
2026-04-25 23:50:41 [387270] [26] DEBUG: sms_router: time to sleep 30.00 secs.
2026-04-25 23:51:11 [387270] [26] DEBUG: sms_router: gwlist_len = 1
2026-04-25 23:51:11 [387270] [26] DEBUG: sms_router: handling message (0x7cc9c0011350 vs 0x7cc9c0011350)
2026-04-25 23:51:11 [387270] [26] DEBUG: Routing failed, re-queued.
2026-04-25 23:51:11 [387270] [26] DEBUG: sms_router: handling message (0x7cc9c0011350 vs 0x7cc9c0011350)
2026-04-25 23:51:11 [387270] [26] DEBUG: Routing failed, re-queued.
2026-04-25 23:51:11 [387270] [26] DEBUG: sms_router: time to sleep 30.00 secs.
2026-04-25 23:51:41 [387270] [26] DEBUG: sms_router: gwlist_len = 1
2026-04-25 23:51:41 [387270] [26] DEBUG: sms_router: handling message (0x7cc9c0011350 vs 0x7cc9c0011350)
2026-04-25 23:51:41 [387270] [26] DEBUG: Routing failed, re-queued.
2026-04-25 23:51:41 [387270] [26] DEBUG: sms_router: handling message (0x7cc9c0011350 vs 0x7cc9c0011350)
2026-04-25 23:51:41 [387270] [26] DEBUG: Routing failed, re-queued.
2026-04-25 23:51:41 [387270] [26] DEBUG: sms_router: time to sleep 30.00 secs.
2026-04-25 23:52:11 [387270] [26] DEBUG: sms_router: gwlist_len = 1
2026-04-25 23:52:11 [387270] [26] DEBUG: sms_router: handling message (0x7cc9c0011350 vs 0x7cc9c0011350)
2026-04-25 23:52:11 [387270] [26] DEBUG: Routing failed, re-queued.
2026-04-25 23:52:11 [387270] [26] DEBUG: sms_router: handling message (0x7cc9c0011350 vs 0x7cc9c0011350)
2026-04-25 23:52:11 [387270] [26] DEBUG: Routing failed, re-queued.
2026-04-25 23:52:11 [387270] [26] DEBUG: sms_router: time to sleep 30.00 secs.
2026-04-25 23:52:41 [387270] [26] DEBUG: sms_router: gwlist_len = 1
2026-04-25 23:52:41 [387270] [26] DEBUG: sms_router: handling message (0x7cc9c0011350 vs 0x7cc9c0011350)
2026-04-25 23:52:41 [387270] [26] DEBUG: Routing failed, re-queued.
2026-04-25 23:52:41 [387270] [26] DEBUG: sms_router: handling message (0x7cc9c0011350 vs 0x7cc9c0011350)
2026-04-25 23:52:41 [387270] [26] DEBUG: Routing failed, re-queued.
2026-04-25 23:52:41 [387270] [26] DEBUG: sms_router: time to sleep 30.00 secs.
2026-04-25 23:53:11 [387270] [26] DEBUG: sms_router: gwlist_len = 1
2026-04-25 23:53:11 [387270] [26] DEBUG: sms_router: handling message (0x7cc9c0011350 vs 0x7cc9c0011350)
2026-04-25 23:53:11 [387270] [26] DEBUG: Routing failed, re-queued.
2026-04-25 23:53:11 [387270] [26] DEBUG: sms_router: handling message (0x7cc9c0011350 vs 0x7cc9c0011350)
2026-04-25 23:53:11 [387270] [26] DEBUG: Routing failed, re-queued.
2026-04-25 23:53:11 [387270] [26] DEBUG: sms_router: time to sleep 30.00 secs.
2026-04-25 23:53:41 [387270] [26] DEBUG: sms_router: gwlist_len = 1
2026-04-25 23:53:41 [387270] [26] DEBUG: sms_router: handling message (0x7cc9c0011350 vs 0x7cc9c0011350)
2026-04-25 23:53:41 [387270] [26] DEBUG: Routing failed, re-queued.
2026-04-25 23:53:41 [387270] [26] DEBUG: sms_router: handling message (0x7cc9c0011350 vs 0x7cc9c0011350)
2026-04-25 23:53:41 [387270] [26] DEBUG: Routing failed, re-queued.
2026-04-25 23:53:41 [387270] [26] DEBUG: sms_router: time to sleep 30.00 secs.
2026-04-25 23:54:11 [387270] [26] DEBUG: sms_router: gwlist_len = 1
2026-04-25 23:54:11 [387270] [26] DEBUG: sms_router: handling message (0x7cc9c0011350 vs 0x7cc9c0011350)
2026-04-25 23:54:11 [387270] [26] DEBUG: Routing failed, re-queued.
2026-04-25 23:54:11 [387270] [26] DEBUG: sms_router: handling message (0x7cc9c0011350 vs 0x7cc9c0011350)
2026-04-25 23:54:11 [387270] [26] DEBUG: Routing failed, re-queued.
2026-04-25 23:54:11 [387270] [26] DEBUG: sms_router: time to sleep 30.00 secs.
2026-04-25 23:54:41 [387270] [26] DEBUG: sms_router: gwlist_len = 1
2026-04-25 23:54:41 [387270] [26] DEBUG: sms_router: handling message (0x7cc9c0011350 vs 0x7cc9c0011350)
2026-04-25 23:54:41 [387270] [26] DEBUG: Routing failed, re-queued.
2026-04-25 23:54:41 [387270] [26] DEBUG: sms_router: handling message (0x7cc9c0011350 vs 0x7cc9c0011350)
2026-04-25 23:54:41 [387270] [26] DEBUG: Routing failed, re-queued.
2026-04-25 23:54:41 [387270] [26] DEBUG: sms_router: time to sleep 30.00 secs.
2026-04-25 23:55:11 [387270] [26] DEBUG: sms_router: gwlist_len = 1
2026-04-25 23:55:11 [387270] [26] DEBUG: sms_router: handling message (0x7cc9c0011350 vs 0x7cc9c0011350)
2026-04-25 23:55:11 [387270] [26] DEBUG: Routing failed, re-queued.
2026-04-25 23:55:11 [387270] [26] DEBUG: sms_router: handling message (0x7cc9c0011350 vs 0x7cc9c0011350)
2026-04-25 23:55:11 [387270] [26] DEBUG: Routing failed, re-queued.
2026-04-25 23:55:11 [387270] [26] DEBUG: sms_router: time to sleep 30.00 secs.
2026-04-25 23:55:41 [387270] [26] DEBUG: sms_router: gwlist_len = 1
2026-04-25 23:55:41 [387270] [26] DEBUG: sms_router: handling message (0x7cc9c0011350 vs 0x7cc9c0011350)
2026-04-25 23:55:41 [387270] [26] DEBUG: Routing failed, re-queued.
2026-04-25 23:55:41 [387270] [26] DEBUG: sms_router: handling message (0x7cc9c0011350 vs 0x7cc9c0011350)
2026-04-25 23:55:41 [387270] [26] DEBUG: Routing failed, re-queued.
2026-04-25 23:55:41 [387270] [26] DEBUG: sms_router: time to sleep 30.00 secs.
2026-04-25 23:56:11 [387270] [26] DEBUG: sms_router: gwlist_len = 1
2026-04-25 23:56:11 [387270] [26] DEBUG: sms_router: handling message (0x7cc9c0011350 vs 0x7cc9c0011350)
2026-04-25 23:56:11 [387270] [26] DEBUG: Routing failed, re-queued.
2026-04-25 23:56:11 [387270] [26] DEBUG: sms_router: handling message (0x7cc9c0011350 vs 0x7cc9c0011350)
2026-04-25 23:56:11 [387270] [26] DEBUG: Routing failed, re-queued.
2026-04-25 23:56:11 [387270] [26] DEBUG: sms_router: time to sleep 30.00 secs.
2026-04-25 23:56:41 [387270] [26] DEBUG: sms_router: gwlist_len = 1
2026-04-25 23:56:41 [387270] [26] DEBUG: sms_router: handling message (0x7cc9c0011350 vs 0x7cc9c0011350)
2026-04-25 23:56:41 [387270] [26] DEBUG: Routing failed, re-queued.
2026-04-25 23:56:41 [387270] [26] DEBUG: sms_router: handling message (0x7cc9c0011350 vs 0x7cc9c0011350)
2026-04-25 23:56:41 [387270] [26] DEBUG: Routing failed, re-queued.
2026-04-25 23:56:41 [387270] [26] DEBUG: sms_router: time to sleep 30.00 secs.
2026-04-25 23:57:11 [387270] [26] DEBUG: sms_router: gwlist_len = 1
2026-04-25 23:57:11 [387270] [26] DEBUG: sms_router: handling message (0x7cc9c0011350 vs 0x7cc9c0011350)
2026-04-25 23:57:11 [387270] [26] DEBUG: Routing failed, re-queued.
2026-04-25 23:57:11 [387270] [26] DEBUG: sms_router: handling message (0x7cc9c0011350 vs 0x7cc9c0011350)
2026-04-25 23:57:11 [387270] [26] DEBUG: Routing failed, re-queued.
2026-04-25 23:57:11 [387270] [26] DEBUG: sms_router: time to sleep 30.00 secs.
2026-04-25 23:57:41 [387270] [26] DEBUG: sms_router: gwlist_len = 1
2026-04-25 23:57:41 [387270] [26] DEBUG: sms_router: handling message (0x7cc9c0011350 vs 0x7cc9c0011350)
2026-04-25 23:57:41 [387270] [26] DEBUG: Routing failed, re-queued.
2026-04-25 23:57:41 [387270] [26] DEBUG: sms_router: handling message (0x7cc9c0011350 vs 0x7cc9c0011350)
2026-04-25 23:57:41 [387270] [26] DEBUG: Routing failed, re-queued.
2026-04-25 23:57:41 [387270] [26] DEBUG: sms_router: time to sleep 30.00 secs.
2026-04-25 23:58:11 [387270] [26] DEBUG: sms_router: gwlist_len = 1
2026-04-25 23:58:11 [387270] [26] DEBUG: sms_router: handling message (0x7cc9c0011350 vs 0x7cc9c0011350)
2026-04-25 23:58:11 [387270] [26] DEBUG: Routing failed, re-queued.
2026-04-25 23:58:11 [387270] [26] DEBUG: sms_router: handling message (0x7cc9c0011350 vs 0x7cc9c0011350)
2026-04-25 23:58:11 [387270] [26] DEBUG: Routing failed, re-queued.
2026-04-25 23:58:11 [387270] [26] DEBUG: sms_router: time to sleep 30.00 secs.
2026-04-25 23:58:41 [387270] [26] DEBUG: sms_router: gwlist_len = 1
2026-04-25 23:58:41 [387270] [26] DEBUG: sms_router: handling message (0x7cc9c0011350 vs 0x7cc9c0011350)
2026-04-25 23:58:41 [387270] [26] DEBUG: Routing failed, re-queued.
2026-04-25 23:58:41 [387270] [26] DEBUG: sms_router: handling message (0x7cc9c0011350 vs 0x7cc9c0011350)
2026-04-25 23:58:41 [387270] [26] DEBUG: Routing failed, re-queued.
2026-04-25 23:58:41 [387270] [26] DEBUG: sms_router: time to sleep 30.00 secs.
2026-04-25 23:59:11 [387270] [26] DEBUG: sms_router: gwlist_len = 1
2026-04-25 23:59:11 [387270] [26] DEBUG: sms_router: handling message (0x7cc9c0011350 vs 0x7cc9c0011350)
2026-04-25 23:59:11 [387270] [26] DEBUG: Routing failed, re-queued.
2026-04-25 23:59:11 [387270] [26] DEBUG: sms_router: handling message (0x7cc9c0011350 vs 0x7cc9c0011350)
2026-04-25 23:59:11 [387270] [26] DEBUG: Routing failed, re-queued.
2026-04-25 23:59:11 [387270] [26] DEBUG: sms_router: time to sleep 30.00 secs.
2026-04-25 23:59:42 [387270] [26] DEBUG: sms_router: gwlist_len = 1
2026-04-25 23:59:42 [387270] [26] DEBUG: sms_router: handling message (0x7cc9c0011350 vs 0x7cc9c0011350)
2026-04-25 23:59:42 [387270] [26] DEBUG: Routing failed, re-queued.
2026-04-25 23:59:42 [387270] [26] DEBUG: sms_router: handling message (0x7cc9c0011350 vs 0x7cc9c0011350)
2026-04-25 23:59:42 [387270] [26] DEBUG: Routing failed, re-queued.
2026-04-25 23:59:42 [387270] [26] DEBUG: sms_router: time to sleep 30.00 secs.
2026-04-26 00:00:12 [387270] [26] DEBUG: sms_router: gwlist_len = 1
2026-04-26 00:00:12 [387270] [26] DEBUG: sms_router: handling message (0x7cc9c0011350 vs 0x7cc9c0011350)
2026-04-26 00:00:12 [387270] [26] DEBUG: Routing failed, re-queued.
2026-04-26 00:00:12 [387270] [26] DEBUG: sms_router: handling message (0x7cc9c0011350 vs 0x7cc9c0011350)
2026-04-26 00:00:12 [387270] [26] DEBUG: Routing failed, re-queued.
2026-04-26 00:00:12 [387270] [26] DEBUG: sms_router: time to sleep 30.00 secs.
2026-04-26 00:00:42 [387270] [26] DEBUG: sms_router: gwlist_len = 1
2026-04-26 00:00:42 [387270] [26] DEBUG: sms_router: handling message (0x7cc9c0011350 vs 0x7cc9c0011350)
2026-04-26 00:00:42 [387270] [26] DEBUG: Routing failed, re-queued.
2026-04-26 00:00:42 [387270] [26] DEBUG: sms_router: handling message (0x7cc9c0011350 vs 0x7cc9c0011350)
2026-04-26 00:00:42 [387270] [26] DEBUG: Routing failed, re-queued.
2026-04-26 00:00:42 [387270] [26] DEBUG: sms_router: time to sleep 30.00 secs.
2026-04-26 00:01:12 [387270] [26] DEBUG: sms_router: gwlist_len = 1
2026-04-26 00:01:12 [387270] [26] DEBUG: sms_router: handling message (0x7cc9c0011350 vs 0x7cc9c0011350)
2026-04-26 00:01:12 [387270] [26] DEBUG: Routing failed, re-queued.
2026-04-26 00:01:12 [387270] [26] DEBUG: sms_router: handling message (0x7cc9c0011350 vs 0x7cc9c0011350)
2026-04-26 00:01:12 [387270] [26] DEBUG: Routing failed, re-queued.
2026-04-26 00:01:12 [387270] [26] DEBUG: sms_router: time to sleep 30.00 secs.
2026-04-26 00:01:42 [387270] [26] DEBUG: sms_router: gwlist_len = 1
2026-04-26 00:01:42 [387270] [26] DEBUG: sms_router: handling message (0x7cc9c0011350 vs 0x7cc9c0011350)
2026-04-26 00:01:42 [387270] [26] DEBUG: Routing failed, re-queued.
2026-04-26 00:01:42 [387270] [26] DEBUG: sms_router: handling message (0x7cc9c0011350 vs 0x7cc9c0011350)
2026-04-26 00:01:42 [387270] [26] DEBUG: Routing failed, re-queued.
2026-04-26 00:01:42 [387270] [26] DEBUG: sms_router: time to sleep 30.00 secs.
2026-04-26 00:02:12 [387270] [26] DEBUG: sms_router: gwlist_len = 1
2026-04-26 00:02:12 [387270] [26] DEBUG: sms_router: handling message (0x7cc9c0011350 vs 0x7cc9c0011350)
2026-04-26 00:02:12 [387270] [26] DEBUG: Routing failed, re-queued.
2026-04-26 00:02:12 [387270] [26] DEBUG: sms_router: handling message (0x7cc9c0011350 vs 0x7cc9c0011350)
2026-04-26 00:02:12 [387270] [26] DEBUG: Routing failed, re-queued.
2026-04-26 00:02:12 [387270] [26] DEBUG: sms_router: time to sleep 30.00 secs.
2026-04-26 00:02:42 [387270] [26] DEBUG: sms_router: gwlist_len = 1
2026-04-26 00:02:42 [387270] [26] DEBUG: sms_router: handling message (0x7cc9c0011350 vs 0x7cc9c0011350)
2026-04-26 00:02:42 [387270] [26] DEBUG: Routing failed, re-queued.
2026-04-26 00:02:42 [387270] [26] DEBUG: sms_router: handling message (0x7cc9c0011350 vs 0x7cc9c0011350)
2026-04-26 00:02:42 [387270] [26] DEBUG: Routing failed, re-queued.
2026-04-26 00:02:42 [387270] [26] DEBUG: sms_router: time to sleep 30.00 secs.
2026-04-26 00:03:12 [387270] [26] DEBUG: sms_router: gwlist_len = 1
2026-04-26 00:03:12 [387270] [26] DEBUG: sms_router: handling message (0x7cc9c0011350 vs 0x7cc9c0011350)
2026-04-26 00:03:12 [387270] [26] DEBUG: Routing failed, re-queued.
2026-04-26 00:03:12 [387270] [26] DEBUG: sms_router: handling message (0x7cc9c0011350 vs 0x7cc9c0011350)
2026-04-26 00:03:12 [387270] [26] DEBUG: Routing failed, re-queued.
2026-04-26 00:03:12 [387270] [26] DEBUG: sms_router: time to sleep 30.00 secs.
2026-04-26 00:03:42 [387270] [26] DEBUG: sms_router: gwlist_len = 1
2026-04-26 00:03:42 [387270] [26] DEBUG: sms_router: handling message (0x7cc9c0011350 vs 0x7cc9c0011350)
2026-04-26 00:03:42 [387270] [26] DEBUG: Routing failed, re-queued.
2026-04-26 00:03:42 [387270] [26] DEBUG: sms_router: handling message (0x7cc9c0011350 vs 0x7cc9c0011350)
2026-04-26 00:03:42 [387270] [26] DEBUG: Routing failed, re-queued.
2026-04-26 00:03:42 [387270] [26] DEBUG: sms_router: time to sleep 30.00 secs.
2026-04-26 00:04:12 [387270] [26] DEBUG: sms_router: gwlist_len = 1
2026-04-26 00:04:12 [387270] [26] DEBUG: sms_router: handling message (0x7cc9c0011350 vs 0x7cc9c0011350)
2026-04-26 00:04:12 [387270] [26] DEBUG: Routing failed, re-queued.
2026-04-26 00:04:12 [387270] [26] DEBUG: sms_router: handling message (0x7cc9c0011350 vs 0x7cc9c0011350)
2026-04-26 00:04:12 [387270] [26] DEBUG: Routing failed, re-queued.
2026-04-26 00:04:12 [387270] [26] DEBUG: sms_router: time to sleep 30.00 secs.
2026-04-26 00:04:42 [387270] [26] DEBUG: sms_router: gwlist_len = 1
2026-04-26 00:04:42 [387270] [26] DEBUG: sms_router: handling message (0x7cc9c0011350 vs 0x7cc9c0011350)
2026-04-26 00:04:42 [387270] [26] DEBUG: Routing failed, re-queued.
2026-04-26 00:04:42 [387270] [26] DEBUG: sms_router: handling message (0x7cc9c0011350 vs 0x7cc9c0011350)
2026-04-26 00:04:42 [387270] [26] DEBUG: Routing failed, re-queued.
2026-04-26 00:04:42 [387270] [26] DEBUG: sms_router: time to sleep 30.00 secs.
2026-04-26 00:05:12 [387270] [26] DEBUG: sms_router: gwlist_len = 1
2026-04-26 00:05:12 [387270] [26] DEBUG: sms_router: handling message (0x7cc9c0011350 vs 0x7cc9c0011350)
2026-04-26 00:05:12 [387270] [26] DEBUG: Routing failed, re-queued.
2026-04-26 00:05:12 [387270] [26] DEBUG: sms_router: handling message (0x7cc9c0011350 vs 0x7cc9c0011350)
2026-04-26 00:05:12 [387270] [26] DEBUG: Routing failed, re-queued.
2026-04-26 00:05:12 [387270] [26] DEBUG: sms_router: time to sleep 30.00 secs.
2026-04-26 00:05:42 [387270] [26] DEBUG: sms_router: gwlist_len = 1
2026-04-26 00:05:42 [387270] [26] DEBUG: sms_router: handling message (0x7cc9c0011350 vs 0x7cc9c0011350)
2026-04-26 00:05:42 [387270] [26] DEBUG: Routing failed, re-queued.
2026-04-26 00:05:42 [387270] [26] DEBUG: sms_router: handling message (0x7cc9c0011350 vs 0x7cc9c0011350)
2026-04-26 00:05:42 [387270] [26] DEBUG: Routing failed, re-queued.
2026-04-26 00:05:42 [387270] [26] DEBUG: sms_router: time to sleep 30.00 secs.
2026-04-26 00:06:12 [387270] [26] DEBUG: sms_router: gwlist_len = 1
2026-04-26 00:06:12 [387270] [26] DEBUG: sms_router: handling message (0x7cc9c0011350 vs 0x7cc9c0011350)
2026-04-26 00:06:12 [387270] [26] DEBUG: Routing failed, re-queued.
2026-04-26 00:06:12 [387270] [26] DEBUG: sms_router: handling message (0x7cc9c0011350 vs 0x7cc9c0011350)
2026-04-26 00:06:12 [387270] [26] DEBUG: Routing failed, re-queued.
2026-04-26 00:06:12 [387270] [26] DEBUG: sms_router: time to sleep 30.00 secs.
2026-04-26 00:06:42 [387270] [26] DEBUG: sms_router: gwlist_len = 1
2026-04-26 00:06:42 [387270] [26] DEBUG: sms_router: handling message (0x7cc9c0011350 vs 0x7cc9c0011350)
2026-04-26 00:06:42 [387270] [26] DEBUG: Routing failed, re-queued.
2026-04-26 00:06:42 [387270] [26] DEBUG: sms_router: handling message (0x7cc9c0011350 vs 0x7cc9c0011350)
2026-04-26 00:06:42 [387270] [26] DEBUG: Routing failed, re-queued.
2026-04-26 00:06:42 [387270] [26] DEBUG: sms_router: time to sleep 30.00 secs.
2026-04-26 00:07:12 [387270] [26] DEBUG: sms_router: gwlist_len = 1
2026-04-26 00:07:12 [387270] [26] DEBUG: sms_router: handling message (0x7cc9c0011350 vs 0x7cc9c0011350)
2026-04-26 00:07:12 [387270] [26] DEBUG: Routing failed, re-queued.
2026-04-26 00:07:12 [387270] [26] DEBUG: sms_router: handling message (0x7cc9c0011350 vs 0x7cc9c0011350)
2026-04-26 00:07:12 [387270] [26] DEBUG: Routing failed, re-queued.
2026-04-26 00:07:12 [387270] [26] DEBUG: sms_router: time to sleep 30.00 secs.
2026-04-26 00:07:42 [387270] [26] DEBUG: sms_router: gwlist_len = 1
2026-04-26 00:07:42 [387270] [26] DEBUG: sms_router: handling message (0x7cc9c0011350 vs 0x7cc9c0011350)
2026-04-26 00:07:42 [387270] [26] DEBUG: Routing failed, re-queued.
2026-04-26 00:07:42 [387270] [26] DEBUG: sms_router: handling message (0x7cc9c0011350 vs 0x7cc9c0011350)
2026-04-26 00:07:42 [387270] [26] DEBUG: Routing failed, re-queued.
2026-04-26 00:07:42 [387270] [26] DEBUG: sms_router: time to sleep 30.00 secs.
2026-04-26 00:08:12 [387270] [26] DEBUG: sms_router: gwlist_len = 1
2026-04-26 00:08:12 [387270] [26] DEBUG: sms_router: handling message (0x7cc9c0011350 vs 0x7cc9c0011350)
2026-04-26 00:08:12 [387270] [26] DEBUG: Routing failed, re-queued.
2026-04-26 00:08:12 [387270] [26] DEBUG: sms_router: handling message (0x7cc9c0011350 vs 0x7cc9c0011350)
2026-04-26 00:08:12 [387270] [26] DEBUG: Routing failed, re-queued.
2026-04-26 00:08:12 [387270] [26] DEBUG: sms_router: time to sleep 30.00 secs.
2026-04-26 00:08:42 [387270] [26] DEBUG: sms_router: gwlist_len = 1
2026-04-26 00:08:42 [387270] [26] DEBUG: clear_old_concat_parts called
2026-04-26 00:08:42 [387270] [26] DEBUG: sms_router: handling message (0x7cc9c0011350 vs 0x7cc9c0011350)
2026-04-26 00:08:42 [387270] [26] DEBUG: Routing failed, re-queued.
2026-04-26 00:08:42 [387270] [26] DEBUG: sms_router: handling message (0x7cc9c0011350 vs 0x7cc9c0011350)
2026-04-26 00:08:42 [387270] [26] DEBUG: Routing failed, re-queued.
2026-04-26 00:08:42 [387270] [26] DEBUG: sms_router: time to sleep 30.00 secs.
2026-04-26 00:09:12 [387270] [26] DEBUG: sms_router: gwlist_len = 1
2026-04-26 00:09:12 [387270] [26] DEBUG: sms_router: handling message (0x7cc9c0011350 vs 0x7cc9c0011350)
2026-04-26 00:09:12 [387270] [26] DEBUG: Routing failed, re-queued.
2026-04-26 00:09:12 [387270] [26] DEBUG: sms_router: handling message (0x7cc9c0011350 vs 0x7cc9c0011350)
2026-04-26 00:09:12 [387270] [26] DEBUG: Routing failed, re-queued.
2026-04-26 00:09:12 [387270] [26] DEBUG: sms_router: time to sleep 30.00 secs.
2026-04-26 00:09:42 [387270] [26] DEBUG: sms_router: gwlist_len = 1
2026-04-26 00:09:42 [387270] [26] DEBUG: sms_router: handling message (0x7cc9c0011350 vs 0x7cc9c0011350)
2026-04-26 00:09:42 [387270] [26] DEBUG: Routing failed, re-queued.
2026-04-26 00:09:42 [387270] [26] DEBUG: sms_router: handling message (0x7cc9c0011350 vs 0x7cc9c0011350)
2026-04-26 00:09:42 [387270] [26] DEBUG: Routing failed, re-queued.
2026-04-26 00:09:42 [387270] [26] DEBUG: sms_router: time to sleep 30.00 secs.
2026-04-26 00:10:12 [387270] [26] DEBUG: sms_router: gwlist_len = 1
2026-04-26 00:10:12 [387270] [26] DEBUG: sms_router: handling message (0x7cc9c0011350 vs 0x7cc9c0011350)
2026-04-26 00:10:12 [387270] [26] DEBUG: Routing failed, re-queued.
2026-04-26 00:10:12 [387270] [26] DEBUG: sms_router: handling message (0x7cc9c0011350 vs 0x7cc9c0011350)
2026-04-26 00:10:12 [387270] [26] DEBUG: Routing failed, re-queued.
2026-04-26 00:10:12 [387270] [26] DEBUG: sms_router: time to sleep 30.00 secs.
2026-04-26 00:10:42 [387270] [26] DEBUG: sms_router: gwlist_len = 1
2026-04-26 00:10:42 [387270] [26] DEBUG: sms_router: handling message (0x7cc9c0011350 vs 0x7cc9c0011350)
2026-04-26 00:10:42 [387270] [26] DEBUG: Routing failed, re-queued.
2026-04-26 00:10:42 [387270] [26] DEBUG: sms_router: handling message (0x7cc9c0011350 vs 0x7cc9c0011350)
2026-04-26 00:10:42 [387270] [26] DEBUG: Routing failed, re-queued.
2026-04-26 00:10:42 [387270] [26] DEBUG: sms_router: time to sleep 30.00 secs.
2026-04-26 00:11:12 [387270] [26] DEBUG: sms_router: gwlist_len = 1
2026-04-26 00:11:12 [387270] [26] DEBUG: sms_router: handling message (0x7cc9c0011350 vs 0x7cc9c0011350)
2026-04-26 00:11:12 [387270] [26] DEBUG: Routing failed, re-queued.
2026-04-26 00:11:12 [387270] [26] DEBUG: sms_router: handling message (0x7cc9c0011350 vs 0x7cc9c0011350)
2026-04-26 00:11:12 [387270] [26] DEBUG: Routing failed, re-queued.
2026-04-26 00:11:12 [387270] [26] DEBUG: sms_router: time to sleep 30.00 secs.
2026-04-26 00:11:42 [387270] [26] DEBUG: sms_router: gwlist_len = 1
2026-04-26 00:11:42 [387270] [26] DEBUG: sms_router: handling message (0x7cc9c0011350 vs 0x7cc9c0011350)
2026-04-26 00:11:42 [387270] [26] DEBUG: Routing failed, re-queued.
2026-04-26 00:11:42 [387270] [26] DEBUG: sms_router: handling message (0x7cc9c0011350 vs 0x7cc9c0011350)
2026-04-26 00:11:42 [387270] [26] DEBUG: Routing failed, re-queued.
2026-04-26 00:11:42 [387270] [26] DEBUG: sms_router: time to sleep 30.00 secs.
2026-04-26 00:12:12 [387270] [26] DEBUG: sms_router: gwlist_len = 1
2026-04-26 00:12:12 [387270] [26] DEBUG: sms_router: handling message (0x7cc9c0011350 vs 0x7cc9c0011350)
2026-04-26 00:12:12 [387270] [26] DEBUG: Routing failed, re-queued.
2026-04-26 00:12:12 [387270] [26] DEBUG: sms_router: handling message (0x7cc9c0011350 vs 0x7cc9c0011350)
2026-04-26 00:12:12 [387270] [26] DEBUG: Routing failed, re-queued.
2026-04-26 00:12:12 [387270] [26] DEBUG: sms_router: time to sleep 30.00 secs.
2026-04-26 00:12:43 [387270] [26] DEBUG: sms_router: gwlist_len = 1
2026-04-26 00:12:43 [387270] [26] DEBUG: sms_router: handling message (0x7cc9c0011350 vs 0x7cc9c0011350)
2026-04-26 00:12:43 [387270] [26] DEBUG: Routing failed, re-queued.
2026-04-26 00:12:43 [387270] [26] DEBUG: sms_router: handling message (0x7cc9c0011350 vs 0x7cc9c0011350)
2026-04-26 00:12:43 [387270] [26] DEBUG: Routing failed, re-queued.
2026-04-26 00:12:43 [387270] [26] DEBUG: sms_router: time to sleep 30.00 secs.
2026-04-26 00:13:13 [387270] [26] DEBUG: sms_router: gwlist_len = 1
2026-04-26 00:13:13 [387270] [26] DEBUG: sms_router: handling message (0x7cc9c0011350 vs 0x7cc9c0011350)
2026-04-26 00:13:13 [387270] [26] DEBUG: Routing failed, re-queued.
2026-04-26 00:13:13 [387270] [26] DEBUG: sms_router: handling message (0x7cc9c0011350 vs 0x7cc9c0011350)
2026-04-26 00:13:13 [387270] [26] DEBUG: Routing failed, re-queued.
2026-04-26 00:13:13 [387270] [26] DEBUG: sms_router: time to sleep 30.00 secs.
2026-04-26 00:13:43 [387270] [26] DEBUG: sms_router: gwlist_len = 1
2026-04-26 00:13:43 [387270] [26] DEBUG: sms_router: handling message (0x7cc9c0011350 vs 0x7cc9c0011350)
2026-04-26 00:13:43 [387270] [26] DEBUG: Routing failed, re-queued.
2026-04-26 00:13:43 [387270] [26] DEBUG: sms_router: handling message (0x7cc9c0011350 vs 0x7cc9c0011350)
2026-04-26 00:13:43 [387270] [26] DEBUG: Routing failed, re-queued.
2026-04-26 00:13:43 [387270] [26] DEBUG: sms_router: time to sleep 30.00 secs.
2026-04-26 00:14:13 [387270] [26] DEBUG: sms_router: gwlist_len = 1
2026-04-26 00:14:13 [387270] [26] DEBUG: sms_router: handling message (0x7cc9c0011350 vs 0x7cc9c0011350)
2026-04-26 00:14:13 [387270] [26] DEBUG: Routing failed, re-queued.
2026-04-26 00:14:13 [387270] [26] DEBUG: sms_router: handling message (0x7cc9c0011350 vs 0x7cc9c0011350)
2026-04-26 00:14:13 [387270] [26] DEBUG: Routing failed, re-queued.
2026-04-26 00:14:13 [387270] [26] DEBUG: sms_router: time to sleep 30.00 secs.
2026-04-26 00:14:43 [387270] [26] DEBUG: sms_router: gwlist_len = 1
2026-04-26 00:14:43 [387270] [26] DEBUG: sms_router: handling message (0x7cc9c0011350 vs 0x7cc9c0011350)
2026-04-26 00:14:43 [387270] [26] DEBUG: Routing failed, re-queued.
2026-04-26 00:14:43 [387270] [26] DEBUG: sms_router: handling message (0x7cc9c0011350 vs 0x7cc9c0011350)
2026-04-26 00:14:43 [387270] [26] DEBUG: Routing failed, re-queued.
2026-04-26 00:14:43 [387270] [26] DEBUG: sms_router: time to sleep 30.00 secs.
2026-04-26 00:15:13 [387270] [26] DEBUG: sms_router: gwlist_len = 1
2026-04-26 00:15:13 [387270] [26] DEBUG: sms_router: handling message (0x7cc9c0011350 vs 0x7cc9c0011350)
2026-04-26 00:15:13 [387270] [26] DEBUG: Routing failed, re-queued.
2026-04-26 00:15:13 [387270] [26] DEBUG: sms_router: handling message (0x7cc9c0011350 vs 0x7cc9c0011350)
2026-04-26 00:15:13 [387270] [26] DEBUG: Routing failed, re-queued.
2026-04-26 00:15:13 [387270] [26] DEBUG: sms_router: time to sleep 30.00 secs.
2026-04-26 00:15:43 [387270] [26] DEBUG: sms_router: gwlist_len = 1
2026-04-26 00:15:43 [387270] [26] DEBUG: sms_router: handling message (0x7cc9c0011350 vs 0x7cc9c0011350)
2026-04-26 00:15:43 [387270] [26] DEBUG: Routing failed, re-queued.
2026-04-26 00:15:43 [387270] [26] DEBUG: sms_router: handling message (0x7cc9c0011350 vs 0x7cc9c0011350)
2026-04-26 00:15:43 [387270] [26] DEBUG: Routing failed, re-queued.
2026-04-26 00:15:43 [387270] [26] DEBUG: sms_router: time to sleep 30.00 secs.
2026-04-26 00:16:13 [387270] [26] DEBUG: sms_router: gwlist_len = 1
2026-04-26 00:16:13 [387270] [26] DEBUG: sms_router: handling message (0x7cc9c0011350 vs 0x7cc9c0011350)
2026-04-26 00:16:13 [387270] [26] DEBUG: Routing failed, re-queued.
2026-04-26 00:16:13 [387270] [26] DEBUG: sms_router: handling message (0x7cc9c0011350 vs 0x7cc9c0011350)
2026-04-26 00:16:13 [387270] [26] DEBUG: Routing failed, re-queued.
2026-04-26 00:16:13 [387270] [26] DEBUG: sms_router: time to sleep 30.00 secs.
2026-04-26 00:16:43 [387270] [26] DEBUG: sms_router: gwlist_len = 1
2026-04-26 00:16:43 [387270] [26] DEBUG: sms_router: handling message (0x7cc9c0011350 vs 0x7cc9c0011350)
2026-04-26 00:16:43 [387270] [26] DEBUG: Routing failed, re-queued.
2026-04-26 00:16:43 [387270] [26] DEBUG: sms_router: handling message (0x7cc9c0011350 vs 0x7cc9c0011350)
2026-04-26 00:16:43 [387270] [26] DEBUG: Routing failed, re-queued.
2026-04-26 00:16:43 [387270] [26] DEBUG: sms_router: time to sleep 30.00 secs.
2026-04-26 00:17:13 [387270] [26] DEBUG: sms_router: gwlist_len = 1
2026-04-26 00:17:13 [387270] [26] DEBUG: sms_router: handling message (0x7cc9c0011350 vs 0x7cc9c0011350)
2026-04-26 00:17:13 [387270] [26] DEBUG: Routing failed, re-queued.
2026-04-26 00:17:13 [387270] [26] DEBUG: sms_router: handling message (0x7cc9c0011350 vs 0x7cc9c0011350)
2026-04-26 00:17:13 [387270] [26] DEBUG: Routing failed, re-queued.
2026-04-26 00:17:13 [387270] [26] DEBUG: sms_router: time to sleep 30.00 secs.
2026-04-26 00:17:43 [387270] [26] DEBUG: sms_router: gwlist_len = 1
2026-04-26 00:17:43 [387270] [26] DEBUG: sms_router: handling message (0x7cc9c0011350 vs 0x7cc9c0011350)
2026-04-26 00:17:43 [387270] [26] DEBUG: Routing failed, re-queued.
2026-04-26 00:17:43 [387270] [26] DEBUG: sms_router: handling message (0x7cc9c0011350 vs 0x7cc9c0011350)
2026-04-26 00:17:43 [387270] [26] DEBUG: Routing failed, re-queued.
2026-04-26 00:17:43 [387270] [26] DEBUG: sms_router: time to sleep 30.00 secs.
2026-04-26 00:18:13 [387270] [26] DEBUG: sms_router: gwlist_len = 1
2026-04-26 00:18:13 [387270] [26] DEBUG: sms_router: handling message (0x7cc9c0011350 vs 0x7cc9c0011350)
2026-04-26 00:18:13 [387270] [26] DEBUG: Routing failed, re-queued.
2026-04-26 00:18:13 [387270] [26] DEBUG: sms_router: handling message (0x7cc9c0011350 vs 0x7cc9c0011350)
2026-04-26 00:18:13 [387270] [26] DEBUG: Routing failed, re-queued.
2026-04-26 00:18:13 [387270] [26] DEBUG: sms_router: time to sleep 30.00 secs.
2026-04-26 00:18:43 [387270] [26] DEBUG: sms_router: gwlist_len = 1
2026-04-26 00:18:43 [387270] [26] DEBUG: sms_router: handling message (0x7cc9c0011350 vs 0x7cc9c0011350)
2026-04-26 00:18:43 [387270] [26] DEBUG: Routing failed, re-queued.
2026-04-26 00:18:43 [387270] [26] DEBUG: sms_router: handling message (0x7cc9c0011350 vs 0x7cc9c0011350)
2026-04-26 00:18:43 [387270] [26] DEBUG: Routing failed, re-queued.
2026-04-26 00:18:43 [387270] [26] DEBUG: sms_router: time to sleep 30.00 secs.
2026-04-26 00:19:13 [387270] [26] DEBUG: sms_router: gwlist_len = 1
2026-04-26 00:19:13 [387270] [26] DEBUG: sms_router: handling message (0x7cc9c0011350 vs 0x7cc9c0011350)
2026-04-26 00:19:13 [387270] [26] DEBUG: Routing failed, re-queued.
2026-04-26 00:19:13 [387270] [26] DEBUG: sms_router: handling message (0x7cc9c0011350 vs 0x7cc9c0011350)
2026-04-26 00:19:13 [387270] [26] DEBUG: Routing failed, re-queued.
2026-04-26 00:19:13 [387270] [26] DEBUG: sms_router: time to sleep 30.00 secs.
2026-04-26 00:19:43 [387270] [26] DEBUG: sms_router: gwlist_len = 1
2026-04-26 00:19:43 [387270] [26] DEBUG: sms_router: handling message (0x7cc9c0011350 vs 0x7cc9c0011350)
2026-04-26 00:19:43 [387270] [26] DEBUG: Routing failed, re-queued.
2026-04-26 00:19:43 [387270] [26] DEBUG: sms_router: handling message (0x7cc9c0011350 vs 0x7cc9c0011350)
2026-04-26 00:19:43 [387270] [26] DEBUG: Routing failed, re-queued.
2026-04-26 00:19:43 [387270] [26] DEBUG: sms_router: time to sleep 30.00 secs.
2026-04-26 00:20:13 [387270] [26] DEBUG: sms_router: gwlist_len = 1
2026-04-26 00:20:13 [387270] [26] DEBUG: sms_router: handling message (0x7cc9c0011350 vs 0x7cc9c0011350)
2026-04-26 00:20:13 [387270] [26] DEBUG: Routing failed, re-queued.
2026-04-26 00:20:13 [387270] [26] DEBUG: sms_router: handling message (0x7cc9c0011350 vs 0x7cc9c0011350)
2026-04-26 00:20:13 [387270] [26] DEBUG: Routing failed, re-queued.
2026-04-26 00:20:13 [387270] [26] DEBUG: sms_router: time to sleep 30.00 secs.
2026-04-26 00:20:43 [387270] [26] DEBUG: sms_router: gwlist_len = 1
2026-04-26 00:20:43 [387270] [26] DEBUG: sms_router: handling message (0x7cc9c0011350 vs 0x7cc9c0011350)
2026-04-26 00:20:43 [387270] [26] DEBUG: Routing failed, re-queued.
2026-04-26 00:20:43 [387270] [26] DEBUG: sms_router: handling message (0x7cc9c0011350 vs 0x7cc9c0011350)
2026-04-26 00:20:43 [387270] [26] DEBUG: Routing failed, re-queued.
2026-04-26 00:20:43 [387270] [26] DEBUG: sms_router: time to sleep 30.00 secs.
2026-04-26 00:21:13 [387270] [26] DEBUG: sms_router: gwlist_len = 1
2026-04-26 00:21:13 [387270] [26] DEBUG: sms_router: handling message (0x7cc9c0011350 vs 0x7cc9c0011350)
2026-04-26 00:21:13 [387270] [26] DEBUG: Routing failed, re-queued.
2026-04-26 00:21:13 [387270] [26] DEBUG: sms_router: handling message (0x7cc9c0011350 vs 0x7cc9c0011350)
2026-04-26 00:21:13 [387270] [26] DEBUG: Routing failed, re-queued.
2026-04-26 00:21:13 [387270] [26] DEBUG: sms_router: time to sleep 30.00 secs.
2026-04-26 00:21:43 [387270] [26] DEBUG: sms_router: gwlist_len = 1
2026-04-26 00:21:43 [387270] [26] DEBUG: sms_router: handling message (0x7cc9c0011350 vs 0x7cc9c0011350)
2026-04-26 00:21:43 [387270] [26] DEBUG: Routing failed, re-queued.
2026-04-26 00:21:43 [387270] [26] DEBUG: sms_router: handling message (0x7cc9c0011350 vs 0x7cc9c0011350)
2026-04-26 00:21:43 [387270] [26] DEBUG: Routing failed, re-queued.
2026-04-26 00:21:43 [387270] [26] DEBUG: sms_router: time to sleep 30.00 secs.
2026-04-26 00:22:13 [387270] [26] DEBUG: sms_router: gwlist_len = 1
2026-04-26 00:22:13 [387270] [26] DEBUG: sms_router: handling message (0x7cc9c0011350 vs 0x7cc9c0011350)
2026-04-26 00:22:13 [387270] [26] DEBUG: Routing failed, re-queued.
2026-04-26 00:22:13 [387270] [26] DEBUG: sms_router: handling message (0x7cc9c0011350 vs 0x7cc9c0011350)
2026-04-26 00:22:13 [387270] [26] DEBUG: Routing failed, re-queued.
2026-04-26 00:22:13 [387270] [26] DEBUG: sms_router: time to sleep 30.00 secs.
2026-04-26 00:22:43 [387270] [26] DEBUG: sms_router: gwlist_len = 1
2026-04-26 00:22:43 [387270] [26] DEBUG: sms_router: handling message (0x7cc9c0011350 vs 0x7cc9c0011350)
2026-04-26 00:22:43 [387270] [26] DEBUG: Routing failed, re-queued.
2026-04-26 00:22:43 [387270] [26] DEBUG: sms_router: handling message (0x7cc9c0011350 vs 0x7cc9c0011350)
2026-04-26 00:22:43 [387270] [26] DEBUG: Routing failed, re-queued.
2026-04-26 00:22:43 [387270] [26] DEBUG: sms_router: time to sleep 30.00 secs.
2026-04-26 00:23:13 [387270] [26] DEBUG: sms_router: gwlist_len = 1
2026-04-26 00:23:13 [387270] [26] DEBUG: sms_router: handling message (0x7cc9c0011350 vs 0x7cc9c0011350)
2026-04-26 00:23:13 [387270] [26] DEBUG: Routing failed, re-queued.
2026-04-26 00:23:13 [387270] [26] DEBUG: sms_router: handling message (0x7cc9c0011350 vs 0x7cc9c0011350)
2026-04-26 00:23:13 [387270] [26] DEBUG: Routing failed, re-queued.
2026-04-26 00:23:13 [387270] [26] DEBUG: sms_router: time to sleep 30.00 secs.
2026-04-26 00:23:43 [387270] [26] DEBUG: sms_router: gwlist_len = 1
2026-04-26 00:23:43 [387270] [26] DEBUG: sms_router: handling message (0x7cc9c0011350 vs 0x7cc9c0011350)
2026-04-26 00:23:43 [387270] [26] DEBUG: Routing failed, re-queued.
2026-04-26 00:23:43 [387270] [26] DEBUG: sms_router: handling message (0x7cc9c0011350 vs 0x7cc9c0011350)
2026-04-26 00:23:43 [387270] [26] DEBUG: Routing failed, re-queued.
2026-04-26 00:23:43 [387270] [26] DEBUG: sms_router: time to sleep 30.00 secs.
2026-04-26 00:24:13 [387270] [26] DEBUG: sms_router: gwlist_len = 1
2026-04-26 00:24:13 [387270] [26] DEBUG: sms_router: handling message (0x7cc9c0011350 vs 0x7cc9c0011350)
2026-04-26 00:24:13 [387270] [26] DEBUG: Routing failed, re-queued.
2026-04-26 00:24:13 [387270] [26] DEBUG: sms_router: handling message (0x7cc9c0011350 vs 0x7cc9c0011350)
2026-04-26 00:24:13 [387270] [26] DEBUG: Routing failed, re-queued.
2026-04-26 00:24:13 [387270] [26] DEBUG: sms_router: time to sleep 30.00 secs.
2026-04-26 00:24:43 [387270] [26] DEBUG: sms_router: gwlist_len = 1
2026-04-26 00:24:43 [387270] [26] DEBUG: sms_router: handling message (0x7cc9c0011350 vs 0x7cc9c0011350)
2026-04-26 00:24:43 [387270] [26] DEBUG: Routing failed, re-queued.
2026-04-26 00:24:43 [387270] [26] DEBUG: sms_router: handling message (0x7cc9c0011350 vs 0x7cc9c0011350)
2026-04-26 00:24:43 [387270] [26] DEBUG: Routing failed, re-queued.
2026-04-26 00:24:43 [387270] [26] DEBUG: sms_router: time to sleep 30.00 secs.
2026-04-26 00:25:13 [387270] [26] DEBUG: sms_router: gwlist_len = 1
2026-04-26 00:25:13 [387270] [26] DEBUG: sms_router: handling message (0x7cc9c0011350 vs 0x7cc9c0011350)
2026-04-26 00:25:13 [387270] [26] DEBUG: Routing failed, re-queued.
2026-04-26 00:25:13 [387270] [26] DEBUG: sms_router: handling message (0x7cc9c0011350 vs 0x7cc9c0011350)
2026-04-26 00:25:13 [387270] [26] DEBUG: Routing failed, re-queued.
2026-04-26 00:25:13 [387270] [26] DEBUG: sms_router: time to sleep 30.00 secs.
2026-04-26 00:25:43 [387270] [26] DEBUG: sms_router: gwlist_len = 1
2026-04-26 00:25:43 [387270] [26] DEBUG: sms_router: handling message (0x7cc9c0011350 vs 0x7cc9c0011350)
2026-04-26 00:25:43 [387270] [26] DEBUG: Routing failed, re-queued.
2026-04-26 00:25:43 [387270] [26] DEBUG: sms_router: handling message (0x7cc9c0011350 vs 0x7cc9c0011350)
2026-04-26 00:25:43 [387270] [26] DEBUG: Routing failed, re-queued.
2026-04-26 00:25:43 [387270] [26] DEBUG: sms_router: time to sleep 30.00 secs.
2026-04-26 00:26:13 [387270] [26] DEBUG: sms_router: gwlist_len = 1
2026-04-26 00:26:13 [387270] [26] DEBUG: sms_router: handling message (0x7cc9c0011350 vs 0x7cc9c0011350)
2026-04-26 00:26:13 [387270] [26] DEBUG: Routing failed, re-queued.
2026-04-26 00:26:13 [387270] [26] DEBUG: sms_router: handling message (0x7cc9c0011350 vs 0x7cc9c0011350)
2026-04-26 00:26:13 [387270] [26] DEBUG: Routing failed, re-queued.
2026-04-26 00:26:13 [387270] [26] DEBUG: sms_router: time to sleep 30.00 secs.
2026-04-26 00:26:43 [387270] [26] DEBUG: sms_router: gwlist_len = 1
2026-04-26 00:26:43 [387270] [26] DEBUG: sms_router: handling message (0x7cc9c0011350 vs 0x7cc9c0011350)
2026-04-26 00:26:43 [387270] [26] DEBUG: Routing failed, re-queued.
2026-04-26 00:26:43 [387270] [26] DEBUG: sms_router: handling message (0x7cc9c0011350 vs 0x7cc9c0011350)
2026-04-26 00:26:43 [387270] [26] DEBUG: Routing failed, re-queued.
2026-04-26 00:26:43 [387270] [26] DEBUG: sms_router: time to sleep 30.00 secs.
2026-04-26 00:27:14 [387270] [26] DEBUG: sms_router: gwlist_len = 1
2026-04-26 00:27:14 [387270] [26] DEBUG: sms_router: handling message (0x7cc9c0011350 vs 0x7cc9c0011350)
2026-04-26 00:27:14 [387270] [26] DEBUG: Routing failed, re-queued.
2026-04-26 00:27:14 [387270] [26] DEBUG: sms_router: handling message (0x7cc9c0011350 vs 0x7cc9c0011350)
2026-04-26 00:27:14 [387270] [26] DEBUG: Routing failed, re-queued.
2026-04-26 00:27:14 [387270] [26] DEBUG: sms_router: time to sleep 30.00 secs.
2026-04-26 00:27:44 [387270] [26] DEBUG: sms_router: gwlist_len = 1
2026-04-26 00:27:44 [387270] [26] DEBUG: sms_router: handling message (0x7cc9c0011350 vs 0x7cc9c0011350)
2026-04-26 00:27:44 [387270] [26] DEBUG: Routing failed, re-queued.
2026-04-26 00:27:44 [387270] [26] DEBUG: sms_router: handling message (0x7cc9c0011350 vs 0x7cc9c0011350)
2026-04-26 00:27:44 [387270] [26] DEBUG: Routing failed, re-queued.
2026-04-26 00:27:44 [387270] [26] DEBUG: sms_router: time to sleep 30.00 secs.
2026-04-26 00:28:14 [387270] [26] DEBUG: sms_router: gwlist_len = 1
2026-04-26 00:28:14 [387270] [26] DEBUG: sms_router: handling message (0x7cc9c0011350 vs 0x7cc9c0011350)
2026-04-26 00:28:14 [387270] [26] DEBUG: Routing failed, re-queued.
2026-04-26 00:28:14 [387270] [26] DEBUG: sms_router: handling message (0x7cc9c0011350 vs 0x7cc9c0011350)
2026-04-26 00:28:14 [387270] [26] DEBUG: Routing failed, re-queued.
2026-04-26 00:28:14 [387270] [26] DEBUG: sms_router: time to sleep 30.00 secs.
2026-04-26 00:28:44 [387270] [26] DEBUG: sms_router: gwlist_len = 1
2026-04-26 00:28:44 [387270] [26] DEBUG: sms_router: handling message (0x7cc9c0011350 vs 0x7cc9c0011350)
2026-04-26 00:28:44 [387270] [26] DEBUG: Routing failed, re-queued.
2026-04-26 00:28:44 [387270] [26] DEBUG: sms_router: handling message (0x7cc9c0011350 vs 0x7cc9c0011350)
2026-04-26 00:28:44 [387270] [26] DEBUG: Routing failed, re-queued.
2026-04-26 00:28:44 [387270] [26] DEBUG: sms_router: time to sleep 30.00 secs.
2026-04-26 00:29:14 [387270] [26] DEBUG: sms_router: gwlist_len = 1
2026-04-26 00:29:14 [387270] [26] DEBUG: sms_router: handling message (0x7cc9c0011350 vs 0x7cc9c0011350)
2026-04-26 00:29:14 [387270] [26] DEBUG: Routing failed, re-queued.
2026-04-26 00:29:14 [387270] [26] DEBUG: sms_router: handling message (0x7cc9c0011350 vs 0x7cc9c0011350)
2026-04-26 00:29:14 [387270] [26] DEBUG: Routing failed, re-queued.
2026-04-26 00:29:14 [387270] [26] DEBUG: sms_router: time to sleep 30.00 secs.
2026-04-26 00:29:44 [387270] [26] DEBUG: sms_router: gwlist_len = 1
2026-04-26 00:29:44 [387270] [26] DEBUG: sms_router: handling message (0x7cc9c0011350 vs 0x7cc9c0011350)
2026-04-26 00:29:44 [387270] [26] DEBUG: Routing failed, re-queued.
2026-04-26 00:29:44 [387270] [26] DEBUG: sms_router: handling message (0x7cc9c0011350 vs 0x7cc9c0011350)
2026-04-26 00:29:44 [387270] [26] DEBUG: Routing failed, re-queued.
2026-04-26 00:29:44 [387270] [26] DEBUG: sms_router: time to sleep 30.00 secs.
2026-04-26 00:30:14 [387270] [26] DEBUG: sms_router: gwlist_len = 1
2026-04-26 00:30:14 [387270] [26] DEBUG: sms_router: handling message (0x7cc9c0011350 vs 0x7cc9c0011350)
2026-04-26 00:30:14 [387270] [26] DEBUG: Routing failed, re-queued.
2026-04-26 00:30:14 [387270] [26] DEBUG: sms_router: handling message (0x7cc9c0011350 vs 0x7cc9c0011350)
2026-04-26 00:30:14 [387270] [26] DEBUG: Routing failed, re-queued.
2026-04-26 00:30:14 [387270] [26] DEBUG: sms_router: time to sleep 30.00 secs.
2026-04-26 00:30:44 [387270] [26] DEBUG: sms_router: gwlist_len = 1
2026-04-26 00:30:44 [387270] [26] DEBUG: sms_router: handling message (0x7cc9c0011350 vs 0x7cc9c0011350)
2026-04-26 00:30:44 [387270] [26] DEBUG: Routing failed, re-queued.
2026-04-26 00:30:44 [387270] [26] DEBUG: sms_router: handling message (0x7cc9c0011350 vs 0x7cc9c0011350)
2026-04-26 00:30:44 [387270] [26] DEBUG: Routing failed, re-queued.
2026-04-26 00:30:44 [387270] [26] DEBUG: sms_router: time to sleep 30.00 secs.
2026-04-26 00:38:28 [387270] [26] DEBUG: sms_router: gwlist_len = 1
2026-04-26 00:38:28 [387270] [26] DEBUG: sms_router: handling message (0x7cc9c0011350 vs 0x7cc9c0011350)
2026-04-26 00:38:28 [387270] [26] DEBUG: Routing failed, re-queued.
2026-04-26 00:38:28 [387270] [26] DEBUG: sms_router: handling message (0x7cc9c0011350 vs 0x7cc9c0011350)
2026-04-26 00:38:28 [387270] [26] DEBUG: Routing failed, re-queued.
2026-04-26 00:38:28 [387270] [26] DEBUG: sms_router: time to sleep 30.00 secs.
2026-04-26 00:38:58 [387270] [26] DEBUG: sms_router: gwlist_len = 1
2026-04-26 00:38:58 [387270] [26] DEBUG: clear_old_concat_parts called
2026-04-26 00:38:58 [387270] [26] DEBUG: sms_router: handling message (0x7cc9c0011350 vs 0x7cc9c0011350)
2026-04-26 00:38:58 [387270] [26] DEBUG: Routing failed, re-queued.
2026-04-26 00:38:58 [387270] [26] DEBUG: sms_router: handling message (0x7cc9c0011350 vs 0x7cc9c0011350)
2026-04-26 00:38:58 [387270] [26] DEBUG: Routing failed, re-queued.
2026-04-26 00:38:58 [387270] [26] DEBUG: sms_router: time to sleep 30.00 secs.
2026-04-26 00:39:28 [387270] [26] DEBUG: sms_router: gwlist_len = 1
2026-04-26 00:39:28 [387270] [26] DEBUG: sms_router: handling message (0x7cc9c0011350 vs 0x7cc9c0011350)
2026-04-26 00:39:28 [387270] [26] DEBUG: Routing failed, re-queued.
2026-04-26 00:39:28 [387270] [26] DEBUG: sms_router: handling message (0x7cc9c0011350 vs 0x7cc9c0011350)
2026-04-26 00:39:28 [387270] [26] DEBUG: Routing failed, re-queued.
2026-04-26 00:39:28 [387270] [26] DEBUG: sms_router: time to sleep 30.00 secs.
2026-04-26 00:39:58 [387270] [26] DEBUG: sms_router: gwlist_len = 1
2026-04-26 00:39:58 [387270] [26] DEBUG: sms_router: handling message (0x7cc9c0011350 vs 0x7cc9c0011350)
2026-04-26 00:39:58 [387270] [26] DEBUG: Routing failed, re-queued.
2026-04-26 00:39:58 [387270] [26] DEBUG: sms_router: handling message (0x7cc9c0011350 vs 0x7cc9c0011350)
2026-04-26 00:39:58 [387270] [26] DEBUG: Routing failed, re-queued.
2026-04-26 00:39:58 [387270] [26] DEBUG: sms_router: time to sleep 30.00 secs.
2026-04-26 00:40:28 [387270] [26] DEBUG: sms_router: gwlist_len = 1
2026-04-26 00:40:28 [387270] [26] DEBUG: sms_router: handling message (0x7cc9c0011350 vs 0x7cc9c0011350)
2026-04-26 00:40:28 [387270] [26] DEBUG: Routing failed, re-queued.
2026-04-26 00:40:28 [387270] [26] DEBUG: sms_router: handling message (0x7cc9c0011350 vs 0x7cc9c0011350)
2026-04-26 00:40:28 [387270] [26] DEBUG: Routing failed, re-queued.
2026-04-26 00:40:28 [387270] [26] DEBUG: sms_router: time to sleep 30.00 secs.
2026-04-26 00:40:58 [387270] [26] DEBUG: sms_router: gwlist_len = 1
2026-04-26 00:40:58 [387270] [26] DEBUG: sms_router: handling message (0x7cc9c0011350 vs 0x7cc9c0011350)
2026-04-26 00:40:58 [387270] [26] DEBUG: Routing failed, re-queued.
2026-04-26 00:40:58 [387270] [26] DEBUG: sms_router: handling message (0x7cc9c0011350 vs 0x7cc9c0011350)
2026-04-26 00:40:58 [387270] [26] DEBUG: Routing failed, re-queued.
2026-04-26 00:40:58 [387270] [26] DEBUG: sms_router: time to sleep 30.00 secs.
2026-04-26 00:41:28 [387270] [26] DEBUG: sms_router: gwlist_len = 1
2026-04-26 00:41:28 [387270] [26] DEBUG: sms_router: handling message (0x7cc9c0011350 vs 0x7cc9c0011350)
2026-04-26 00:41:28 [387270] [26] DEBUG: Routing failed, re-queued.
2026-04-26 00:41:28 [387270] [26] DEBUG: sms_router: handling message (0x7cc9c0011350 vs 0x7cc9c0011350)
2026-04-26 00:41:28 [387270] [26] DEBUG: Routing failed, re-queued.
2026-04-26 00:41:28 [387270] [26] DEBUG: sms_router: time to sleep 30.00 secs.
2026-04-26 00:41:58 [387270] [26] DEBUG: sms_router: gwlist_len = 1
2026-04-26 00:41:58 [387270] [26] DEBUG: sms_router: handling message (0x7cc9c0011350 vs 0x7cc9c0011350)
2026-04-26 00:41:58 [387270] [26] DEBUG: Routing failed, re-queued.
2026-04-26 00:41:58 [387270] [26] DEBUG: sms_router: handling message (0x7cc9c0011350 vs 0x7cc9c0011350)
2026-04-26 00:41:58 [387270] [26] DEBUG: Routing failed, re-queued.
2026-04-26 00:41:58 [387270] [26] DEBUG: sms_router: time to sleep 30.00 secs.
2026-04-26 00:42:28 [387270] [26] DEBUG: sms_router: gwlist_len = 1
2026-04-26 00:42:28 [387270] [26] DEBUG: sms_router: handling message (0x7cc9c0011350 vs 0x7cc9c0011350)
2026-04-26 00:42:28 [387270] [26] DEBUG: Routing failed, re-queued.
2026-04-26 00:42:28 [387270] [26] DEBUG: sms_router: handling message (0x7cc9c0011350 vs 0x7cc9c0011350)
2026-04-26 00:42:28 [387270] [26] DEBUG: Routing failed, re-queued.
2026-04-26 00:42:28 [387270] [26] DEBUG: sms_router: time to sleep 30.00 secs.
2026-04-26 00:42:58 [387270] [26] DEBUG: sms_router: gwlist_len = 1
2026-04-26 00:42:58 [387270] [26] DEBUG: sms_router: handling message (0x7cc9c0011350 vs 0x7cc9c0011350)
2026-04-26 00:42:58 [387270] [26] DEBUG: Routing failed, re-queued.
2026-04-26 00:42:58 [387270] [26] DEBUG: sms_router: handling message (0x7cc9c0011350 vs 0x7cc9c0011350)
2026-04-26 00:42:58 [387270] [26] DEBUG: Routing failed, re-queued.
2026-04-26 00:42:58 [387270] [26] DEBUG: sms_router: time to sleep 30.00 secs.
2026-04-26 00:43:28 [387270] [26] DEBUG: sms_router: gwlist_len = 1
2026-04-26 00:43:28 [387270] [26] DEBUG: sms_router: handling message (0x7cc9c0011350 vs 0x7cc9c0011350)
2026-04-26 00:43:28 [387270] [26] DEBUG: Routing failed, re-queued.
2026-04-26 00:43:28 [387270] [26] DEBUG: sms_router: handling message (0x7cc9c0011350 vs 0x7cc9c0011350)
2026-04-26 00:43:28 [387270] [26] DEBUG: Routing failed, re-queued.
2026-04-26 00:43:28 [387270] [26] DEBUG: sms_router: time to sleep 30.00 secs.
2026-04-26 00:43:58 [387270] [26] DEBUG: sms_router: gwlist_len = 1
2026-04-26 00:43:58 [387270] [26] DEBUG: sms_router: handling message (0x7cc9c0011350 vs 0x7cc9c0011350)
2026-04-26 00:43:58 [387270] [26] DEBUG: Routing failed, re-queued.
2026-04-26 00:43:58 [387270] [26] DEBUG: sms_router: handling message (0x7cc9c0011350 vs 0x7cc9c0011350)
2026-04-26 00:43:58 [387270] [26] DEBUG: Routing failed, re-queued.
2026-04-26 00:43:58 [387270] [26] DEBUG: sms_router: time to sleep 30.00 secs.
2026-04-26 00:44:28 [387270] [26] DEBUG: sms_router: gwlist_len = 1
2026-04-26 00:44:28 [387270] [26] DEBUG: sms_router: handling message (0x7cc9c0011350 vs 0x7cc9c0011350)
2026-04-26 00:44:28 [387270] [26] DEBUG: Routing failed, re-queued.
2026-04-26 00:44:28 [387270] [26] DEBUG: sms_router: handling message (0x7cc9c0011350 vs 0x7cc9c0011350)
2026-04-26 00:44:28 [387270] [26] DEBUG: Routing failed, re-queued.
2026-04-26 00:44:28 [387270] [26] DEBUG: sms_router: time to sleep 30.00 secs.
2026-04-26 00:44:58 [387270] [26] DEBUG: sms_router: gwlist_len = 1
2026-04-26 00:44:58 [387270] [26] DEBUG: sms_router: handling message (0x7cc9c0011350 vs 0x7cc9c0011350)
2026-04-26 00:44:58 [387270] [26] DEBUG: Routing failed, re-queued.
2026-04-26 00:44:58 [387270] [26] DEBUG: sms_router: handling message (0x7cc9c0011350 vs 0x7cc9c0011350)
2026-04-26 00:44:58 [387270] [26] DEBUG: Routing failed, re-queued.
2026-04-26 00:44:58 [387270] [26] DEBUG: sms_router: time to sleep 30.00 secs.
2026-04-26 00:45:28 [387270] [26] DEBUG: sms_router: gwlist_len = 1
2026-04-26 00:45:28 [387270] [26] DEBUG: sms_router: handling message (0x7cc9c0011350 vs 0x7cc9c0011350)
2026-04-26 00:45:28 [387270] [26] DEBUG: Routing failed, re-queued.
2026-04-26 00:45:28 [387270] [26] DEBUG: sms_router: handling message (0x7cc9c0011350 vs 0x7cc9c0011350)
2026-04-26 00:45:28 [387270] [26] DEBUG: Routing failed, re-queued.
2026-04-26 00:45:28 [387270] [26] DEBUG: sms_router: time to sleep 30.00 secs.
2026-04-26 00:45:58 [387270] [26] DEBUG: sms_router: gwlist_len = 1
2026-04-26 00:45:58 [387270] [26] DEBUG: sms_router: handling message (0x7cc9c0011350 vs 0x7cc9c0011350)
2026-04-26 00:45:58 [387270] [26] DEBUG: Routing failed, re-queued.
2026-04-26 00:45:58 [387270] [26] DEBUG: sms_router: handling message (0x7cc9c0011350 vs 0x7cc9c0011350)
2026-04-26 00:45:58 [387270] [26] DEBUG: Routing failed, re-queued.
2026-04-26 00:45:58 [387270] [26] DEBUG: sms_router: time to sleep 30.00 secs.
2026-04-26 00:46:28 [387270] [26] DEBUG: sms_router: gwlist_len = 1
2026-04-26 00:46:28 [387270] [26] DEBUG: sms_router: handling message (0x7cc9c0011350 vs 0x7cc9c0011350)
2026-04-26 00:46:28 [387270] [26] DEBUG: Routing failed, re-queued.
2026-04-26 00:46:28 [387270] [26] DEBUG: sms_router: handling message (0x7cc9c0011350 vs 0x7cc9c0011350)
2026-04-26 00:46:28 [387270] [26] DEBUG: Routing failed, re-queued.
2026-04-26 00:46:28 [387270] [26] DEBUG: sms_router: time to sleep 30.00 secs.
2026-04-26 00:46:59 [387270] [26] DEBUG: sms_router: gwlist_len = 1
2026-04-26 00:46:59 [387270] [26] DEBUG: sms_router: handling message (0x7cc9c0011350 vs 0x7cc9c0011350)
2026-04-26 00:46:59 [387270] [26] DEBUG: Routing failed, re-queued.
2026-04-26 00:46:59 [387270] [26] DEBUG: sms_router: handling message (0x7cc9c0011350 vs 0x7cc9c0011350)
2026-04-26 00:46:59 [387270] [26] DEBUG: Routing failed, re-queued.
2026-04-26 00:46:59 [387270] [26] DEBUG: sms_router: time to sleep 30.00 secs.
2026-04-26 00:47:29 [387270] [26] DEBUG: sms_router: gwlist_len = 1
2026-04-26 00:47:29 [387270] [26] DEBUG: sms_router: handling message (0x7cc9c0011350 vs 0x7cc9c0011350)
2026-04-26 00:47:29 [387270] [26] DEBUG: Routing failed, re-queued.
2026-04-26 00:47:29 [387270] [26] DEBUG: sms_router: handling message (0x7cc9c0011350 vs 0x7cc9c0011350)
2026-04-26 00:47:29 [387270] [26] DEBUG: Routing failed, re-queued.
2026-04-26 00:47:29 [387270] [26] DEBUG: sms_router: time to sleep 30.00 secs.
2026-04-26 00:47:59 [387270] [26] DEBUG: sms_router: gwlist_len = 1
2026-04-26 00:47:59 [387270] [26] DEBUG: sms_router: handling message (0x7cc9c0011350 vs 0x7cc9c0011350)
2026-04-26 00:47:59 [387270] [26] DEBUG: Routing failed, re-queued.
2026-04-26 00:47:59 [387270] [26] DEBUG: sms_router: handling message (0x7cc9c0011350 vs 0x7cc9c0011350)
2026-04-26 00:47:59 [387270] [26] DEBUG: Routing failed, re-queued.
2026-04-26 00:47:59 [387270] [26] DEBUG: sms_router: time to sleep 30.00 secs.
2026-04-26 00:48:29 [387270] [26] DEBUG: sms_router: gwlist_len = 1
2026-04-26 00:48:29 [387270] [26] DEBUG: sms_router: handling message (0x7cc9c0011350 vs 0x7cc9c0011350)
2026-04-26 00:48:29 [387270] [26] DEBUG: Routing failed, re-queued.
2026-04-26 00:48:29 [387270] [26] DEBUG: sms_router: handling message (0x7cc9c0011350 vs 0x7cc9c0011350)
2026-04-26 00:48:29 [387270] [26] DEBUG: Routing failed, re-queued.
2026-04-26 00:48:29 [387270] [26] DEBUG: sms_router: time to sleep 30.00 secs.
2026-04-26 00:48:59 [387270] [26] DEBUG: sms_router: gwlist_len = 1
2026-04-26 00:48:59 [387270] [26] DEBUG: sms_router: handling message (0x7cc9c0011350 vs 0x7cc9c0011350)
2026-04-26 00:48:59 [387270] [26] DEBUG: Routing failed, re-queued.
2026-04-26 00:48:59 [387270] [26] DEBUG: sms_router: handling message (0x7cc9c0011350 vs 0x7cc9c0011350)
2026-04-26 00:48:59 [387270] [26] DEBUG: Routing failed, re-queued.
2026-04-26 00:48:59 [387270] [26] DEBUG: sms_router: time to sleep 30.00 secs.
2026-04-26 00:49:29 [387270] [26] DEBUG: sms_router: gwlist_len = 1
2026-04-26 00:49:29 [387270] [26] DEBUG: sms_router: handling message (0x7cc9c0011350 vs 0x7cc9c0011350)
2026-04-26 00:49:29 [387270] [26] DEBUG: Routing failed, re-queued.
2026-04-26 00:49:29 [387270] [26] DEBUG: sms_router: handling message (0x7cc9c0011350 vs 0x7cc9c0011350)
2026-04-26 00:49:29 [387270] [26] DEBUG: Routing failed, re-queued.
2026-04-26 00:49:29 [387270] [26] DEBUG: sms_router: time to sleep 30.00 secs.
2026-04-26 00:49:59 [387270] [26] DEBUG: sms_router: gwlist_len = 1
2026-04-26 00:49:59 [387270] [26] DEBUG: sms_router: handling message (0x7cc9c0011350 vs 0x7cc9c0011350)
2026-04-26 00:49:59 [387270] [26] DEBUG: Routing failed, re-queued.
2026-04-26 00:49:59 [387270] [26] DEBUG: sms_router: handling message (0x7cc9c0011350 vs 0x7cc9c0011350)
2026-04-26 00:49:59 [387270] [26] DEBUG: Routing failed, re-queued.
2026-04-26 00:49:59 [387270] [26] DEBUG: sms_router: time to sleep 30.00 secs.
2026-04-26 00:50:29 [387270] [26] DEBUG: sms_router: gwlist_len = 1
2026-04-26 00:50:29 [387270] [26] DEBUG: sms_router: handling message (0x7cc9c0011350 vs 0x7cc9c0011350)
2026-04-26 00:50:29 [387270] [26] DEBUG: Routing failed, re-queued.
2026-04-26 00:50:29 [387270] [26] DEBUG: sms_router: handling message (0x7cc9c0011350 vs 0x7cc9c0011350)
2026-04-26 00:50:29 [387270] [26] DEBUG: Routing failed, re-queued.
2026-04-26 00:50:29 [387270] [26] DEBUG: sms_router: time to sleep 30.00 secs.
2026-04-26 00:50:59 [387270] [26] DEBUG: sms_router: gwlist_len = 1
2026-04-26 00:50:59 [387270] [26] DEBUG: sms_router: handling message (0x7cc9c0011350 vs 0x7cc9c0011350)
2026-04-26 00:50:59 [387270] [26] DEBUG: Routing failed, re-queued.
2026-04-26 00:50:59 [387270] [26] DEBUG: sms_router: handling message (0x7cc9c0011350 vs 0x7cc9c0011350)
2026-04-26 00:50:59 [387270] [26] DEBUG: Routing failed, re-queued.
2026-04-26 00:50:59 [387270] [26] DEBUG: sms_router: time to sleep 30.00 secs.
2026-04-26 00:51:29 [387270] [26] DEBUG: sms_router: gwlist_len = 1
2026-04-26 00:51:29 [387270] [26] DEBUG: sms_router: handling message (0x7cc9c0011350 vs 0x7cc9c0011350)
2026-04-26 00:51:29 [387270] [26] DEBUG: Routing failed, re-queued.
2026-04-26 00:51:29 [387270] [26] DEBUG: sms_router: handling message (0x7cc9c0011350 vs 0x7cc9c0011350)
2026-04-26 00:51:29 [387270] [26] DEBUG: Routing failed, re-queued.
2026-04-26 00:51:29 [387270] [26] DEBUG: sms_router: time to sleep 30.00 secs.
2026-04-26 00:51:59 [387270] [26] DEBUG: sms_router: gwlist_len = 1
2026-04-26 00:51:59 [387270] [26] DEBUG: sms_router: handling message (0x7cc9c0011350 vs 0x7cc9c0011350)
2026-04-26 00:51:59 [387270] [26] DEBUG: Routing failed, re-queued.
2026-04-26 00:51:59 [387270] [26] DEBUG: sms_router: handling message (0x7cc9c0011350 vs 0x7cc9c0011350)
2026-04-26 00:51:59 [387270] [26] DEBUG: Routing failed, re-queued.
2026-04-26 00:51:59 [387270] [26] DEBUG: sms_router: time to sleep 30.00 secs.
2026-04-26 00:52:29 [387270] [26] DEBUG: sms_router: gwlist_len = 1
2026-04-26 00:52:29 [387270] [26] DEBUG: sms_router: handling message (0x7cc9c0011350 vs 0x7cc9c0011350)
2026-04-26 00:52:29 [387270] [26] DEBUG: Routing failed, re-queued.
2026-04-26 00:52:29 [387270] [26] DEBUG: sms_router: handling message (0x7cc9c0011350 vs 0x7cc9c0011350)
2026-04-26 00:52:29 [387270] [26] DEBUG: Routing failed, re-queued.
2026-04-26 00:52:29 [387270] [26] DEBUG: sms_router: time to sleep 30.00 secs.
2026-04-26 00:52:59 [387270] [26] DEBUG: sms_router: gwlist_len = 1
2026-04-26 00:52:59 [387270] [26] DEBUG: sms_router: handling message (0x7cc9c0011350 vs 0x7cc9c0011350)
2026-04-26 00:52:59 [387270] [26] DEBUG: Routing failed, re-queued.
2026-04-26 00:52:59 [387270] [26] DEBUG: sms_router: handling message (0x7cc9c0011350 vs 0x7cc9c0011350)
2026-04-26 00:52:59 [387270] [26] DEBUG: Routing failed, re-queued.
2026-04-26 00:52:59 [387270] [26] DEBUG: sms_router: time to sleep 30.00 secs.
2026-04-26 00:53:29 [387270] [26] DEBUG: sms_router: gwlist_len = 1
2026-04-26 00:53:29 [387270] [26] DEBUG: sms_router: handling message (0x7cc9c0011350 vs 0x7cc9c0011350)
2026-04-26 00:53:29 [387270] [26] DEBUG: Routing failed, re-queued.
2026-04-26 00:53:29 [387270] [26] DEBUG: sms_router: handling message (0x7cc9c0011350 vs 0x7cc9c0011350)
2026-04-26 00:53:29 [387270] [26] DEBUG: Routing failed, re-queued.
2026-04-26 00:53:29 [387270] [26] DEBUG: sms_router: time to sleep 30.00 secs.
2026-04-26 00:53:59 [387270] [26] DEBUG: sms_router: gwlist_len = 1
2026-04-26 00:53:59 [387270] [26] DEBUG: sms_router: handling message (0x7cc9c0011350 vs 0x7cc9c0011350)
2026-04-26 00:53:59 [387270] [26] DEBUG: Routing failed, re-queued.
2026-04-26 00:53:59 [387270] [26] DEBUG: sms_router: handling message (0x7cc9c0011350 vs 0x7cc9c0011350)
2026-04-26 00:53:59 [387270] [26] DEBUG: Routing failed, re-queued.
2026-04-26 00:53:59 [387270] [26] DEBUG: sms_router: time to sleep 30.00 secs.
2026-04-26 00:54:29 [387270] [26] DEBUG: sms_router: gwlist_len = 1
2026-04-26 00:54:29 [387270] [26] DEBUG: sms_router: handling message (0x7cc9c0011350 vs 0x7cc9c0011350)
2026-04-26 00:54:29 [387270] [26] DEBUG: Routing failed, re-queued.
2026-04-26 00:54:29 [387270] [26] DEBUG: sms_router: handling message (0x7cc9c0011350 vs 0x7cc9c0011350)
2026-04-26 00:54:29 [387270] [26] DEBUG: Routing failed, re-queued.
2026-04-26 00:54:29 [387270] [26] DEBUG: sms_router: time to sleep 30.00 secs.
2026-04-26 00:54:59 [387270] [26] DEBUG: sms_router: gwlist_len = 1
2026-04-26 00:54:59 [387270] [26] DEBUG: sms_router: handling message (0x7cc9c0011350 vs 0x7cc9c0011350)
2026-04-26 00:54:59 [387270] [26] DEBUG: Routing failed, re-queued.
2026-04-26 00:54:59 [387270] [26] DEBUG: sms_router: handling message (0x7cc9c0011350 vs 0x7cc9c0011350)
2026-04-26 00:54:59 [387270] [26] DEBUG: Routing failed, re-queued.
2026-04-26 00:54:59 [387270] [26] DEBUG: sms_router: time to sleep 30.00 secs.
2026-04-26 00:55:29 [387270] [26] DEBUG: sms_router: gwlist_len = 1
2026-04-26 00:55:29 [387270] [26] DEBUG: sms_router: handling message (0x7cc9c0011350 vs 0x7cc9c0011350)
2026-04-26 00:55:29 [387270] [26] DEBUG: Routing failed, re-queued.
2026-04-26 00:55:29 [387270] [26] DEBUG: sms_router: handling message (0x7cc9c0011350 vs 0x7cc9c0011350)
2026-04-26 00:55:29 [387270] [26] DEBUG: Routing failed, re-queued.
2026-04-26 00:55:29 [387270] [26] DEBUG: sms_router: time to sleep 30.00 secs.
2026-04-26 00:56:00 [387270] [26] DEBUG: sms_router: gwlist_len = 1
2026-04-26 00:56:00 [387270] [26] DEBUG: sms_router: handling message (0x7cc9c0011350 vs 0x7cc9c0011350)
2026-04-26 00:56:00 [387270] [26] DEBUG: Routing failed, re-queued.
2026-04-26 00:56:00 [387270] [26] DEBUG: sms_router: handling message (0x7cc9c0011350 vs 0x7cc9c0011350)
2026-04-26 00:56:00 [387270] [26] DEBUG: Routing failed, re-queued.
2026-04-26 00:56:00 [387270] [26] DEBUG: sms_router: time to sleep 30.00 secs.
2026-04-26 00:56:30 [387270] [26] DEBUG: sms_router: gwlist_len = 1
2026-04-26 00:56:30 [387270] [26] DEBUG: sms_router: handling message (0x7cc9c0011350 vs 0x7cc9c0011350)
2026-04-26 00:56:30 [387270] [26] DEBUG: Routing failed, re-queued.
2026-04-26 00:56:30 [387270] [26] DEBUG: sms_router: handling message (0x7cc9c0011350 vs 0x7cc9c0011350)
2026-04-26 00:56:30 [387270] [26] DEBUG: Routing failed, re-queued.
2026-04-26 00:56:30 [387270] [26] DEBUG: sms_router: time to sleep 30.00 secs.
2026-04-26 00:57:00 [387270] [26] DEBUG: sms_router: gwlist_len = 1
2026-04-26 00:57:00 [387270] [26] DEBUG: sms_router: handling message (0x7cc9c0011350 vs 0x7cc9c0011350)
2026-04-26 00:57:00 [387270] [26] DEBUG: Routing failed, re-queued.
2026-04-26 00:57:00 [387270] [26] DEBUG: sms_router: handling message (0x7cc9c0011350 vs 0x7cc9c0011350)
2026-04-26 00:57:00 [387270] [26] DEBUG: Routing failed, re-queued.
2026-04-26 00:57:00 [387270] [26] DEBUG: sms_router: time to sleep 30.00 secs.
2026-04-26 00:57:30 [387270] [26] DEBUG: sms_router: gwlist_len = 1
2026-04-26 00:57:30 [387270] [26] DEBUG: sms_router: handling message (0x7cc9c0011350 vs 0x7cc9c0011350)
2026-04-26 00:57:30 [387270] [26] DEBUG: Routing failed, re-queued.
2026-04-26 00:57:30 [387270] [26] DEBUG: sms_router: handling message (0x7cc9c0011350 vs 0x7cc9c0011350)
2026-04-26 00:57:30 [387270] [26] DEBUG: Routing failed, re-queued.
2026-04-26 00:57:30 [387270] [26] DEBUG: sms_router: time to sleep 30.00 secs.
2026-04-26 00:58:00 [387270] [26] DEBUG: sms_router: gwlist_len = 1
2026-04-26 00:58:00 [387270] [26] DEBUG: sms_router: handling message (0x7cc9c0011350 vs 0x7cc9c0011350)
2026-04-26 00:58:00 [387270] [26] DEBUG: Routing failed, re-queued.
2026-04-26 00:58:00 [387270] [26] DEBUG: sms_router: handling message (0x7cc9c0011350 vs 0x7cc9c0011350)
2026-04-26 00:58:00 [387270] [26] DEBUG: Routing failed, re-queued.
2026-04-26 00:58:00 [387270] [26] DEBUG: sms_router: time to sleep 30.00 secs.
2026-04-26 00:58:30 [387270] [26] DEBUG: sms_router: gwlist_len = 1
2026-04-26 00:58:30 [387270] [26] DEBUG: sms_router: handling message (0x7cc9c0011350 vs 0x7cc9c0011350)
2026-04-26 00:58:30 [387270] [26] DEBUG: Routing failed, re-queued.
2026-04-26 00:58:30 [387270] [26] DEBUG: sms_router: handling message (0x7cc9c0011350 vs 0x7cc9c0011350)
2026-04-26 00:58:30 [387270] [26] DEBUG: Routing failed, re-queued.
2026-04-26 00:58:30 [387270] [26] DEBUG: sms_router: time to sleep 30.00 secs.
2026-04-26 00:59:00 [387270] [26] DEBUG: sms_router: gwlist_len = 1
2026-04-26 00:59:00 [387270] [26] DEBUG: sms_router: handling message (0x7cc9c0011350 vs 0x7cc9c0011350)
2026-04-26 00:59:00 [387270] [26] DEBUG: Routing failed, re-queued.
2026-04-26 00:59:00 [387270] [26] DEBUG: sms_router: handling message (0x7cc9c0011350 vs 0x7cc9c0011350)
2026-04-26 00:59:00 [387270] [26] DEBUG: Routing failed, re-queued.
2026-04-26 00:59:00 [387270] [26] DEBUG: sms_router: time to sleep 30.00 secs.
2026-04-26 00:59:30 [387270] [26] DEBUG: sms_router: gwlist_len = 1
2026-04-26 00:59:30 [387270] [26] DEBUG: sms_router: handling message (0x7cc9c0011350 vs 0x7cc9c0011350)
2026-04-26 00:59:30 [387270] [26] DEBUG: Routing failed, re-queued.
2026-04-26 00:59:30 [387270] [26] DEBUG: sms_router: handling message (0x7cc9c0011350 vs 0x7cc9c0011350)
2026-04-26 00:59:30 [387270] [26] DEBUG: Routing failed, re-queued.
2026-04-26 00:59:30 [387270] [26] DEBUG: sms_router: time to sleep 30.00 secs.
2026-04-26 01:00:00 [387270] [26] DEBUG: sms_router: gwlist_len = 1
2026-04-26 01:00:00 [387270] [26] DEBUG: sms_router: handling message (0x7cc9c0011350 vs 0x7cc9c0011350)
2026-04-26 01:00:00 [387270] [26] DEBUG: Routing failed, re-queued.
2026-04-26 01:00:00 [387270] [26] DEBUG: sms_router: handling message (0x7cc9c0011350 vs 0x7cc9c0011350)
2026-04-26 01:00:00 [387270] [26] DEBUG: Routing failed, re-queued.
2026-04-26 01:00:00 [387270] [26] DEBUG: sms_router: time to sleep 30.00 secs.
2026-04-26 01:00:30 [387270] [26] DEBUG: sms_router: gwlist_len = 1
2026-04-26 01:00:30 [387270] [26] DEBUG: sms_router: handling message (0x7cc9c0011350 vs 0x7cc9c0011350)
2026-04-26 01:00:30 [387270] [26] DEBUG: Routing failed, re-queued.
2026-04-26 01:00:30 [387270] [26] DEBUG: sms_router: handling message (0x7cc9c0011350 vs 0x7cc9c0011350)
2026-04-26 01:00:30 [387270] [26] DEBUG: Routing failed, re-queued.
2026-04-26 01:00:30 [387270] [26] DEBUG: sms_router: time to sleep 30.00 secs.
2026-04-26 01:01:00 [387270] [26] DEBUG: sms_router: gwlist_len = 1
2026-04-26 01:01:00 [387270] [26] DEBUG: sms_router: handling message (0x7cc9c0011350 vs 0x7cc9c0011350)
2026-04-26 01:01:00 [387270] [26] DEBUG: Routing failed, re-queued.
2026-04-26 01:01:00 [387270] [26] DEBUG: sms_router: handling message (0x7cc9c0011350 vs 0x7cc9c0011350)
2026-04-26 01:01:00 [387270] [26] DEBUG: Routing failed, re-queued.
2026-04-26 01:01:00 [387270] [26] DEBUG: sms_router: time to sleep 30.00 secs.
2026-04-26 01:01:30 [387270] [26] DEBUG: sms_router: gwlist_len = 1
2026-04-26 01:01:30 [387270] [26] DEBUG: sms_router: handling message (0x7cc9c0011350 vs 0x7cc9c0011350)
2026-04-26 01:01:30 [387270] [26] DEBUG: Routing failed, re-queued.
2026-04-26 01:01:30 [387270] [26] DEBUG: sms_router: handling message (0x7cc9c0011350 vs 0x7cc9c0011350)
2026-04-26 01:01:30 [387270] [26] DEBUG: Routing failed, re-queued.
2026-04-26 01:01:30 [387270] [26] DEBUG: sms_router: time to sleep 30.00 secs.
2026-04-26 01:02:00 [387270] [26] DEBUG: sms_router: gwlist_len = 1
2026-04-26 01:02:00 [387270] [26] DEBUG: sms_router: handling message (0x7cc9c0011350 vs 0x7cc9c0011350)
2026-04-26 01:02:00 [387270] [26] DEBUG: Routing failed, re-queued.
2026-04-26 01:02:00 [387270] [26] DEBUG: sms_router: handling message (0x7cc9c0011350 vs 0x7cc9c0011350)
2026-04-26 01:02:00 [387270] [26] DEBUG: Routing failed, re-queued.
2026-04-26 01:02:00 [387270] [26] DEBUG: sms_router: time to sleep 30.00 secs.
2026-04-26 01:02:30 [387270] [26] DEBUG: sms_router: gwlist_len = 1
2026-04-26 01:02:30 [387270] [26] DEBUG: sms_router: handling message (0x7cc9c0011350 vs 0x7cc9c0011350)
2026-04-26 01:02:30 [387270] [26] DEBUG: Routing failed, re-queued.
2026-04-26 01:02:30 [387270] [26] DEBUG: sms_router: handling message (0x7cc9c0011350 vs 0x7cc9c0011350)
2026-04-26 01:02:30 [387270] [26] DEBUG: Routing failed, re-queued.
2026-04-26 01:02:30 [387270] [26] DEBUG: sms_router: time to sleep 30.00 secs.
2026-04-26 01:03:00 [387270] [26] DEBUG: sms_router: gwlist_len = 1
2026-04-26 01:03:00 [387270] [26] DEBUG: sms_router: handling message (0x7cc9c0011350 vs 0x7cc9c0011350)
2026-04-26 01:03:00 [387270] [26] DEBUG: Routing failed, re-queued.
2026-04-26 01:03:00 [387270] [26] DEBUG: sms_router: handling message (0x7cc9c0011350 vs 0x7cc9c0011350)
2026-04-26 01:03:00 [387270] [26] DEBUG: Routing failed, re-queued.
2026-04-26 01:03:00 [387270] [26] DEBUG: sms_router: time to sleep 30.00 secs.
2026-04-26 01:03:30 [387270] [26] DEBUG: sms_router: gwlist_len = 1
2026-04-26 01:03:30 [387270] [26] DEBUG: sms_router: handling message (0x7cc9c0011350 vs 0x7cc9c0011350)
2026-04-26 01:03:30 [387270] [26] DEBUG: Routing failed, re-queued.
2026-04-26 01:03:30 [387270] [26] DEBUG: sms_router: handling message (0x7cc9c0011350 vs 0x7cc9c0011350)
2026-04-26 01:03:30 [387270] [26] DEBUG: Routing failed, re-queued.
2026-04-26 01:03:30 [387270] [26] DEBUG: sms_router: time to sleep 30.00 secs.
2026-04-26 01:04:00 [387270] [26] DEBUG: sms_router: gwlist_len = 1
2026-04-26 01:04:00 [387270] [26] DEBUG: sms_router: handling message (0x7cc9c0011350 vs 0x7cc9c0011350)
2026-04-26 01:04:00 [387270] [26] DEBUG: Routing failed, re-queued.
2026-04-26 01:04:00 [387270] [26] DEBUG: sms_router: handling message (0x7cc9c0011350 vs 0x7cc9c0011350)
2026-04-26 01:04:00 [387270] [26] DEBUG: Routing failed, re-queued.
2026-04-26 01:04:00 [387270] [26] DEBUG: sms_router: time to sleep 30.00 secs.
2026-04-26 01:04:30 [387270] [26] DEBUG: sms_router: gwlist_len = 1
2026-04-26 01:04:30 [387270] [26] DEBUG: sms_router: handling message (0x7cc9c0011350 vs 0x7cc9c0011350)
2026-04-26 01:04:30 [387270] [26] DEBUG: Routing failed, re-queued.
2026-04-26 01:04:30 [387270] [26] DEBUG: sms_router: handling message (0x7cc9c0011350 vs 0x7cc9c0011350)
2026-04-26 01:04:30 [387270] [26] DEBUG: Routing failed, re-queued.
2026-04-26 01:04:30 [387270] [26] DEBUG: sms_router: time to sleep 30.00 secs.
2026-04-26 01:05:00 [387270] [26] DEBUG: sms_router: gwlist_len = 1
2026-04-26 01:05:00 [387270] [26] DEBUG: sms_router: handling message (0x7cc9c0011350 vs 0x7cc9c0011350)
2026-04-26 01:05:00 [387270] [26] DEBUG: Routing failed, re-queued.
2026-04-26 01:05:00 [387270] [26] DEBUG: sms_router: handling message (0x7cc9c0011350 vs 0x7cc9c0011350)
2026-04-26 01:05:00 [387270] [26] DEBUG: Routing failed, re-queued.
2026-04-26 01:05:00 [387270] [26] DEBUG: sms_router: time to sleep 30.00 secs.
2026-04-26 01:05:30 [387270] [26] DEBUG: sms_router: gwlist_len = 1
2026-04-26 01:05:30 [387270] [26] DEBUG: sms_router: handling message (0x7cc9c0011350 vs 0x7cc9c0011350)
2026-04-26 01:05:30 [387270] [26] DEBUG: Routing failed, re-queued.
2026-04-26 01:05:30 [387270] [26] DEBUG: sms_router: handling message (0x7cc9c0011350 vs 0x7cc9c0011350)
2026-04-26 01:05:30 [387270] [26] DEBUG: Routing failed, re-queued.
2026-04-26 01:05:30 [387270] [26] DEBUG: sms_router: time to sleep 30.00 secs.
2026-04-26 01:06:00 [387270] [26] DEBUG: sms_router: gwlist_len = 1
2026-04-26 01:06:00 [387270] [26] DEBUG: sms_router: handling message (0x7cc9c0011350 vs 0x7cc9c0011350)
2026-04-26 01:06:00 [387270] [26] DEBUG: Routing failed, re-queued.
2026-04-26 01:06:00 [387270] [26] DEBUG: sms_router: handling message (0x7cc9c0011350 vs 0x7cc9c0011350)
2026-04-26 01:06:00 [387270] [26] DEBUG: Routing failed, re-queued.
2026-04-26 01:06:00 [387270] [26] DEBUG: sms_router: time to sleep 30.00 secs.
2026-04-26 01:06:30 [387270] [26] DEBUG: sms_router: gwlist_len = 1
2026-04-26 01:06:30 [387270] [26] DEBUG: sms_router: handling message (0x7cc9c0011350 vs 0x7cc9c0011350)
2026-04-26 01:06:30 [387270] [26] DEBUG: Routing failed, re-queued.
2026-04-26 01:06:30 [387270] [26] DEBUG: sms_router: handling message (0x7cc9c0011350 vs 0x7cc9c0011350)
2026-04-26 01:06:30 [387270] [26] DEBUG: Routing failed, re-queued.
2026-04-26 01:06:30 [387270] [26] DEBUG: sms_router: time to sleep 30.00 secs.
2026-04-26 01:07:00 [387270] [26] DEBUG: sms_router: gwlist_len = 1
2026-04-26 01:07:00 [387270] [26] DEBUG: sms_router: handling message (0x7cc9c0011350 vs 0x7cc9c0011350)
2026-04-26 01:07:00 [387270] [26] DEBUG: Routing failed, re-queued.
2026-04-26 01:07:00 [387270] [26] DEBUG: sms_router: handling message (0x7cc9c0011350 vs 0x7cc9c0011350)
2026-04-26 01:07:00 [387270] [26] DEBUG: Routing failed, re-queued.
2026-04-26 01:07:00 [387270] [26] DEBUG: sms_router: time to sleep 30.00 secs.
2026-04-26 01:07:30 [387270] [26] DEBUG: sms_router: gwlist_len = 1
2026-04-26 01:07:30 [387270] [26] DEBUG: sms_router: handling message (0x7cc9c0011350 vs 0x7cc9c0011350)
2026-04-26 01:07:30 [387270] [26] DEBUG: Routing failed, re-queued.
2026-04-26 01:07:30 [387270] [26] DEBUG: sms_router: handling message (0x7cc9c0011350 vs 0x7cc9c0011350)
2026-04-26 01:07:30 [387270] [26] DEBUG: Routing failed, re-queued.
2026-04-26 01:07:30 [387270] [26] DEBUG: sms_router: time to sleep 30.00 secs.
2026-04-26 01:08:00 [387270] [26] DEBUG: sms_router: gwlist_len = 1
2026-04-26 01:08:00 [387270] [26] DEBUG: sms_router: handling message (0x7cc9c0011350 vs 0x7cc9c0011350)
2026-04-26 01:08:00 [387270] [26] DEBUG: Routing failed, re-queued.
2026-04-26 01:08:00 [387270] [26] DEBUG: sms_router: handling message (0x7cc9c0011350 vs 0x7cc9c0011350)
2026-04-26 01:08:00 [387270] [26] DEBUG: Routing failed, re-queued.
2026-04-26 01:08:00 [387270] [26] DEBUG: sms_router: time to sleep 30.00 secs.
2026-04-26 01:08:30 [387270] [26] DEBUG: sms_router: gwlist_len = 1
2026-04-26 01:08:30 [387270] [26] DEBUG: sms_router: handling message (0x7cc9c0011350 vs 0x7cc9c0011350)
2026-04-26 01:08:30 [387270] [26] DEBUG: Routing failed, re-queued.
2026-04-26 01:08:30 [387270] [26] DEBUG: sms_router: handling message (0x7cc9c0011350 vs 0x7cc9c0011350)
2026-04-26 01:08:30 [387270] [26] DEBUG: Routing failed, re-queued.
2026-04-26 01:08:30 [387270] [26] DEBUG: sms_router: time to sleep 30.00 secs.
2026-04-26 01:09:00 [387270] [26] DEBUG: sms_router: gwlist_len = 1
2026-04-26 01:09:00 [387270] [26] DEBUG: clear_old_concat_parts called
2026-04-26 01:09:00 [387270] [26] DEBUG: sms_router: handling message (0x7cc9c0011350 vs 0x7cc9c0011350)
2026-04-26 01:09:00 [387270] [26] DEBUG: Routing failed, re-queued.
2026-04-26 01:09:00 [387270] [26] DEBUG: sms_router: handling message (0x7cc9c0011350 vs 0x7cc9c0011350)
2026-04-26 01:09:00 [387270] [26] DEBUG: Routing failed, re-queued.
2026-04-26 01:09:00 [387270] [26] DEBUG: sms_router: time to sleep 30.00 secs.
2026-04-26 01:09:30 [387270] [26] DEBUG: sms_router: gwlist_len = 1
2026-04-26 01:09:30 [387270] [26] DEBUG: sms_router: handling message (0x7cc9c0011350 vs 0x7cc9c0011350)
2026-04-26 01:09:30 [387270] [26] DEBUG: Routing failed, re-queued.
2026-04-26 01:09:30 [387270] [26] DEBUG: sms_router: handling message (0x7cc9c0011350 vs 0x7cc9c0011350)
2026-04-26 01:09:30 [387270] [26] DEBUG: Routing failed, re-queued.
2026-04-26 01:09:30 [387270] [26] DEBUG: sms_router: time to sleep 30.00 secs.
2026-04-26 01:10:00 [387270] [26] DEBUG: sms_router: gwlist_len = 1
2026-04-26 01:10:00 [387270] [26] DEBUG: sms_router: handling message (0x7cc9c0011350 vs 0x7cc9c0011350)
2026-04-26 01:10:00 [387270] [26] DEBUG: Routing failed, re-queued.
2026-04-26 01:10:00 [387270] [26] DEBUG: sms_router: handling message (0x7cc9c0011350 vs 0x7cc9c0011350)
2026-04-26 01:10:00 [387270] [26] DEBUG: Routing failed, re-queued.
2026-04-26 01:10:00 [387270] [26] DEBUG: sms_router: time to sleep 30.00 secs.
2026-04-26 01:10:30 [387270] [26] DEBUG: sms_router: gwlist_len = 1
2026-04-26 01:10:30 [387270] [26] DEBUG: sms_router: handling message (0x7cc9c0011350 vs 0x7cc9c0011350)
2026-04-26 01:10:30 [387270] [26] DEBUG: Routing failed, re-queued.
2026-04-26 01:10:30 [387270] [26] DEBUG: sms_router: handling message (0x7cc9c0011350 vs 0x7cc9c0011350)
2026-04-26 01:10:30 [387270] [26] DEBUG: Routing failed, re-queued.
2026-04-26 01:10:30 [387270] [26] DEBUG: sms_router: time to sleep 30.00 secs.
2026-04-26 01:11:00 [387270] [26] DEBUG: sms_router: gwlist_len = 1
2026-04-26 01:11:00 [387270] [26] DEBUG: sms_router: handling message (0x7cc9c0011350 vs 0x7cc9c0011350)
2026-04-26 01:11:00 [387270] [26] DEBUG: Routing failed, re-queued.
2026-04-26 01:11:00 [387270] [26] DEBUG: sms_router: handling message (0x7cc9c0011350 vs 0x7cc9c0011350)
2026-04-26 01:11:00 [387270] [26] DEBUG: Routing failed, re-queued.
2026-04-26 01:11:00 [387270] [26] DEBUG: sms_router: time to sleep 30.00 secs.
2026-04-26 01:11:30 [387270] [26] DEBUG: sms_router: gwlist_len = 1
2026-04-26 01:11:30 [387270] [26] DEBUG: sms_router: handling message (0x7cc9c0011350 vs 0x7cc9c0011350)
2026-04-26 01:11:30 [387270] [26] DEBUG: Routing failed, re-queued.
2026-04-26 01:11:30 [387270] [26] DEBUG: sms_router: handling message (0x7cc9c0011350 vs 0x7cc9c0011350)
2026-04-26 01:11:30 [387270] [26] DEBUG: Routing failed, re-queued.
2026-04-26 01:11:30 [387270] [26] DEBUG: sms_router: time to sleep 30.00 secs.
2026-04-26 01:12:00 [387270] [26] DEBUG: sms_router: gwlist_len = 1
2026-04-26 01:12:00 [387270] [26] DEBUG: sms_router: handling message (0x7cc9c0011350 vs 0x7cc9c0011350)
2026-04-26 01:12:00 [387270] [26] DEBUG: Routing failed, re-queued.
2026-04-26 01:12:00 [387270] [26] DEBUG: sms_router: handling message (0x7cc9c0011350 vs 0x7cc9c0011350)
2026-04-26 01:12:00 [387270] [26] DEBUG: Routing failed, re-queued.
2026-04-26 01:12:00 [387270] [26] DEBUG: sms_router: time to sleep 30.00 secs.
2026-04-26 01:12:30 [387270] [26] DEBUG: sms_router: gwlist_len = 1
2026-04-26 01:12:30 [387270] [26] DEBUG: sms_router: handling message (0x7cc9c0011350 vs 0x7cc9c0011350)
2026-04-26 01:12:30 [387270] [26] DEBUG: Routing failed, re-queued.
2026-04-26 01:12:30 [387270] [26] DEBUG: sms_router: handling message (0x7cc9c0011350 vs 0x7cc9c0011350)
2026-04-26 01:12:30 [387270] [26] DEBUG: Routing failed, re-queued.
2026-04-26 01:12:30 [387270] [26] DEBUG: sms_router: time to sleep 30.00 secs.
2026-04-26 01:13:00 [387270] [26] DEBUG: sms_router: gwlist_len = 1
2026-04-26 01:13:00 [387270] [26] DEBUG: sms_router: handling message (0x7cc9c0011350 vs 0x7cc9c0011350)
2026-04-26 01:13:00 [387270] [26] DEBUG: Routing failed, re-queued.
2026-04-26 01:13:00 [387270] [26] DEBUG: sms_router: handling message (0x7cc9c0011350 vs 0x7cc9c0011350)
2026-04-26 01:13:00 [387270] [26] DEBUG: Routing failed, re-queued.
2026-04-26 01:13:00 [387270] [26] DEBUG: sms_router: time to sleep 30.00 secs.
2026-04-26 01:13:30 [387270] [26] DEBUG: sms_router: gwlist_len = 1
2026-04-26 01:13:30 [387270] [26] DEBUG: sms_router: handling message (0x7cc9c0011350 vs 0x7cc9c0011350)
2026-04-26 01:13:30 [387270] [26] DEBUG: Routing failed, re-queued.
2026-04-26 01:13:30 [387270] [26] DEBUG: sms_router: handling message (0x7cc9c0011350 vs 0x7cc9c0011350)
2026-04-26 01:13:30 [387270] [26] DEBUG: Routing failed, re-queued.
2026-04-26 01:13:30 [387270] [26] DEBUG: sms_router: time to sleep 30.00 secs.
2026-04-26 01:14:01 [387270] [26] DEBUG: sms_router: gwlist_len = 1
2026-04-26 01:14:01 [387270] [26] DEBUG: sms_router: handling message (0x7cc9c0011350 vs 0x7cc9c0011350)
2026-04-26 01:14:01 [387270] [26] DEBUG: Routing failed, re-queued.
2026-04-26 01:14:01 [387270] [26] DEBUG: sms_router: handling message (0x7cc9c0011350 vs 0x7cc9c0011350)
2026-04-26 01:14:01 [387270] [26] DEBUG: Routing failed, re-queued.
2026-04-26 01:14:01 [387270] [26] DEBUG: sms_router: time to sleep 30.00 secs.
2026-04-26 01:14:31 [387270] [26] DEBUG: sms_router: gwlist_len = 1
2026-04-26 01:14:31 [387270] [26] DEBUG: sms_router: handling message (0x7cc9c0011350 vs 0x7cc9c0011350)
2026-04-26 01:14:31 [387270] [26] DEBUG: Routing failed, re-queued.
2026-04-26 01:14:31 [387270] [26] DEBUG: sms_router: handling message (0x7cc9c0011350 vs 0x7cc9c0011350)
2026-04-26 01:14:31 [387270] [26] DEBUG: Routing failed, re-queued.
2026-04-26 01:14:31 [387270] [26] DEBUG: sms_router: time to sleep 30.00 secs.
2026-04-26 01:15:01 [387270] [26] DEBUG: sms_router: gwlist_len = 1
2026-04-26 01:15:01 [387270] [26] DEBUG: sms_router: handling message (0x7cc9c0011350 vs 0x7cc9c0011350)
2026-04-26 01:15:01 [387270] [26] DEBUG: Routing failed, re-queued.
2026-04-26 01:15:01 [387270] [26] DEBUG: sms_router: handling message (0x7cc9c0011350 vs 0x7cc9c0011350)
2026-04-26 01:15:01 [387270] [26] DEBUG: Routing failed, re-queued.
2026-04-26 01:15:01 [387270] [26] DEBUG: sms_router: time to sleep 30.00 secs.
2026-04-26 01:15:31 [387270] [26] DEBUG: sms_router: gwlist_len = 1
2026-04-26 01:15:31 [387270] [26] DEBUG: sms_router: handling message (0x7cc9c0011350 vs 0x7cc9c0011350)
2026-04-26 01:15:31 [387270] [26] DEBUG: Routing failed, re-queued.
2026-04-26 01:15:31 [387270] [26] DEBUG: sms_router: handling message (0x7cc9c0011350 vs 0x7cc9c0011350)
2026-04-26 01:15:31 [387270] [26] DEBUG: Routing failed, re-queued.
2026-04-26 01:15:31 [387270] [26] DEBUG: sms_router: time to sleep 30.00 secs.
2026-04-26 15:17:09 [387270] [26] DEBUG: sms_router: gwlist_len = 1
2026-04-26 15:17:09 [387270] [26] DEBUG: clear_old_concat_parts called
2026-04-26 15:17:09 [387270] [26] DEBUG: sms_router: handling message (0x7cc9c0011350 vs 0x7cc9c0011350)
2026-04-26 15:17:09 [387270] [26] DEBUG: Routing failed, re-queued.
2026-04-26 15:17:09 [387270] [26] DEBUG: sms_router: handling message (0x7cc9c0011350 vs 0x7cc9c0011350)
2026-04-26 15:17:09 [387270] [26] DEBUG: Routing failed, re-queued.
2026-04-26 15:17:09 [387270] [26] DEBUG: sms_router: time to sleep 30.00 secs.
2026-04-26 15:17:39 [387270] [26] DEBUG: sms_router: gwlist_len = 1
2026-04-26 15:17:39 [387270] [26] DEBUG: sms_router: handling message (0x7cc9c0011350 vs 0x7cc9c0011350)
2026-04-26 15:17:39 [387270] [26] DEBUG: Routing failed, re-queued.
2026-04-26 15:17:39 [387270] [26] DEBUG: sms_router: handling message (0x7cc9c0011350 vs 0x7cc9c0011350)
2026-04-26 15:17:39 [387270] [26] DEBUG: Routing failed, re-queued.
2026-04-26 15:17:39 [387270] [26] DEBUG: sms_router: time to sleep 30.00 secs.
2026-04-26 15:18:09 [387270] [26] DEBUG: sms_router: gwlist_len = 1
2026-04-26 15:18:09 [387270] [26] DEBUG: sms_router: handling message (0x7cc9c0011350 vs 0x7cc9c0011350)
2026-04-26 15:18:09 [387270] [26] DEBUG: Routing failed, re-queued.
2026-04-26 15:18:09 [387270] [26] DEBUG: sms_router: handling message (0x7cc9c0011350 vs 0x7cc9c0011350)
2026-04-26 15:18:09 [387270] [26] DEBUG: Routing failed, re-queued.
2026-04-26 15:18:09 [387270] [26] DEBUG: sms_router: time to sleep 30.00 secs.
2026-04-26 15:18:39 [387270] [26] DEBUG: sms_router: gwlist_len = 1
2026-04-26 15:18:39 [387270] [26] DEBUG: sms_router: handling message (0x7cc9c0011350 vs 0x7cc9c0011350)
2026-04-26 15:18:39 [387270] [26] DEBUG: Routing failed, re-queued.
2026-04-26 15:18:39 [387270] [26] DEBUG: sms_router: handling message (0x7cc9c0011350 vs 0x7cc9c0011350)
2026-04-26 15:18:39 [387270] [26] DEBUG: Routing failed, re-queued.
2026-04-26 15:18:39 [387270] [26] DEBUG: sms_router: time to sleep 30.00 secs.
2026-04-26 15:19:09 [387270] [26] DEBUG: sms_router: gwlist_len = 1
2026-04-26 15:19:09 [387270] [26] DEBUG: sms_router: handling message (0x7cc9c0011350 vs 0x7cc9c0011350)
2026-04-26 15:19:09 [387270] [26] DEBUG: Routing failed, re-queued.
2026-04-26 15:19:09 [387270] [26] DEBUG: sms_router: handling message (0x7cc9c0011350 vs 0x7cc9c0011350)
2026-04-26 15:19:09 [387270] [26] DEBUG: Routing failed, re-queued.
2026-04-26 15:19:09 [387270] [26] DEBUG: sms_router: time to sleep 30.00 secs.
2026-04-26 15:19:39 [387270] [26] DEBUG: sms_router: gwlist_len = 1
2026-04-26 15:19:39 [387270] [26] DEBUG: sms_router: handling message (0x7cc9c0011350 vs 0x7cc9c0011350)
2026-04-26 15:19:39 [387270] [26] DEBUG: Routing failed, re-queued.
2026-04-26 15:19:39 [387270] [26] DEBUG: sms_router: handling message (0x7cc9c0011350 vs 0x7cc9c0011350)
2026-04-26 15:19:39 [387270] [26] DEBUG: Routing failed, re-queued.
2026-04-26 15:19:39 [387270] [26] DEBUG: sms_router: time to sleep 30.00 secs.
2026-04-26 15:20:09 [387270] [26] DEBUG: sms_router: gwlist_len = 1
2026-04-26 15:20:09 [387270] [26] DEBUG: sms_router: handling message (0x7cc9c0011350 vs 0x7cc9c0011350)
2026-04-26 15:20:09 [387270] [26] DEBUG: Routing failed, re-queued.
2026-04-26 15:20:09 [387270] [26] DEBUG: sms_router: handling message (0x7cc9c0011350 vs 0x7cc9c0011350)
2026-04-26 15:20:09 [387270] [26] DEBUG: Routing failed, re-queued.
2026-04-26 15:20:09 [387270] [26] DEBUG: sms_router: time to sleep 30.00 secs.
2026-04-26 15:20:39 [387270] [26] DEBUG: sms_router: gwlist_len = 1
2026-04-26 15:20:39 [387270] [26] DEBUG: sms_router: handling message (0x7cc9c0011350 vs 0x7cc9c0011350)
2026-04-26 15:20:39 [387270] [26] DEBUG: Routing failed, re-queued.
2026-04-26 15:20:39 [387270] [26] DEBUG: sms_router: handling message (0x7cc9c0011350 vs 0x7cc9c0011350)
2026-04-26 15:20:39 [387270] [26] DEBUG: Routing failed, re-queued.
2026-04-26 15:20:39 [387270] [26] DEBUG: sms_router: time to sleep 30.00 secs.
2026-04-26 15:21:09 [387270] [26] DEBUG: sms_router: gwlist_len = 1
2026-04-26 15:21:09 [387270] [26] DEBUG: sms_router: handling message (0x7cc9c0011350 vs 0x7cc9c0011350)
2026-04-26 15:21:09 [387270] [26] DEBUG: Routing failed, re-queued.
2026-04-26 15:21:09 [387270] [26] DEBUG: sms_router: handling message (0x7cc9c0011350 vs 0x7cc9c0011350)
2026-04-26 15:21:09 [387270] [26] DEBUG: Routing failed, re-queued.
2026-04-26 15:21:09 [387270] [26] DEBUG: sms_router: time to sleep 30.00 secs.
2026-04-26 15:21:40 [387270] [26] DEBUG: sms_router: gwlist_len = 1
2026-04-26 15:21:40 [387270] [26] DEBUG: sms_router: handling message (0x7cc9c0011350 vs 0x7cc9c0011350)
2026-04-26 15:21:40 [387270] [26] DEBUG: Routing failed, re-queued.
2026-04-26 15:21:40 [387270] [26] DEBUG: sms_router: handling message (0x7cc9c0011350 vs 0x7cc9c0011350)
2026-04-26 15:21:40 [387270] [26] DEBUG: Routing failed, re-queued.
2026-04-26 15:21:40 [387270] [26] DEBUG: sms_router: time to sleep 30.00 secs.
2026-04-26 15:22:10 [387270] [26] DEBUG: sms_router: gwlist_len = 1
2026-04-26 15:22:10 [387270] [26] DEBUG: sms_router: handling message (0x7cc9c0011350 vs 0x7cc9c0011350)
2026-04-26 15:22:10 [387270] [26] DEBUG: Routing failed, re-queued.
2026-04-26 15:22:10 [387270] [26] DEBUG: sms_router: handling message (0x7cc9c0011350 vs 0x7cc9c0011350)
2026-04-26 15:22:10 [387270] [26] DEBUG: Routing failed, re-queued.
2026-04-26 15:22:10 [387270] [26] DEBUG: sms_router: time to sleep 30.00 secs.
2026-04-26 15:22:40 [387270] [26] DEBUG: sms_router: gwlist_len = 1
2026-04-26 15:22:40 [387270] [26] DEBUG: sms_router: handling message (0x7cc9c0011350 vs 0x7cc9c0011350)
2026-04-26 15:22:40 [387270] [26] DEBUG: Routing failed, re-queued.
2026-04-26 15:22:40 [387270] [26] DEBUG: sms_router: handling message (0x7cc9c0011350 vs 0x7cc9c0011350)
2026-04-26 15:22:40 [387270] [26] DEBUG: Routing failed, re-queued.
2026-04-26 15:22:40 [387270] [26] DEBUG: sms_router: time to sleep 30.00 secs.
2026-04-26 15:23:10 [387270] [26] DEBUG: sms_router: gwlist_len = 1
2026-04-26 15:23:10 [387270] [26] DEBUG: sms_router: handling message (0x7cc9c0011350 vs 0x7cc9c0011350)
2026-04-26 15:23:10 [387270] [26] DEBUG: Routing failed, re-queued.
2026-04-26 15:23:10 [387270] [26] DEBUG: sms_router: handling message (0x7cc9c0011350 vs 0x7cc9c0011350)
2026-04-26 15:23:10 [387270] [26] DEBUG: Routing failed, re-queued.
2026-04-26 15:23:10 [387270] [26] DEBUG: sms_router: time to sleep 30.00 secs.
2026-04-26 15:23:40 [387270] [26] DEBUG: sms_router: gwlist_len = 1
2026-04-26 15:23:40 [387270] [26] DEBUG: sms_router: handling message (0x7cc9c0011350 vs 0x7cc9c0011350)
2026-04-26 15:23:40 [387270] [26] DEBUG: Routing failed, re-queued.
2026-04-26 15:23:40 [387270] [26] DEBUG: sms_router: handling message (0x7cc9c0011350 vs 0x7cc9c0011350)
2026-04-26 15:23:40 [387270] [26] DEBUG: Routing failed, re-queued.
2026-04-26 15:23:40 [387270] [26] DEBUG: sms_router: time to sleep 30.00 secs.
2026-04-26 15:24:10 [387270] [26] DEBUG: sms_router: gwlist_len = 1
2026-04-26 15:24:10 [387270] [26] DEBUG: sms_router: handling message (0x7cc9c0011350 vs 0x7cc9c0011350)
2026-04-26 15:24:10 [387270] [26] DEBUG: Routing failed, re-queued.
2026-04-26 15:24:10 [387270] [26] DEBUG: sms_router: handling message (0x7cc9c0011350 vs 0x7cc9c0011350)
2026-04-26 15:24:10 [387270] [26] DEBUG: Routing failed, re-queued.
2026-04-26 15:24:10 [387270] [26] DEBUG: sms_router: time to sleep 30.00 secs.
2026-04-26 15:24:40 [387270] [26] DEBUG: sms_router: gwlist_len = 1
2026-04-26 15:24:40 [387270] [26] DEBUG: sms_router: handling message (0x7cc9c0011350 vs 0x7cc9c0011350)
2026-04-26 15:24:40 [387270] [26] DEBUG: Routing failed, re-queued.
2026-04-26 15:24:40 [387270] [26] DEBUG: sms_router: handling message (0x7cc9c0011350 vs 0x7cc9c0011350)
2026-04-26 15:24:40 [387270] [26] DEBUG: Routing failed, re-queued.
2026-04-26 15:24:40 [387270] [26] DEBUG: sms_router: time to sleep 30.00 secs.
2026-04-26 15:25:10 [387270] [26] DEBUG: sms_router: gwlist_len = 1
2026-04-26 15:25:10 [387270] [26] DEBUG: sms_router: handling message (0x7cc9c0011350 vs 0x7cc9c0011350)
2026-04-26 15:25:10 [387270] [26] DEBUG: Routing failed, re-queued.
2026-04-26 15:25:10 [387270] [26] DEBUG: sms_router: handling message (0x7cc9c0011350 vs 0x7cc9c0011350)
2026-04-26 15:25:10 [387270] [26] DEBUG: Routing failed, re-queued.
2026-04-26 15:25:10 [387270] [26] DEBUG: sms_router: time to sleep 30.00 secs.
2026-04-26 15:25:40 [387270] [26] DEBUG: sms_router: gwlist_len = 1
2026-04-26 15:25:40 [387270] [26] DEBUG: sms_router: handling message (0x7cc9c0011350 vs 0x7cc9c0011350)
2026-04-26 15:25:40 [387270] [26] DEBUG: Routing failed, re-queued.
2026-04-26 15:25:40 [387270] [26] DEBUG: sms_router: handling message (0x7cc9c0011350 vs 0x7cc9c0011350)
2026-04-26 15:25:40 [387270] [26] DEBUG: Routing failed, re-queued.
2026-04-26 15:25:40 [387270] [26] DEBUG: sms_router: time to sleep 30.00 secs.
2026-04-26 15:26:10 [387270] [26] DEBUG: sms_router: gwlist_len = 1
2026-04-26 15:26:10 [387270] [26] DEBUG: sms_router: handling message (0x7cc9c0011350 vs 0x7cc9c0011350)
2026-04-26 15:26:10 [387270] [26] DEBUG: Routing failed, re-queued.
2026-04-26 15:26:10 [387270] [26] DEBUG: sms_router: handling message (0x7cc9c0011350 vs 0x7cc9c0011350)
2026-04-26 15:26:10 [387270] [26] DEBUG: Routing failed, re-queued.
2026-04-26 15:26:10 [387270] [26] DEBUG: sms_router: time to sleep 30.00 secs.
2026-04-26 15:26:40 [387270] [26] DEBUG: sms_router: gwlist_len = 1
2026-04-26 15:26:40 [387270] [26] DEBUG: sms_router: handling message (0x7cc9c0011350 vs 0x7cc9c0011350)
2026-04-26 15:26:40 [387270] [26] DEBUG: Routing failed, re-queued.
2026-04-26 15:26:40 [387270] [26] DEBUG: sms_router: handling message (0x7cc9c0011350 vs 0x7cc9c0011350)
2026-04-26 15:26:40 [387270] [26] DEBUG: Routing failed, re-queued.
2026-04-26 15:26:40 [387270] [26] DEBUG: sms_router: time to sleep 30.00 secs.
2026-04-26 15:27:10 [387270] [26] DEBUG: sms_router: gwlist_len = 1
2026-04-26 15:27:10 [387270] [26] DEBUG: sms_router: handling message (0x7cc9c0011350 vs 0x7cc9c0011350)
2026-04-26 15:27:10 [387270] [26] DEBUG: Routing failed, re-queued.
2026-04-26 15:27:10 [387270] [26] DEBUG: sms_router: handling message (0x7cc9c0011350 vs 0x7cc9c0011350)
2026-04-26 15:27:10 [387270] [26] DEBUG: Routing failed, re-queued.
2026-04-26 15:27:10 [387270] [26] DEBUG: sms_router: time to sleep 30.00 secs.
2026-04-26 15:27:40 [387270] [26] DEBUG: sms_router: gwlist_len = 1
2026-04-26 15:27:40 [387270] [26] DEBUG: sms_router: handling message (0x7cc9c0011350 vs 0x7cc9c0011350)
2026-04-26 15:27:40 [387270] [26] DEBUG: Routing failed, re-queued.
2026-04-26 15:27:40 [387270] [26] DEBUG: sms_router: handling message (0x7cc9c0011350 vs 0x7cc9c0011350)
2026-04-26 15:27:40 [387270] [26] DEBUG: Routing failed, re-queued.
2026-04-26 15:27:40 [387270] [26] DEBUG: sms_router: time to sleep 30.00 secs.
2026-04-26 15:28:10 [387270] [26] DEBUG: sms_router: gwlist_len = 1
2026-04-26 15:28:10 [387270] [26] DEBUG: sms_router: handling message (0x7cc9c0011350 vs 0x7cc9c0011350)
2026-04-26 15:28:10 [387270] [26] DEBUG: Routing failed, re-queued.
2026-04-26 15:28:10 [387270] [26] DEBUG: sms_router: handling message (0x7cc9c0011350 vs 0x7cc9c0011350)
2026-04-26 15:28:10 [387270] [26] DEBUG: Routing failed, re-queued.
2026-04-26 15:28:10 [387270] [26] DEBUG: sms_router: time to sleep 30.00 secs.
2026-04-26 15:28:40 [387270] [26] DEBUG: sms_router: gwlist_len = 1
2026-04-26 15:28:40 [387270] [26] DEBUG: sms_router: handling message (0x7cc9c0011350 vs 0x7cc9c0011350)
2026-04-26 15:28:40 [387270] [26] DEBUG: Routing failed, re-queued.
2026-04-26 15:28:40 [387270] [26] DEBUG: sms_router: handling message (0x7cc9c0011350 vs 0x7cc9c0011350)
2026-04-26 15:28:40 [387270] [26] DEBUG: Routing failed, re-queued.
2026-04-26 15:28:40 [387270] [26] DEBUG: sms_router: time to sleep 30.00 secs.
2026-04-26 15:29:10 [387270] [26] DEBUG: sms_router: gwlist_len = 1
2026-04-26 15:29:10 [387270] [26] DEBUG: sms_router: handling message (0x7cc9c0011350 vs 0x7cc9c0011350)
2026-04-26 15:29:10 [387270] [26] DEBUG: Routing failed, re-queued.
2026-04-26 15:29:10 [387270] [26] DEBUG: sms_router: handling message (0x7cc9c0011350 vs 0x7cc9c0011350)
2026-04-26 15:29:10 [387270] [26] DEBUG: Routing failed, re-queued.
2026-04-26 15:29:10 [387270] [26] DEBUG: sms_router: time to sleep 30.00 secs.
2026-04-26 15:29:40 [387270] [26] DEBUG: sms_router: gwlist_len = 1
2026-04-26 15:29:40 [387270] [26] DEBUG: sms_router: handling message (0x7cc9c0011350 vs 0x7cc9c0011350)
2026-04-26 15:29:40 [387270] [26] DEBUG: Routing failed, re-queued.
2026-04-26 15:29:40 [387270] [26] DEBUG: sms_router: handling message (0x7cc9c0011350 vs 0x7cc9c0011350)
2026-04-26 15:29:40 [387270] [26] DEBUG: Routing failed, re-queued.
2026-04-26 15:29:40 [387270] [26] DEBUG: sms_router: time to sleep 30.00 secs.
2026-04-26 15:30:10 [387270] [26] DEBUG: sms_router: gwlist_len = 1
2026-04-26 15:30:10 [387270] [26] DEBUG: sms_router: handling message (0x7cc9c0011350 vs 0x7cc9c0011350)
2026-04-26 15:30:10 [387270] [26] DEBUG: Routing failed, re-queued.
2026-04-26 15:30:10 [387270] [26] DEBUG: sms_router: handling message (0x7cc9c0011350 vs 0x7cc9c0011350)
2026-04-26 15:30:10 [387270] [26] DEBUG: Routing failed, re-queued.
2026-04-26 15:30:10 [387270] [26] DEBUG: sms_router: time to sleep 30.00 secs.
2026-04-26 15:30:40 [387270] [26] DEBUG: sms_router: gwlist_len = 1
2026-04-26 15:30:40 [387270] [26] DEBUG: sms_router: handling message (0x7cc9c0011350 vs 0x7cc9c0011350)
2026-04-26 15:30:40 [387270] [26] DEBUG: Routing failed, re-queued.
2026-04-26 15:30:40 [387270] [26] DEBUG: sms_router: handling message (0x7cc9c0011350 vs 0x7cc9c0011350)
2026-04-26 15:30:40 [387270] [26] DEBUG: Routing failed, re-queued.
2026-04-26 15:30:40 [387270] [26] DEBUG: sms_router: time to sleep 30.00 secs.
2026-04-26 15:31:10 [387270] [26] DEBUG: sms_router: gwlist_len = 1
2026-04-26 15:31:10 [387270] [26] DEBUG: sms_router: handling message (0x7cc9c0011350 vs 0x7cc9c0011350)
2026-04-26 15:31:10 [387270] [26] DEBUG: Routing failed, re-queued.
2026-04-26 15:31:10 [387270] [26] DEBUG: sms_router: handling message (0x7cc9c0011350 vs 0x7cc9c0011350)
2026-04-26 15:31:10 [387270] [26] DEBUG: Routing failed, re-queued.
2026-04-26 15:31:10 [387270] [26] DEBUG: sms_router: time to sleep 30.00 secs.
2026-04-26 15:31:40 [387270] [26] DEBUG: sms_router: gwlist_len = 1
2026-04-26 15:31:40 [387270] [26] DEBUG: sms_router: handling message (0x7cc9c0011350 vs 0x7cc9c0011350)
2026-04-26 15:31:40 [387270] [26] DEBUG: Routing failed, re-queued.
2026-04-26 15:31:40 [387270] [26] DEBUG: sms_router: handling message (0x7cc9c0011350 vs 0x7cc9c0011350)
2026-04-26 15:31:40 [387270] [26] DEBUG: Routing failed, re-queued.
2026-04-26 15:31:40 [387270] [26] DEBUG: sms_router: time to sleep 30.00 secs.
2026-04-26 15:32:10 [387270] [26] DEBUG: sms_router: gwlist_len = 1
2026-04-26 15:32:10 [387270] [26] DEBUG: sms_router: handling message (0x7cc9c0011350 vs 0x7cc9c0011350)
2026-04-26 15:32:10 [387270] [26] DEBUG: Routing failed, re-queued.
2026-04-26 15:32:10 [387270] [26] DEBUG: sms_router: handling message (0x7cc9c0011350 vs 0x7cc9c0011350)
2026-04-26 15:32:10 [387270] [26] DEBUG: Routing failed, re-queued.
2026-04-26 15:32:10 [387270] [26] DEBUG: sms_router: time to sleep 30.00 secs.
2026-04-26 15:32:40 [387270] [26] DEBUG: sms_router: gwlist_len = 1
2026-04-26 15:32:40 [387270] [26] DEBUG: sms_router: handling message (0x7cc9c0011350 vs 0x7cc9c0011350)
2026-04-26 15:32:40 [387270] [26] DEBUG: Routing failed, re-queued.
2026-04-26 15:32:40 [387270] [26] DEBUG: sms_router: handling message (0x7cc9c0011350 vs 0x7cc9c0011350)
2026-04-26 15:32:40 [387270] [26] DEBUG: Routing failed, re-queued.
2026-04-26 15:32:40 [387270] [26] DEBUG: sms_router: time to sleep 30.00 secs.
2026-04-26 15:33:10 [387270] [26] DEBUG: sms_router: gwlist_len = 1
2026-04-26 15:33:10 [387270] [26] DEBUG: sms_router: handling message (0x7cc9c0011350 vs 0x7cc9c0011350)
2026-04-26 15:33:10 [387270] [26] DEBUG: Routing failed, re-queued.
2026-04-26 15:33:10 [387270] [26] DEBUG: sms_router: handling message (0x7cc9c0011350 vs 0x7cc9c0011350)
2026-04-26 15:33:10 [387270] [26] DEBUG: Routing failed, re-queued.
2026-04-26 15:33:10 [387270] [26] DEBUG: sms_router: time to sleep 30.00 secs.
2026-04-26 15:33:40 [387270] [26] DEBUG: sms_router: gwlist_len = 1
2026-04-26 15:33:40 [387270] [26] DEBUG: sms_router: handling message (0x7cc9c0011350 vs 0x7cc9c0011350)
2026-04-26 15:33:40 [387270] [26] DEBUG: Routing failed, re-queued.
2026-04-26 15:33:40 [387270] [26] DEBUG: sms_router: handling message (0x7cc9c0011350 vs 0x7cc9c0011350)
2026-04-26 15:33:40 [387270] [26] DEBUG: Routing failed, re-queued.
2026-04-26 15:33:40 [387270] [26] DEBUG: sms_router: time to sleep 30.00 secs.
2026-04-26 15:34:10 [387270] [26] DEBUG: sms_router: gwlist_len = 1
2026-04-26 15:34:10 [387270] [26] DEBUG: sms_router: handling message (0x7cc9c0011350 vs 0x7cc9c0011350)
2026-04-26 15:34:10 [387270] [26] DEBUG: Routing failed, re-queued.
2026-04-26 15:34:10 [387270] [26] DEBUG: sms_router: handling message (0x7cc9c0011350 vs 0x7cc9c0011350)
2026-04-26 15:34:10 [387270] [26] DEBUG: Routing failed, re-queued.
2026-04-26 15:34:10 [387270] [26] DEBUG: sms_router: time to sleep 30.00 secs.
2026-04-26 15:34:40 [387270] [26] DEBUG: sms_router: gwlist_len = 1
2026-04-26 15:34:40 [387270] [26] DEBUG: sms_router: handling message (0x7cc9c0011350 vs 0x7cc9c0011350)
2026-04-26 15:34:40 [387270] [26] DEBUG: Routing failed, re-queued.
2026-04-26 15:34:40 [387270] [26] DEBUG: sms_router: handling message (0x7cc9c0011350 vs 0x7cc9c0011350)
2026-04-26 15:34:40 [387270] [26] DEBUG: Routing failed, re-queued.
2026-04-26 15:34:40 [387270] [26] DEBUG: sms_router: time to sleep 30.00 secs.
2026-04-26 15:35:10 [387270] [26] DEBUG: sms_router: gwlist_len = 1
2026-04-26 15:35:10 [387270] [26] DEBUG: sms_router: handling message (0x7cc9c0011350 vs 0x7cc9c0011350)
2026-04-26 15:35:10 [387270] [26] DEBUG: Routing failed, re-queued.
2026-04-26 15:35:10 [387270] [26] DEBUG: sms_router: handling message (0x7cc9c0011350 vs 0x7cc9c0011350)
2026-04-26 15:35:10 [387270] [26] DEBUG: Routing failed, re-queued.
2026-04-26 15:35:10 [387270] [26] DEBUG: sms_router: time to sleep 30.00 secs.
2026-04-26 15:35:40 [387270] [26] DEBUG: sms_router: gwlist_len = 1
2026-04-26 15:35:40 [387270] [26] DEBUG: sms_router: handling message (0x7cc9c0011350 vs 0x7cc9c0011350)
2026-04-26 15:35:40 [387270] [26] DEBUG: Routing failed, re-queued.
2026-04-26 15:35:40 [387270] [26] DEBUG: sms_router: handling message (0x7cc9c0011350 vs 0x7cc9c0011350)
2026-04-26 15:35:40 [387270] [26] DEBUG: Routing failed, re-queued.
2026-04-26 15:35:40 [387270] [26] DEBUG: sms_router: time to sleep 30.00 secs.
2026-04-26 15:36:10 [387270] [26] DEBUG: sms_router: gwlist_len = 1
2026-04-26 15:36:10 [387270] [26] DEBUG: sms_router: handling message (0x7cc9c0011350 vs 0x7cc9c0011350)
2026-04-26 15:36:10 [387270] [26] DEBUG: Routing failed, re-queued.
2026-04-26 15:36:10 [387270] [26] DEBUG: sms_router: handling message (0x7cc9c0011350 vs 0x7cc9c0011350)
2026-04-26 15:36:10 [387270] [26] DEBUG: Routing failed, re-queued.
2026-04-26 15:36:10 [387270] [26] DEBUG: sms_router: time to sleep 30.00 secs.
2026-04-26 15:36:40 [387270] [26] DEBUG: sms_router: gwlist_len = 1
2026-04-26 15:36:40 [387270] [26] DEBUG: sms_router: handling message (0x7cc9c0011350 vs 0x7cc9c0011350)
2026-04-26 15:36:40 [387270] [26] DEBUG: Routing failed, re-queued.
2026-04-26 15:36:40 [387270] [26] DEBUG: sms_router: handling message (0x7cc9c0011350 vs 0x7cc9c0011350)
2026-04-26 15:36:40 [387270] [26] DEBUG: Routing failed, re-queued.
2026-04-26 15:36:40 [387270] [26] DEBUG: sms_router: time to sleep 30.00 secs.
2026-04-26 15:37:10 [387270] [26] DEBUG: sms_router: gwlist_len = 1
2026-04-26 15:37:10 [387270] [26] DEBUG: sms_router: handling message (0x7cc9c0011350 vs 0x7cc9c0011350)
2026-04-26 15:37:10 [387270] [26] DEBUG: Routing failed, re-queued.
2026-04-26 15:37:10 [387270] [26] DEBUG: sms_router: handling message (0x7cc9c0011350 vs 0x7cc9c0011350)
2026-04-26 15:37:10 [387270] [26] DEBUG: Routing failed, re-queued.
2026-04-26 15:37:10 [387270] [26] DEBUG: sms_router: time to sleep 30.00 secs.
2026-04-26 15:37:40 [387270] [26] DEBUG: sms_router: gwlist_len = 1
2026-04-26 15:37:40 [387270] [26] DEBUG: sms_router: handling message (0x7cc9c0011350 vs 0x7cc9c0011350)
2026-04-26 15:37:40 [387270] [26] DEBUG: Routing failed, re-queued.
2026-04-26 15:37:40 [387270] [26] DEBUG: sms_router: handling message (0x7cc9c0011350 vs 0x7cc9c0011350)
2026-04-26 15:37:40 [387270] [26] DEBUG: Routing failed, re-queued.
2026-04-26 15:37:40 [387270] [26] DEBUG: sms_router: time to sleep 30.00 secs.
2026-04-26 15:38:10 [387270] [26] DEBUG: sms_router: gwlist_len = 1
2026-04-26 15:38:10 [387270] [26] DEBUG: sms_router: handling message (0x7cc9c0011350 vs 0x7cc9c0011350)
2026-04-26 15:38:10 [387270] [26] DEBUG: Routing failed, re-queued.
2026-04-26 15:38:10 [387270] [26] DEBUG: sms_router: handling message (0x7cc9c0011350 vs 0x7cc9c0011350)
2026-04-26 15:38:10 [387270] [26] DEBUG: Routing failed, re-queued.
2026-04-26 15:38:10 [387270] [26] DEBUG: sms_router: time to sleep 30.00 secs.
2026-04-26 15:38:41 [387270] [26] DEBUG: sms_router: gwlist_len = 1
2026-04-26 15:38:41 [387270] [26] DEBUG: sms_router: handling message (0x7cc9c0011350 vs 0x7cc9c0011350)
2026-04-26 15:38:41 [387270] [26] DEBUG: Routing failed, re-queued.
2026-04-26 15:38:41 [387270] [26] DEBUG: sms_router: handling message (0x7cc9c0011350 vs 0x7cc9c0011350)
2026-04-26 15:38:41 [387270] [26] DEBUG: Routing failed, re-queued.
2026-04-26 15:38:41 [387270] [26] DEBUG: sms_router: time to sleep 30.00 secs.
2026-04-26 15:39:11 [387270] [26] DEBUG: sms_router: gwlist_len = 1
2026-04-26 15:39:11 [387270] [26] DEBUG: sms_router: handling message (0x7cc9c0011350 vs 0x7cc9c0011350)
2026-04-26 15:39:11 [387270] [26] DEBUG: Routing failed, re-queued.
2026-04-26 15:39:11 [387270] [26] DEBUG: sms_router: handling message (0x7cc9c0011350 vs 0x7cc9c0011350)
2026-04-26 15:39:11 [387270] [26] DEBUG: Routing failed, re-queued.
2026-04-26 15:39:11 [387270] [26] DEBUG: sms_router: time to sleep 30.00 secs.
2026-04-26 15:39:41 [387270] [26] DEBUG: sms_router: gwlist_len = 1
2026-04-26 15:39:41 [387270] [26] DEBUG: sms_router: handling message (0x7cc9c0011350 vs 0x7cc9c0011350)
2026-04-26 15:39:41 [387270] [26] DEBUG: Routing failed, re-queued.
2026-04-26 15:39:41 [387270] [26] DEBUG: sms_router: handling message (0x7cc9c0011350 vs 0x7cc9c0011350)
2026-04-26 15:39:41 [387270] [26] DEBUG: Routing failed, re-queued.
2026-04-26 15:39:41 [387270] [26] DEBUG: sms_router: time to sleep 30.00 secs.
2026-04-26 15:40:11 [387270] [26] DEBUG: sms_router: gwlist_len = 1
2026-04-26 15:40:11 [387270] [26] DEBUG: sms_router: handling message (0x7cc9c0011350 vs 0x7cc9c0011350)
2026-04-26 15:40:11 [387270] [26] DEBUG: Routing failed, re-queued.
2026-04-26 15:40:11 [387270] [26] DEBUG: sms_router: handling message (0x7cc9c0011350 vs 0x7cc9c0011350)
2026-04-26 15:40:11 [387270] [26] DEBUG: Routing failed, re-queued.
2026-04-26 15:40:11 [387270] [26] DEBUG: sms_router: time to sleep 30.00 secs.
2026-04-26 15:40:41 [387270] [26] DEBUG: sms_router: gwlist_len = 1
2026-04-26 15:40:41 [387270] [26] DEBUG: sms_router: handling message (0x7cc9c0011350 vs 0x7cc9c0011350)
2026-04-26 15:40:41 [387270] [26] DEBUG: Routing failed, re-queued.
2026-04-26 15:40:41 [387270] [26] DEBUG: sms_router: handling message (0x7cc9c0011350 vs 0x7cc9c0011350)
2026-04-26 15:40:41 [387270] [26] DEBUG: Routing failed, re-queued.
2026-04-26 15:40:41 [387270] [26] DEBUG: sms_router: time to sleep 30.00 secs.
2026-04-26 15:41:11 [387270] [26] DEBUG: sms_router: gwlist_len = 1
2026-04-26 15:41:11 [387270] [26] DEBUG: sms_router: handling message (0x7cc9c0011350 vs 0x7cc9c0011350)
2026-04-26 15:41:11 [387270] [26] DEBUG: Routing failed, re-queued.
2026-04-26 15:41:11 [387270] [26] DEBUG: sms_router: handling message (0x7cc9c0011350 vs 0x7cc9c0011350)
2026-04-26 15:41:11 [387270] [26] DEBUG: Routing failed, re-queued.
2026-04-26 15:41:11 [387270] [26] DEBUG: sms_router: time to sleep 30.00 secs.
2026-04-26 15:41:41 [387270] [26] DEBUG: sms_router: gwlist_len = 1
2026-04-26 15:41:41 [387270] [26] DEBUG: sms_router: handling message (0x7cc9c0011350 vs 0x7cc9c0011350)
2026-04-26 15:41:41 [387270] [26] DEBUG: Routing failed, re-queued.
2026-04-26 15:41:41 [387270] [26] DEBUG: sms_router: handling message (0x7cc9c0011350 vs 0x7cc9c0011350)
2026-04-26 15:41:41 [387270] [26] DEBUG: Routing failed, re-queued.
2026-04-26 15:41:41 [387270] [26] DEBUG: sms_router: time to sleep 30.00 secs.
2026-04-26 15:42:11 [387270] [26] DEBUG: sms_router: gwlist_len = 1
2026-04-26 15:42:11 [387270] [26] DEBUG: sms_router: handling message (0x7cc9c0011350 vs 0x7cc9c0011350)
2026-04-26 15:42:11 [387270] [26] DEBUG: Routing failed, re-queued.
2026-04-26 15:42:11 [387270] [26] DEBUG: sms_router: handling message (0x7cc9c0011350 vs 0x7cc9c0011350)
2026-04-26 15:42:11 [387270] [26] DEBUG: Routing failed, re-queued.
2026-04-26 15:42:11 [387270] [26] DEBUG: sms_router: time to sleep 30.00 secs.
2026-04-26 15:42:41 [387270] [26] DEBUG: sms_router: gwlist_len = 1
2026-04-26 15:42:41 [387270] [26] DEBUG: sms_router: handling message (0x7cc9c0011350 vs 0x7cc9c0011350)
2026-04-26 15:42:41 [387270] [26] DEBUG: Routing failed, re-queued.
2026-04-26 15:42:41 [387270] [26] DEBUG: sms_router: handling message (0x7cc9c0011350 vs 0x7cc9c0011350)
2026-04-26 15:42:41 [387270] [26] DEBUG: Routing failed, re-queued.
2026-04-26 15:42:41 [387270] [26] DEBUG: sms_router: time to sleep 30.00 secs.
2026-04-26 15:43:11 [387270] [26] DEBUG: sms_router: gwlist_len = 1
2026-04-26 15:43:11 [387270] [26] DEBUG: sms_router: handling message (0x7cc9c0011350 vs 0x7cc9c0011350)
2026-04-26 15:43:11 [387270] [26] DEBUG: Routing failed, re-queued.
2026-04-26 15:43:11 [387270] [26] DEBUG: sms_router: handling message (0x7cc9c0011350 vs 0x7cc9c0011350)
2026-04-26 15:43:11 [387270] [26] DEBUG: Routing failed, re-queued.
2026-04-26 15:43:11 [387270] [26] DEBUG: sms_router: time to sleep 30.00 secs.
2026-04-26 15:43:41 [387270] [26] DEBUG: sms_router: gwlist_len = 1
2026-04-26 15:43:41 [387270] [26] DEBUG: sms_router: handling message (0x7cc9c0011350 vs 0x7cc9c0011350)
2026-04-26 15:43:41 [387270] [26] DEBUG: Routing failed, re-queued.
2026-04-26 15:43:41 [387270] [26] DEBUG: sms_router: handling message (0x7cc9c0011350 vs 0x7cc9c0011350)
2026-04-26 15:43:41 [387270] [26] DEBUG: Routing failed, re-queued.
2026-04-26 15:43:41 [387270] [26] DEBUG: sms_router: time to sleep 30.00 secs.
2026-04-26 15:44:11 [387270] [26] DEBUG: sms_router: gwlist_len = 1
2026-04-26 15:44:11 [387270] [26] DEBUG: sms_router: handling message (0x7cc9c0011350 vs 0x7cc9c0011350)
2026-04-26 15:44:11 [387270] [26] DEBUG: Routing failed, re-queued.
2026-04-26 15:44:11 [387270] [26] DEBUG: sms_router: handling message (0x7cc9c0011350 vs 0x7cc9c0011350)
2026-04-26 15:44:11 [387270] [26] DEBUG: Routing failed, re-queued.
2026-04-26 15:44:11 [387270] [26] DEBUG: sms_router: time to sleep 30.00 secs.
2026-04-26 15:44:41 [387270] [26] DEBUG: sms_router: gwlist_len = 1
2026-04-26 15:44:41 [387270] [26] DEBUG: sms_router: handling message (0x7cc9c0011350 vs 0x7cc9c0011350)
2026-04-26 15:44:41 [387270] [26] DEBUG: Routing failed, re-queued.
2026-04-26 15:44:41 [387270] [26] DEBUG: sms_router: handling message (0x7cc9c0011350 vs 0x7cc9c0011350)
2026-04-26 15:44:41 [387270] [26] DEBUG: Routing failed, re-queued.
2026-04-26 15:44:41 [387270] [26] DEBUG: sms_router: time to sleep 30.00 secs.
2026-04-26 15:45:11 [387270] [26] DEBUG: sms_router: gwlist_len = 1
2026-04-26 15:45:11 [387270] [26] DEBUG: sms_router: handling message (0x7cc9c0011350 vs 0x7cc9c0011350)
2026-04-26 15:45:11 [387270] [26] DEBUG: Routing failed, re-queued.
2026-04-26 15:45:11 [387270] [26] DEBUG: sms_router: handling message (0x7cc9c0011350 vs 0x7cc9c0011350)
2026-04-26 15:45:11 [387270] [26] DEBUG: Routing failed, re-queued.
2026-04-26 15:45:11 [387270] [26] DEBUG: sms_router: time to sleep 30.00 secs.
2026-04-26 15:45:41 [387270] [26] DEBUG: sms_router: gwlist_len = 1
2026-04-26 15:45:41 [387270] [26] DEBUG: sms_router: handling message (0x7cc9c0011350 vs 0x7cc9c0011350)
2026-04-26 15:45:41 [387270] [26] DEBUG: Routing failed, re-queued.
2026-04-26 15:45:41 [387270] [26] DEBUG: sms_router: handling message (0x7cc9c0011350 vs 0x7cc9c0011350)
2026-04-26 15:45:41 [387270] [26] DEBUG: Routing failed, re-queued.
2026-04-26 15:45:41 [387270] [26] DEBUG: sms_router: time to sleep 30.00 secs.
2026-04-26 15:46:11 [387270] [26] DEBUG: sms_router: gwlist_len = 1
2026-04-26 15:46:11 [387270] [26] DEBUG: sms_router: handling message (0x7cc9c0011350 vs 0x7cc9c0011350)
2026-04-26 15:46:11 [387270] [26] DEBUG: Routing failed, re-queued.
2026-04-26 15:46:11 [387270] [26] DEBUG: sms_router: handling message (0x7cc9c0011350 vs 0x7cc9c0011350)
2026-04-26 15:46:11 [387270] [26] DEBUG: Routing failed, re-queued.
2026-04-26 15:46:11 [387270] [26] DEBUG: sms_router: time to sleep 30.00 secs.
2026-04-26 15:46:41 [387270] [26] DEBUG: sms_router: gwlist_len = 1
2026-04-26 15:46:41 [387270] [26] DEBUG: sms_router: handling message (0x7cc9c0011350 vs 0x7cc9c0011350)
2026-04-26 15:46:41 [387270] [26] DEBUG: Routing failed, re-queued.
2026-04-26 15:46:41 [387270] [26] DEBUG: sms_router: handling message (0x7cc9c0011350 vs 0x7cc9c0011350)
2026-04-26 15:46:41 [387270] [26] DEBUG: Routing failed, re-queued.
2026-04-26 15:46:41 [387270] [26] DEBUG: sms_router: time to sleep 30.00 secs.
2026-04-26 15:47:11 [387270] [26] DEBUG: sms_router: gwlist_len = 1
2026-04-26 15:47:11 [387270] [26] DEBUG: clear_old_concat_parts called
2026-04-26 15:47:11 [387270] [26] DEBUG: sms_router: handling message (0x7cc9c0011350 vs 0x7cc9c0011350)
2026-04-26 15:47:11 [387270] [26] DEBUG: Routing failed, re-queued.
2026-04-26 15:47:11 [387270] [26] DEBUG: sms_router: handling message (0x7cc9c0011350 vs 0x7cc9c0011350)
2026-04-26 15:47:11 [387270] [26] DEBUG: Routing failed, re-queued.
2026-04-26 15:47:11 [387270] [26] DEBUG: sms_router: time to sleep 30.00 secs.
2026-04-26 15:47:41 [387270] [26] DEBUG: sms_router: gwlist_len = 1
2026-04-26 15:47:41 [387270] [26] DEBUG: sms_router: handling message (0x7cc9c0011350 vs 0x7cc9c0011350)
2026-04-26 15:47:41 [387270] [26] DEBUG: Routing failed, re-queued.
2026-04-26 15:47:41 [387270] [26] DEBUG: sms_router: handling message (0x7cc9c0011350 vs 0x7cc9c0011350)
2026-04-26 15:47:41 [387270] [26] DEBUG: Routing failed, re-queued.
2026-04-26 15:47:41 [387270] [26] DEBUG: sms_router: time to sleep 30.00 secs.
2026-04-26 15:48:11 [387270] [26] DEBUG: sms_router: gwlist_len = 1
2026-04-26 15:48:11 [387270] [26] DEBUG: sms_router: handling message (0x7cc9c0011350 vs 0x7cc9c0011350)
2026-04-26 15:48:11 [387270] [26] DEBUG: Routing failed, re-queued.
2026-04-26 15:48:11 [387270] [26] DEBUG: sms_router: handling message (0x7cc9c0011350 vs 0x7cc9c0011350)
2026-04-26 15:48:11 [387270] [26] DEBUG: Routing failed, re-queued.
2026-04-26 15:48:11 [387270] [26] DEBUG: sms_router: time to sleep 30.00 secs.
2026-04-26 15:48:41 [387270] [26] DEBUG: sms_router: gwlist_len = 1
2026-04-26 15:48:41 [387270] [26] DEBUG: sms_router: handling message (0x7cc9c0011350 vs 0x7cc9c0011350)
2026-04-26 15:48:41 [387270] [26] DEBUG: Routing failed, re-queued.
2026-04-26 15:48:41 [387270] [26] DEBUG: sms_router: handling message (0x7cc9c0011350 vs 0x7cc9c0011350)
2026-04-26 15:48:41 [387270] [26] DEBUG: Routing failed, re-queued.
2026-04-26 15:48:41 [387270] [26] DEBUG: sms_router: time to sleep 30.00 secs.
2026-04-26 15:49:11 [387270] [26] DEBUG: sms_router: gwlist_len = 1
2026-04-26 15:49:11 [387270] [26] DEBUG: sms_router: handling message (0x7cc9c0011350 vs 0x7cc9c0011350)
2026-04-26 15:49:11 [387270] [26] DEBUG: Routing failed, re-queued.
2026-04-26 15:49:11 [387270] [26] DEBUG: sms_router: handling message (0x7cc9c0011350 vs 0x7cc9c0011350)
2026-04-26 15:49:11 [387270] [26] DEBUG: Routing failed, re-queued.
2026-04-26 15:49:11 [387270] [26] DEBUG: sms_router: time to sleep 30.00 secs.
2026-04-26 15:49:41 [387270] [26] DEBUG: sms_router: gwlist_len = 1
2026-04-26 15:49:41 [387270] [26] DEBUG: sms_router: handling message (0x7cc9c0011350 vs 0x7cc9c0011350)
2026-04-26 15:49:41 [387270] [26] DEBUG: Routing failed, re-queued.
2026-04-26 15:49:41 [387270] [26] DEBUG: sms_router: handling message (0x7cc9c0011350 vs 0x7cc9c0011350)
2026-04-26 15:49:41 [387270] [26] DEBUG: Routing failed, re-queued.
2026-04-26 15:49:41 [387270] [26] DEBUG: sms_router: time to sleep 30.00 secs.
2026-04-26 15:50:11 [387270] [26] DEBUG: sms_router: gwlist_len = 1
2026-04-26 15:50:11 [387270] [26] DEBUG: sms_router: handling message (0x7cc9c0011350 vs 0x7cc9c0011350)
2026-04-26 15:50:11 [387270] [26] DEBUG: Routing failed, re-queued.
2026-04-26 15:50:11 [387270] [26] DEBUG: sms_router: handling message (0x7cc9c0011350 vs 0x7cc9c0011350)
2026-04-26 15:50:11 [387270] [26] DEBUG: Routing failed, re-queued.
2026-04-26 15:50:11 [387270] [26] DEBUG: sms_router: time to sleep 30.00 secs.
2026-04-26 15:50:41 [387270] [26] DEBUG: sms_router: gwlist_len = 1
2026-04-26 15:50:41 [387270] [26] DEBUG: sms_router: handling message (0x7cc9c0011350 vs 0x7cc9c0011350)
2026-04-26 15:50:41 [387270] [26] DEBUG: Routing failed, re-queued.
2026-04-26 15:50:41 [387270] [26] DEBUG: sms_router: handling message (0x7cc9c0011350 vs 0x7cc9c0011350)
2026-04-26 15:50:41 [387270] [26] DEBUG: Routing failed, re-queued.
2026-04-26 15:50:41 [387270] [26] DEBUG: sms_router: time to sleep 30.00 secs.
2026-04-26 15:51:11 [387270] [26] DEBUG: sms_router: gwlist_len = 1
2026-04-26 15:51:11 [387270] [26] DEBUG: sms_router: handling message (0x7cc9c0011350 vs 0x7cc9c0011350)
2026-04-26 15:51:11 [387270] [26] DEBUG: Routing failed, re-queued.
2026-04-26 15:51:11 [387270] [26] DEBUG: sms_router: handling message (0x7cc9c0011350 vs 0x7cc9c0011350)
2026-04-26 15:51:11 [387270] [26] DEBUG: Routing failed, re-queued.
2026-04-26 15:51:11 [387270] [26] DEBUG: sms_router: time to sleep 30.00 secs.
2026-04-26 15:51:41 [387270] [26] DEBUG: sms_router: gwlist_len = 1
2026-04-26 15:51:41 [387270] [26] DEBUG: sms_router: handling message (0x7cc9c0011350 vs 0x7cc9c0011350)
2026-04-26 15:51:41 [387270] [26] DEBUG: Routing failed, re-queued.
2026-04-26 15:51:41 [387270] [26] DEBUG: sms_router: handling message (0x7cc9c0011350 vs 0x7cc9c0011350)
2026-04-26 15:51:41 [387270] [26] DEBUG: Routing failed, re-queued.
2026-04-26 15:51:41 [387270] [26] DEBUG: sms_router: time to sleep 30.00 secs.
2026-04-26 15:52:11 [387270] [26] DEBUG: sms_router: gwlist_len = 1
2026-04-26 15:52:11 [387270] [26] DEBUG: sms_router: handling message (0x7cc9c0011350 vs 0x7cc9c0011350)
2026-04-26 15:52:11 [387270] [26] DEBUG: Routing failed, re-queued.
2026-04-26 15:52:11 [387270] [26] DEBUG: sms_router: handling message (0x7cc9c0011350 vs 0x7cc9c0011350)
2026-04-26 15:52:11 [387270] [26] DEBUG: Routing failed, re-queued.
2026-04-26 15:52:11 [387270] [26] DEBUG: sms_router: time to sleep 30.00 secs.
2026-04-26 15:52:41 [387270] [26] DEBUG: sms_router: gwlist_len = 1
2026-04-26 15:52:41 [387270] [26] DEBUG: sms_router: handling message (0x7cc9c0011350 vs 0x7cc9c0011350)
2026-04-26 15:52:41 [387270] [26] DEBUG: Routing failed, re-queued.
2026-04-26 15:52:41 [387270] [26] DEBUG: sms_router: handling message (0x7cc9c0011350 vs 0x7cc9c0011350)
2026-04-26 15:52:41 [387270] [26] DEBUG: Routing failed, re-queued.
2026-04-26 15:52:41 [387270] [26] DEBUG: sms_router: time to sleep 30.00 secs.
2026-04-26 15:53:11 [387270] [26] DEBUG: sms_router: gwlist_len = 1
2026-04-26 15:53:11 [387270] [26] DEBUG: sms_router: handling message (0x7cc9c0011350 vs 0x7cc9c0011350)
2026-04-26 15:53:11 [387270] [26] DEBUG: Routing failed, re-queued.
2026-04-26 15:53:11 [387270] [26] DEBUG: sms_router: handling message (0x7cc9c0011350 vs 0x7cc9c0011350)
2026-04-26 15:53:11 [387270] [26] DEBUG: Routing failed, re-queued.
2026-04-26 15:53:11 [387270] [26] DEBUG: sms_router: time to sleep 30.00 secs.
2026-04-26 15:53:41 [387270] [26] DEBUG: sms_router: gwlist_len = 1
2026-04-26 15:53:41 [387270] [26] DEBUG: sms_router: handling message (0x7cc9c0011350 vs 0x7cc9c0011350)
2026-04-26 15:53:41 [387270] [26] DEBUG: Routing failed, re-queued.
2026-04-26 15:53:41 [387270] [26] DEBUG: sms_router: handling message (0x7cc9c0011350 vs 0x7cc9c0011350)
2026-04-26 15:53:41 [387270] [26] DEBUG: Routing failed, re-queued.
2026-04-26 15:53:41 [387270] [26] DEBUG: sms_router: time to sleep 30.00 secs.
2026-04-26 15:54:11 [387270] [26] DEBUG: sms_router: gwlist_len = 1
2026-04-26 15:54:11 [387270] [26] DEBUG: sms_router: handling message (0x7cc9c0011350 vs 0x7cc9c0011350)
2026-04-26 15:54:11 [387270] [26] DEBUG: Routing failed, re-queued.
2026-04-26 15:54:11 [387270] [26] DEBUG: sms_router: handling message (0x7cc9c0011350 vs 0x7cc9c0011350)
2026-04-26 15:54:11 [387270] [26] DEBUG: Routing failed, re-queued.
2026-04-26 15:54:11 [387270] [26] DEBUG: sms_router: time to sleep 30.00 secs.
2026-04-26 15:54:41 [387270] [26] DEBUG: sms_router: gwlist_len = 1
2026-04-26 15:54:41 [387270] [26] DEBUG: sms_router: handling message (0x7cc9c0011350 vs 0x7cc9c0011350)
2026-04-26 15:54:41 [387270] [26] DEBUG: Routing failed, re-queued.
2026-04-26 15:54:41 [387270] [26] DEBUG: sms_router: handling message (0x7cc9c0011350 vs 0x7cc9c0011350)
2026-04-26 15:54:41 [387270] [26] DEBUG: Routing failed, re-queued.
2026-04-26 15:54:41 [387270] [26] DEBUG: sms_router: time to sleep 30.00 secs.
2026-04-26 15:55:11 [387270] [26] DEBUG: sms_router: gwlist_len = 1
2026-04-26 15:55:11 [387270] [26] DEBUG: sms_router: handling message (0x7cc9c0011350 vs 0x7cc9c0011350)
2026-04-26 15:55:11 [387270] [26] DEBUG: Routing failed, re-queued.
2026-04-26 15:55:11 [387270] [26] DEBUG: sms_router: handling message (0x7cc9c0011350 vs 0x7cc9c0011350)
2026-04-26 15:55:11 [387270] [26] DEBUG: Routing failed, re-queued.
2026-04-26 15:55:11 [387270] [26] DEBUG: sms_router: time to sleep 30.00 secs.
2026-04-26 15:55:41 [387270] [26] DEBUG: sms_router: gwlist_len = 1
2026-04-26 15:55:41 [387270] [26] DEBUG: sms_router: handling message (0x7cc9c0011350 vs 0x7cc9c0011350)
2026-04-26 15:55:41 [387270] [26] DEBUG: Routing failed, re-queued.
2026-04-26 15:55:41 [387270] [26] DEBUG: sms_router: handling message (0x7cc9c0011350 vs 0x7cc9c0011350)
2026-04-26 15:55:41 [387270] [26] DEBUG: Routing failed, re-queued.
2026-04-26 15:55:41 [387270] [26] DEBUG: sms_router: time to sleep 30.00 secs.
2026-04-26 15:56:11 [387270] [26] DEBUG: sms_router: gwlist_len = 1
2026-04-26 15:56:11 [387270] [26] DEBUG: sms_router: handling message (0x7cc9c0011350 vs 0x7cc9c0011350)
2026-04-26 15:56:11 [387270] [26] DEBUG: Routing failed, re-queued.
2026-04-26 15:56:11 [387270] [26] DEBUG: sms_router: handling message (0x7cc9c0011350 vs 0x7cc9c0011350)
2026-04-26 15:56:11 [387270] [26] DEBUG: Routing failed, re-queued.
2026-04-26 15:56:11 [387270] [26] DEBUG: sms_router: time to sleep 30.00 secs.
2026-04-26 15:56:41 [387270] [26] DEBUG: sms_router: gwlist_len = 1
2026-04-26 15:56:41 [387270] [26] DEBUG: sms_router: handling message (0x7cc9c0011350 vs 0x7cc9c0011350)
2026-04-26 15:56:41 [387270] [26] DEBUG: Routing failed, re-queued.
2026-04-26 15:56:41 [387270] [26] DEBUG: sms_router: handling message (0x7cc9c0011350 vs 0x7cc9c0011350)
2026-04-26 15:56:41 [387270] [26] DEBUG: Routing failed, re-queued.
2026-04-26 15:56:41 [387270] [26] DEBUG: sms_router: time to sleep 30.00 secs.
2026-04-26 15:57:11 [387270] [26] DEBUG: sms_router: gwlist_len = 1
2026-04-26 15:57:11 [387270] [26] DEBUG: sms_router: handling message (0x7cc9c0011350 vs 0x7cc9c0011350)
2026-04-26 15:57:11 [387270] [26] DEBUG: Routing failed, re-queued.
2026-04-26 15:57:11 [387270] [26] DEBUG: sms_router: handling message (0x7cc9c0011350 vs 0x7cc9c0011350)
2026-04-26 15:57:11 [387270] [26] DEBUG: Routing failed, re-queued.
2026-04-26 15:57:11 [387270] [26] DEBUG: sms_router: time to sleep 30.00 secs.
2026-04-26 15:57:42 [387270] [26] DEBUG: sms_router: gwlist_len = 1
2026-04-26 15:57:42 [387270] [26] DEBUG: sms_router: handling message (0x7cc9c0011350 vs 0x7cc9c0011350)
2026-04-26 15:57:42 [387270] [26] DEBUG: Routing failed, re-queued.
2026-04-26 15:57:42 [387270] [26] DEBUG: sms_router: handling message (0x7cc9c0011350 vs 0x7cc9c0011350)
2026-04-26 15:57:42 [387270] [26] DEBUG: Routing failed, re-queued.
2026-04-26 15:57:42 [387270] [26] DEBUG: sms_router: time to sleep 30.00 secs.
2026-04-26 15:58:12 [387270] [26] DEBUG: sms_router: gwlist_len = 1
2026-04-26 15:58:12 [387270] [26] DEBUG: sms_router: handling message (0x7cc9c0011350 vs 0x7cc9c0011350)
2026-04-26 15:58:12 [387270] [26] DEBUG: Routing failed, re-queued.
2026-04-26 15:58:12 [387270] [26] DEBUG: sms_router: handling message (0x7cc9c0011350 vs 0x7cc9c0011350)
2026-04-26 15:58:12 [387270] [26] DEBUG: Routing failed, re-queued.
2026-04-26 15:58:12 [387270] [26] DEBUG: sms_router: time to sleep 30.00 secs.
2026-04-26 15:58:42 [387270] [26] DEBUG: sms_router: gwlist_len = 1
2026-04-26 15:58:42 [387270] [26] DEBUG: sms_router: handling message (0x7cc9c0011350 vs 0x7cc9c0011350)
2026-04-26 15:58:42 [387270] [26] DEBUG: Routing failed, re-queued.
2026-04-26 15:58:42 [387270] [26] DEBUG: sms_router: handling message (0x7cc9c0011350 vs 0x7cc9c0011350)
2026-04-26 15:58:42 [387270] [26] DEBUG: Routing failed, re-queued.
2026-04-26 15:58:42 [387270] [26] DEBUG: sms_router: time to sleep 30.00 secs.
2026-04-26 15:59:12 [387270] [26] DEBUG: sms_router: gwlist_len = 1
2026-04-26 15:59:12 [387270] [26] DEBUG: sms_router: handling message (0x7cc9c0011350 vs 0x7cc9c0011350)
2026-04-26 15:59:12 [387270] [26] DEBUG: Routing failed, re-queued.
2026-04-26 15:59:12 [387270] [26] DEBUG: sms_router: handling message (0x7cc9c0011350 vs 0x7cc9c0011350)
2026-04-26 15:59:12 [387270] [26] DEBUG: Routing failed, re-queued.
2026-04-26 15:59:12 [387270] [26] DEBUG: sms_router: time to sleep 30.00 secs.
2026-04-26 15:59:42 [387270] [26] DEBUG: sms_router: gwlist_len = 1
2026-04-26 15:59:42 [387270] [26] DEBUG: sms_router: handling message (0x7cc9c0011350 vs 0x7cc9c0011350)
2026-04-26 15:59:42 [387270] [26] DEBUG: Routing failed, re-queued.
2026-04-26 15:59:42 [387270] [26] DEBUG: sms_router: handling message (0x7cc9c0011350 vs 0x7cc9c0011350)
2026-04-26 15:59:42 [387270] [26] DEBUG: Routing failed, re-queued.
2026-04-26 15:59:42 [387270] [26] DEBUG: sms_router: time to sleep 30.00 secs.
2026-04-26 16:00:12 [387270] [26] DEBUG: sms_router: gwlist_len = 1
2026-04-26 16:00:12 [387270] [26] DEBUG: sms_router: handling message (0x7cc9c0011350 vs 0x7cc9c0011350)
2026-04-26 16:00:12 [387270] [26] DEBUG: Routing failed, re-queued.
2026-04-26 16:00:12 [387270] [26] DEBUG: sms_router: handling message (0x7cc9c0011350 vs 0x7cc9c0011350)
2026-04-26 16:00:12 [387270] [26] DEBUG: Routing failed, re-queued.
2026-04-26 16:00:12 [387270] [26] DEBUG: sms_router: time to sleep 30.00 secs.
2026-04-26 16:00:42 [387270] [26] DEBUG: sms_router: gwlist_len = 1
2026-04-26 16:00:42 [387270] [26] DEBUG: sms_router: handling message (0x7cc9c0011350 vs 0x7cc9c0011350)
2026-04-26 16:00:42 [387270] [26] DEBUG: Routing failed, re-queued.
2026-04-26 16:00:42 [387270] [26] DEBUG: sms_router: handling message (0x7cc9c0011350 vs 0x7cc9c0011350)
2026-04-26 16:00:42 [387270] [26] DEBUG: Routing failed, re-queued.
2026-04-26 16:00:42 [387270] [26] DEBUG: sms_router: time to sleep 30.00 secs.
2026-04-26 16:01:12 [387270] [26] DEBUG: sms_router: gwlist_len = 1
2026-04-26 16:01:12 [387270] [26] DEBUG: sms_router: handling message (0x7cc9c0011350 vs 0x7cc9c0011350)
2026-04-26 16:01:12 [387270] [26] DEBUG: Routing failed, re-queued.
2026-04-26 16:01:12 [387270] [26] DEBUG: sms_router: handling message (0x7cc9c0011350 vs 0x7cc9c0011350)
2026-04-26 16:01:12 [387270] [26] DEBUG: Routing failed, re-queued.
2026-04-26 16:01:12 [387270] [26] DEBUG: sms_router: time to sleep 30.00 secs.
2026-04-26 16:01:42 [387270] [26] DEBUG: sms_router: gwlist_len = 1
2026-04-26 16:01:42 [387270] [26] DEBUG: sms_router: handling message (0x7cc9c0011350 vs 0x7cc9c0011350)
2026-04-26 16:01:42 [387270] [26] DEBUG: Routing failed, re-queued.
2026-04-26 16:01:42 [387270] [26] DEBUG: sms_router: handling message (0x7cc9c0011350 vs 0x7cc9c0011350)
2026-04-26 16:01:42 [387270] [26] DEBUG: Routing failed, re-queued.
2026-04-26 16:01:42 [387270] [26] DEBUG: sms_router: time to sleep 30.00 secs.
2026-04-26 16:02:12 [387270] [26] DEBUG: sms_router: gwlist_len = 1
2026-04-26 16:02:12 [387270] [26] DEBUG: sms_router: handling message (0x7cc9c0011350 vs 0x7cc9c0011350)
2026-04-26 16:02:12 [387270] [26] DEBUG: Routing failed, re-queued.
2026-04-26 16:02:12 [387270] [26] DEBUG: sms_router: handling message (0x7cc9c0011350 vs 0x7cc9c0011350)
2026-04-26 16:02:12 [387270] [26] DEBUG: Routing failed, re-queued.
2026-04-26 16:02:12 [387270] [26] DEBUG: sms_router: time to sleep 30.00 secs.
2026-04-26 16:02:42 [387270] [26] DEBUG: sms_router: gwlist_len = 1
2026-04-26 16:02:42 [387270] [26] DEBUG: sms_router: handling message (0x7cc9c0011350 vs 0x7cc9c0011350)
2026-04-26 16:02:42 [387270] [26] DEBUG: Routing failed, re-queued.
2026-04-26 16:02:42 [387270] [26] DEBUG: sms_router: handling message (0x7cc9c0011350 vs 0x7cc9c0011350)
2026-04-26 16:02:42 [387270] [26] DEBUG: Routing failed, re-queued.
2026-04-26 16:02:42 [387270] [26] DEBUG: sms_router: time to sleep 30.00 secs.
2026-04-26 16:03:12 [387270] [26] DEBUG: sms_router: gwlist_len = 1
2026-04-26 16:03:12 [387270] [26] DEBUG: sms_router: handling message (0x7cc9c0011350 vs 0x7cc9c0011350)
2026-04-26 16:03:12 [387270] [26] DEBUG: Routing failed, re-queued.
2026-04-26 16:03:12 [387270] [26] DEBUG: sms_router: handling message (0x7cc9c0011350 vs 0x7cc9c0011350)
2026-04-26 16:03:12 [387270] [26] DEBUG: Routing failed, re-queued.
2026-04-26 16:03:12 [387270] [26] DEBUG: sms_router: time to sleep 30.00 secs.
2026-04-26 16:03:42 [387270] [26] DEBUG: sms_router: gwlist_len = 1
2026-04-26 16:03:42 [387270] [26] DEBUG: sms_router: handling message (0x7cc9c0011350 vs 0x7cc9c0011350)
2026-04-26 16:03:42 [387270] [26] DEBUG: Routing failed, re-queued.
2026-04-26 16:03:42 [387270] [26] DEBUG: sms_router: handling message (0x7cc9c0011350 vs 0x7cc9c0011350)
2026-04-26 16:03:42 [387270] [26] DEBUG: Routing failed, re-queued.
2026-04-26 16:03:42 [387270] [26] DEBUG: sms_router: time to sleep 30.00 secs.
2026-04-26 16:04:12 [387270] [26] DEBUG: sms_router: gwlist_len = 1
2026-04-26 16:04:12 [387270] [26] DEBUG: sms_router: handling message (0x7cc9c0011350 vs 0x7cc9c0011350)
2026-04-26 16:04:12 [387270] [26] DEBUG: Routing failed, re-queued.
2026-04-26 16:04:12 [387270] [26] DEBUG: sms_router: handling message (0x7cc9c0011350 vs 0x7cc9c0011350)
2026-04-26 16:04:12 [387270] [26] DEBUG: Routing failed, re-queued.
2026-04-26 16:04:12 [387270] [26] DEBUG: sms_router: time to sleep 30.00 secs.
2026-04-26 16:04:42 [387270] [26] DEBUG: sms_router: gwlist_len = 1
2026-04-26 16:04:42 [387270] [26] DEBUG: sms_router: handling message (0x7cc9c0011350 vs 0x7cc9c0011350)
2026-04-26 16:04:42 [387270] [26] DEBUG: Routing failed, re-queued.
2026-04-26 16:04:42 [387270] [26] DEBUG: sms_router: handling message (0x7cc9c0011350 vs 0x7cc9c0011350)
2026-04-26 16:04:42 [387270] [26] DEBUG: Routing failed, re-queued.
2026-04-26 16:04:42 [387270] [26] DEBUG: sms_router: time to sleep 30.00 secs.
2026-04-26 16:05:12 [387270] [26] DEBUG: sms_router: gwlist_len = 1
2026-04-26 16:05:12 [387270] [26] DEBUG: sms_router: handling message (0x7cc9c0011350 vs 0x7cc9c0011350)
2026-04-26 16:05:12 [387270] [26] DEBUG: Routing failed, re-queued.
2026-04-26 16:05:12 [387270] [26] DEBUG: sms_router: handling message (0x7cc9c0011350 vs 0x7cc9c0011350)
2026-04-26 16:05:12 [387270] [26] DEBUG: Routing failed, re-queued.
2026-04-26 16:05:12 [387270] [26] DEBUG: sms_router: time to sleep 30.00 secs.
2026-04-26 16:05:42 [387270] [26] DEBUG: sms_router: gwlist_len = 1
2026-04-26 16:05:42 [387270] [26] DEBUG: sms_router: handling message (0x7cc9c0011350 vs 0x7cc9c0011350)
2026-04-26 16:05:42 [387270] [26] DEBUG: Routing failed, re-queued.
2026-04-26 16:05:42 [387270] [26] DEBUG: sms_router: handling message (0x7cc9c0011350 vs 0x7cc9c0011350)
2026-04-26 16:05:42 [387270] [26] DEBUG: Routing failed, re-queued.
2026-04-26 16:05:42 [387270] [26] DEBUG: sms_router: time to sleep 30.00 secs.
2026-04-26 16:06:12 [387270] [26] DEBUG: sms_router: gwlist_len = 1
2026-04-26 16:06:12 [387270] [26] DEBUG: sms_router: handling message (0x7cc9c0011350 vs 0x7cc9c0011350)
2026-04-26 16:06:12 [387270] [26] DEBUG: Routing failed, re-queued.
2026-04-26 16:06:12 [387270] [26] DEBUG: sms_router: handling message (0x7cc9c0011350 vs 0x7cc9c0011350)
2026-04-26 16:06:12 [387270] [26] DEBUG: Routing failed, re-queued.
2026-04-26 16:06:12 [387270] [26] DEBUG: sms_router: time to sleep 30.00 secs.
2026-04-26 16:06:42 [387270] [26] DEBUG: sms_router: gwlist_len = 1
2026-04-26 16:06:42 [387270] [26] DEBUG: sms_router: handling message (0x7cc9c0011350 vs 0x7cc9c0011350)
2026-04-26 16:06:42 [387270] [26] DEBUG: Routing failed, re-queued.
2026-04-26 16:06:42 [387270] [26] DEBUG: sms_router: handling message (0x7cc9c0011350 vs 0x7cc9c0011350)
2026-04-26 16:06:42 [387270] [26] DEBUG: Routing failed, re-queued.
2026-04-26 16:06:42 [387270] [26] DEBUG: sms_router: time to sleep 30.00 secs.
2026-04-26 16:07:12 [387270] [26] DEBUG: sms_router: gwlist_len = 1
2026-04-26 16:07:12 [387270] [26] DEBUG: sms_router: handling message (0x7cc9c0011350 vs 0x7cc9c0011350)
2026-04-26 16:07:12 [387270] [26] DEBUG: Routing failed, re-queued.
2026-04-26 16:07:12 [387270] [26] DEBUG: sms_router: handling message (0x7cc9c0011350 vs 0x7cc9c0011350)
2026-04-26 16:07:12 [387270] [26] DEBUG: Routing failed, re-queued.
2026-04-26 16:07:12 [387270] [26] DEBUG: sms_router: time to sleep 30.00 secs.
2026-04-26 16:07:42 [387270] [26] DEBUG: sms_router: gwlist_len = 1
2026-04-26 16:07:42 [387270] [26] DEBUG: sms_router: handling message (0x7cc9c0011350 vs 0x7cc9c0011350)
2026-04-26 16:07:42 [387270] [26] DEBUG: Routing failed, re-queued.
2026-04-26 16:07:42 [387270] [26] DEBUG: sms_router: handling message (0x7cc9c0011350 vs 0x7cc9c0011350)
2026-04-26 16:07:42 [387270] [26] DEBUG: Routing failed, re-queued.
2026-04-26 16:07:42 [387270] [26] DEBUG: sms_router: time to sleep 30.00 secs.
2026-04-26 16:08:12 [387270] [26] DEBUG: sms_router: gwlist_len = 1
2026-04-26 16:08:12 [387270] [26] DEBUG: sms_router: handling message (0x7cc9c0011350 vs 0x7cc9c0011350)
2026-04-26 16:08:12 [387270] [26] DEBUG: Routing failed, re-queued.
2026-04-26 16:08:12 [387270] [26] DEBUG: sms_router: handling message (0x7cc9c0011350 vs 0x7cc9c0011350)
2026-04-26 16:08:12 [387270] [26] DEBUG: Routing failed, re-queued.
2026-04-26 16:08:12 [387270] [26] DEBUG: sms_router: time to sleep 30.00 secs.
2026-04-26 16:08:42 [387270] [26] DEBUG: sms_router: gwlist_len = 1
2026-04-26 16:08:42 [387270] [26] DEBUG: sms_router: handling message (0x7cc9c0011350 vs 0x7cc9c0011350)
2026-04-26 16:08:42 [387270] [26] DEBUG: Routing failed, re-queued.
2026-04-26 16:08:42 [387270] [26] DEBUG: sms_router: handling message (0x7cc9c0011350 vs 0x7cc9c0011350)
2026-04-26 16:08:42 [387270] [26] DEBUG: Routing failed, re-queued.
2026-04-26 16:08:42 [387270] [26] DEBUG: sms_router: time to sleep 30.00 secs.
2026-04-26 16:09:12 [387270] [26] DEBUG: sms_router: gwlist_len = 1
2026-04-26 16:09:12 [387270] [26] DEBUG: sms_router: handling message (0x7cc9c0011350 vs 0x7cc9c0011350)
2026-04-26 16:09:12 [387270] [26] DEBUG: Routing failed, re-queued.
2026-04-26 16:09:12 [387270] [26] DEBUG: sms_router: handling message (0x7cc9c0011350 vs 0x7cc9c0011350)
2026-04-26 16:09:12 [387270] [26] DEBUG: Routing failed, re-queued.
2026-04-26 16:09:12 [387270] [26] DEBUG: sms_router: time to sleep 30.00 secs.
2026-04-26 16:09:42 [387270] [26] DEBUG: sms_router: gwlist_len = 1
2026-04-26 16:09:42 [387270] [26] DEBUG: sms_router: handling message (0x7cc9c0011350 vs 0x7cc9c0011350)
2026-04-26 16:09:42 [387270] [26] DEBUG: Routing failed, re-queued.
2026-04-26 16:09:42 [387270] [26] DEBUG: sms_router: handling message (0x7cc9c0011350 vs 0x7cc9c0011350)
2026-04-26 16:09:42 [387270] [26] DEBUG: Routing failed, re-queued.
2026-04-26 16:09:42 [387270] [26] DEBUG: sms_router: time to sleep 30.00 secs.
2026-04-26 16:10:12 [387270] [26] DEBUG: sms_router: gwlist_len = 1
2026-04-26 16:10:12 [387270] [26] DEBUG: sms_router: handling message (0x7cc9c0011350 vs 0x7cc9c0011350)
2026-04-26 16:10:12 [387270] [26] DEBUG: Routing failed, re-queued.
2026-04-26 16:10:12 [387270] [26] DEBUG: sms_router: handling message (0x7cc9c0011350 vs 0x7cc9c0011350)
2026-04-26 16:10:12 [387270] [26] DEBUG: Routing failed, re-queued.
2026-04-26 16:10:12 [387270] [26] DEBUG: sms_router: time to sleep 30.00 secs.
2026-04-26 16:10:39 [387270] [25] INFO: Fakesmsc client connected from 127.0.0.1
2026-04-26 16:10:39 [387270] [26] DEBUG: sms_router: gwlist_len = 1
2026-04-26 16:10:39 [387270] [26] DEBUG: sms_router: handling message (0x7cc9c0011350 vs 0x7cc9c0011350)
2026-04-26 16:10:39 [387270] [25] DEBUG: smsc_fake: new message received
2026-04-26 16:10:39 [387270] [25] DEBUG: smsc_fake: new message received
2026-04-26 16:10:39 [387270] [25] DEBUG: smsc_fake: new message received
2026-04-26 16:10:39 [387270] [25] DEBUG: smsc_fake: new message received
2026-04-26 16:10:39 [387270] [28] DEBUG: send_msg: sending msg to box: <127.0.0.1>
2026-04-26 16:10:39 [387270] [25] DEBUG: smsc_fake: new message received
2026-04-26 16:10:39 [387270] [28] DEBUG: boxc_sender: sent message to <127.0.0.1>
2026-04-26 16:10:39 [387270] [25] DEBUG: smsc_fake: new message received
2026-04-26 16:10:39 [387270] [28] DEBUG: send_msg: sending msg to box: <127.0.0.1>
2026-04-26 16:10:39 [387270] [25] DEBUG: smsc_fake: new message received
2026-04-26 16:10:39 [387270] [25] DEBUG: smsc_fake: new message received
2026-04-26 16:10:39 [387270] [28] DEBUG: boxc_sender: sent message to <127.0.0.1>
2026-04-26 16:10:39 [387270] [25] DEBUG: smsc_fake: new message received
2026-04-26 16:10:39 [387270] [25] DEBUG: smsc_fake: new message received
2026-04-26 16:10:39 [387270] [28] DEBUG: send_msg: sending msg to box: <127.0.0.1>
2026-04-26 16:10:39 [387270] [28] DEBUG: boxc_sender: sent message to <127.0.0.1>
2026-04-26 16:10:39 [387270] [28] DEBUG: send_msg: sending msg to box: <127.0.0.1>
2026-04-26 16:10:39 [387270] [28] DEBUG: boxc_sender: sent message to <127.0.0.1>
2026-04-26 16:10:39 [387270] [28] DEBUG: send_msg: sending msg to box: <127.0.0.1>
2026-04-26 16:10:39 [387270] [28] DEBUG: boxc_sender: sent message to <127.0.0.1>
2026-04-26 16:10:39 [387270] [28] DEBUG: send_msg: sending msg to box: <127.0.0.1>
2026-04-26 16:10:39 [387270] [28] DEBUG: boxc_sender: sent message to <127.0.0.1>
2026-04-26 16:10:39 [387270] [28] DEBUG: send_msg: sending msg to box: <127.0.0.1>
2026-04-26 16:10:39 [387270] [28] DEBUG: boxc_sender: sent message to <127.0.0.1>
2026-04-26 16:10:39 [387270] [28] DEBUG: send_msg: sending msg to box: <127.0.0.1>
2026-04-26 16:10:39 [387270] [28] DEBUG: boxc_sender: sent message to <127.0.0.1>
2026-04-26 16:10:39 [387270] [28] DEBUG: send_msg: sending msg to box: <127.0.0.1>
2026-04-26 16:10:39 [387270] [28] DEBUG: boxc_sender: sent message to <127.0.0.1>
2026-04-26 16:10:39 [387270] [28] DEBUG: send_msg: sending msg to box: <127.0.0.1>
2026-04-26 16:10:39 [387270] [28] DEBUG: boxc_sender: sent message to <127.0.0.1>
2026-04-26 16:10:39 [387270] [26] DEBUG: Message routed successfully.
2026-04-26 16:10:39 [387270] [25] DEBUG: smsc_fake: sending message to client
2026-04-26 16:10:39 [387270] [27] DEBUG: boxc_receiver: sms received
2026-04-26 16:10:39 [387270] [27] DEBUG: send_msg: sending msg to box: <127.0.0.1>
2026-04-26 16:10:39 [387270] [27] DEBUG: boxc_receiver: got ack
2026-04-26 16:10:39 [387270] [27] DEBUG: boxc_receiver: sms received
2026-04-26 16:10:39 [387270] [27] DEBUG: send_msg: sending msg to box: <127.0.0.1>
2026-04-26 16:10:39 [387270] [25] DEBUG: smsc_fake: sending message to client
2026-04-26 16:10:39 [387270] [27] DEBUG: boxc_receiver: got ack
2026-04-26 16:10:39 [387270] [27] DEBUG: boxc_receiver: sms received
2026-04-26 16:10:39 [387270] [27] DEBUG: send_msg: sending msg to box: <127.0.0.1>
2026-04-26 16:10:39 [387270] [25] DEBUG: smsc_fake: sending message to client
2026-04-26 16:10:39 [387270] [27] DEBUG: boxc_receiver: got ack
2026-04-26 16:10:39 [387270] [27] DEBUG: boxc_receiver: sms received
2026-04-26 16:10:39 [387270] [25] DEBUG: smsc_fake: sending message to client
2026-04-26 16:10:39 [387270] [27] DEBUG: send_msg: sending msg to box: <127.0.0.1>
2026-04-26 16:10:39 [387270] [25] DEBUG: smsc_fake: sending message to client
2026-04-26 16:10:39 [387270] [27] DEBUG: boxc_receiver: got ack
2026-04-26 16:10:39 [387270] [27] DEBUG: boxc_receiver: sms received
2026-04-26 16:10:39 [387270] [27] DEBUG: send_msg: sending msg to box: <127.0.0.1>
2026-04-26 16:10:39 [387270] [25] DEBUG: smsc_fake: sending message to client
2026-04-26 16:10:39 [387270] [27] DEBUG: boxc_receiver: got ack
2026-04-26 16:10:39 [387270] [27] DEBUG: boxc_receiver: sms received
2026-04-26 16:10:39 [387270] [27] DEBUG: send_msg: sending msg to box: <127.0.0.1>
2026-04-26 16:10:39 [387270] [25] DEBUG: smsc_fake: sending message to client
2026-04-26 16:10:39 [387270] [27] DEBUG: boxc_receiver: got ack
2026-04-26 16:10:39 [387270] [27] DEBUG: boxc_receiver: sms received
2026-04-26 16:10:39 [387270] [27] DEBUG: send_msg: sending msg to box: <127.0.0.1>
2026-04-26 16:10:39 [387270] [25] DEBUG: smsc_fake: sending message to client
2026-04-26 16:10:39 [387270] [27] DEBUG: boxc_receiver: got ack
2026-04-26 16:10:39 [387270] [27] DEBUG: boxc_receiver: sms received
2026-04-26 16:10:39 [387270] [27] DEBUG: send_msg: sending msg to box: <127.0.0.1>
2026-04-26 16:10:39 [387270] [25] DEBUG: smsc_fake: sending message to client
2026-04-26 16:10:39 [387270] [27] DEBUG: boxc_receiver: got ack
2026-04-26 16:10:39 [387270] [27] DEBUG: boxc_receiver: sms received
2026-04-26 16:10:39 [387270] [27] DEBUG: send_msg: sending msg to box: <127.0.0.1>
2026-04-26 16:10:39 [387270] [25] DEBUG: smsc_fake: sending message to client
2026-04-26 16:10:39 [387270] [27] DEBUG: boxc_receiver: got ack
2026-04-26 16:10:39 [387270] [27] DEBUG: boxc_receiver: sms received
2026-04-26 16:10:39 [387270] [27] DEBUG: send_msg: sending msg to box: <127.0.0.1>
2026-04-26 16:10:39 [387270] [25] DEBUG: smsc_fake: sending message to client
2026-04-26 16:10:39 [387270] [27] DEBUG: boxc_receiver: got ack
2026-04-26 16:11:05 [387270] [27] DEBUG: boxc_receiver: heartbeat with load value 0 received
2026-04-26 16:11:17 [387270] [27] DEBUG: boxc_receiver: sms received
2026-04-26 16:11:17 [387270] [27] DEBUG: send_msg: sending msg to box: <127.0.0.1>
2026-04-26 16:11:17 [387270] [25] DEBUG: smsc_fake: sending message to client
2026-04-26 16:11:17 [387270] [27] DEBUG: boxc_receiver: sms received
2026-04-26 16:11:17 [387270] [27] DEBUG: send_msg: sending msg to box: <127.0.0.1>
2026-04-26 16:11:17 [387270] [25] DEBUG: smsc_fake: sending message to client
2026-04-26 16:11:17 [387270] [27] DEBUG: boxc_receiver: sms received
2026-04-26 16:11:17 [387270] [27] DEBUG: send_msg: sending msg to box: <127.0.0.1>
2026-04-26 16:11:17 [387270] [25] DEBUG: smsc_fake: sending message to client
2026-04-26 16:11:17 [387270] [27] DEBUG: boxc_receiver: sms received
2026-04-26 16:11:17 [387270] [27] DEBUG: send_msg: sending msg to box: <127.0.0.1>
2026-04-26 16:11:17 [387270] [25] DEBUG: smsc_fake: sending message to client
2026-04-26 16:11:17 [387270] [27] DEBUG: boxc_receiver: sms received
2026-04-26 16:11:17 [387270] [27] DEBUG: send_msg: sending msg to box: <127.0.0.1>
2026-04-26 16:11:17 [387270] [25] DEBUG: smsc_fake: sending message to client
2026-04-26 16:11:17 [387270] [27] DEBUG: boxc_receiver: sms received
2026-04-26 16:11:17 [387270] [27] DEBUG: send_msg: sending msg to box: <127.0.0.1>
2026-04-26 16:11:17 [387270] [25] DEBUG: smsc_fake: sending message to client
2026-04-26 16:11:17 [387270] [27] DEBUG: boxc_receiver: sms received
2026-04-26 16:11:17 [387270] [27] DEBUG: send_msg: sending msg to box: <127.0.0.1>
2026-04-26 16:11:17 [387270] [25] DEBUG: smsc_fake: sending message to client
2026-04-26 16:11:17 [387270] [27] DEBUG: boxc_receiver: sms received
2026-04-26 16:11:17 [387270] [27] DEBUG: send_msg: sending msg to box: <127.0.0.1>
2026-04-26 16:11:17 [387270] [25] DEBUG: smsc_fake: sending message to client
2026-04-26 16:11:17 [387270] [27] DEBUG: boxc_receiver: sms received
2026-04-26 16:11:17 [387270] [27] DEBUG: send_msg: sending msg to box: <127.0.0.1>
2026-04-26 16:11:17 [387270] [25] DEBUG: smsc_fake: sending message to client
2026-04-26 16:11:17 [387270] [27] DEBUG: boxc_receiver: sms received
2026-04-26 16:11:17 [387270] [27] DEBUG: send_msg: sending msg to box: <127.0.0.1>
2026-04-26 16:11:17 [387270] [25] DEBUG: smsc_fake: sending message to client
