This file contains any messages produced by compilers while
running configure, to aid debugging if configure makes a mistake.

It was created by configure, which was
generated by GNU Autoconf 2.71.  Invocation command line was

  $ ./configure --build=x86_64-linux-gnu --prefix=/usr '--includedir=${prefix}/include' '--mandir=${prefix}/share/man' '--infodir=${prefix}/share/info' --sysconfdir=/etc --localstatedir=/var --disable-option-checking --disable-silent-rules '--libdir=${prefix}/lib/x86_64-linux-gnu' --runstatedir=/run --disable-maintainer-mode --disable-dependency-tracking --disable-silent-rules --enable-warnings --enable-docs --enable-pam --enable-ssl --with-ssl=/usr --with-mysql --with-mysql-dir=/usr --without-sqlite2 --with-sqlite3 --with-pgsql --with-pgsql-dir=/usr --with-redis --with-redis-dir=/usr --with-mssql=/usr

## --------- ##
## Platform. ##
## --------- ##

hostname = medali
uname -m = x86_64
uname -r = 6.17.0-22-generic
uname -s = Linux
uname -v = #22~24.04.1-Ubuntu SMP PREEMPT_DYNAMIC Thu Mar 26 15:25:54 UTC 2

/usr/bin/uname -p = x86_64
/bin/uname -X     = unknown

/bin/arch              = x86_64
/usr/bin/arch -k       = unknown
/usr/convex/getsysinfo = unknown
/usr/bin/hostinfo      = unknown
/bin/machine           = unknown
/usr/bin/oslevel       = unknown
/bin/universe          = unknown

PATH: /home/medali/.local/bin/
PATH: /home/medali/miniconda3/bin/
PATH: /home/medali/miniconda3/condabin/
PATH: /home/medali/development/flutter/bin/
PATH: /home/medali/.sdkman/candidates/java/current/bin/
PATH: /home/medali/.nvm/versions/node/v22.15.0/bin/
PATH: /home/medali/development/flutter/bin/
PATH: /home/medali/.local/bin/
PATH: /usr/local/sbin/
PATH: /usr/local/bin/
PATH: /usr/sbin/
PATH: /usr/bin/
PATH: /sbin/
PATH: /bin/
PATH: /usr/games/
PATH: /usr/local/games/
PATH: /snap/bin/
PATH: /snap/bin/
PATH: /usr/local/go/bin/
PATH: /usr/local/go/bin/
PATH: /usr/local/go/bin/
PATH: /usr/local/go/bin/


## ----------- ##
## Core tests. ##
## ----------- ##

configure:2795: looking for aux files: config.rpath compile config.guess config.sub ltmain.sh missing install-sh
configure:2808:  trying ././
configure:2837:   ././config.rpath found
configure:2837:   ././compile found
configure:2837:   ././config.guess found
configure:2837:   ././config.sub found
configure:2837:   ././ltmain.sh found
configure:2837:   ././missing found
configure:2819:   ././install-sh found
configure:3052: checking for a BSD-compatible install
configure:3125: result: /usr/bin/install -c
configure:3136: checking whether build environment is sane
configure:3191: result: yes
configure:3350: checking for a race-free mkdir -p
configure:3394: result: /usr/bin/mkdir -p
configure:3401: checking for gawk
configure:3422: found /usr/bin/gawk
configure:3433: result: gawk
configure:3444: checking whether make sets $(MAKE)
configure:3467: result: yes
configure:3497: checking whether make supports nested variables
configure:3515: result: yes
configure:3722: checking build system type
configure:3737: result: x86_64-pc-linux-gnu
configure:3757: checking host system type
configure:3771: result: x86_64-pc-linux-gnu
configure:3812: checking how to print strings
configure:3839: result: printf
configure:3873: checking whether make supports the include directive
configure:3888: make -f confmf.GNU && cat confinc.out
make[2]: Entering directory '/home/medali/Downloads/kannel-optimized/kannel-debian-sid'
make[2]: Leaving directory '/home/medali/Downloads/kannel-optimized/kannel-debian-sid'
this is the am__doit target
configure:3891: $? = 0
configure:3910: result: yes (GNU style)
configure:3986: checking for gcc
configure:4007: found /usr/bin/gcc
configure:4018: result: gcc
configure:4371: checking for C compiler version
configure:4380: gcc --version >&5
gcc (Ubuntu 13.3.0-6ubuntu2~24.04.1) 13.3.0
Copyright (C) 2023 Free Software Foundation, Inc.
This is free software; see the source for copying conditions.  There is NO
warranty; not even for MERCHANTABILITY or FITNESS FOR A PARTICULAR PURPOSE.

configure:4391: $? = 0
configure:4380: gcc -v >&5
Using built-in specs.
COLLECT_GCC=gcc
COLLECT_LTO_WRAPPER=/usr/libexec/gcc/x86_64-linux-gnu/13/lto-wrapper
OFFLOAD_TARGET_NAMES=nvptx-none:amdgcn-amdhsa
OFFLOAD_TARGET_DEFAULT=1
Target: x86_64-linux-gnu
Configured with: ../src/configure -v --with-pkgversion='Ubuntu 13.3.0-6ubuntu2~24.04.1' --with-bugurl=file:///usr/share/doc/gcc-13/README.Bugs --enable-languages=c,ada,c++,go,d,fortran,objc,obj-c++,m2 --prefix=/usr --with-gcc-major-version-only --program-suffix=-13 --program-prefix=x86_64-linux-gnu- --enable-shared --enable-linker-build-id --libexecdir=/usr/libexec --without-included-gettext --enable-threads=posix --libdir=/usr/lib --enable-nls --enable-bootstrap --enable-clocale=gnu --enable-libstdcxx-debug --enable-libstdcxx-time=yes --with-default-libstdcxx-abi=new --enable-libstdcxx-backtrace --enable-gnu-unique-object --disable-vtable-verify --enable-plugin --enable-default-pie --with-system-zlib --enable-libphobos-checking=release --with-target-system-zlib=auto --enable-objc-gc=auto --enable-multiarch --disable-werror --enable-cet --with-arch-32=i686 --with-abi=m64 --with-multilib-list=m32,m64,mx32 --enable-multilib --with-tune=generic --enable-offload-targets=nvptx-none=/build/gcc-13-EldibY/gcc-13-13.3.0/debian/tmp-nvptx/usr,amdgcn-amdhsa=/build/gcc-13-EldibY/gcc-13-13.3.0/debian/tmp-gcn/usr --enable-offload-defaulted --without-cuda-driver --enable-checking=release --build=x86_64-linux-gnu --host=x86_64-linux-gnu --target=x86_64-linux-gnu --with-build-config=bootstrap-lto-lean --enable-link-serialization=2
Thread model: posix
Supported LTO compression algorithms: zlib zstd
gcc version 13.3.0 (Ubuntu 13.3.0-6ubuntu2~24.04.1) 
... rest of stderr output deleted ...
configure:4391: $? = 0
configure:4380: gcc -V >&5
gcc: error: unrecognized command-line option '-V'
gcc: fatal error: no input files
compilation terminated.
configure:4391: $? = 1
configure:4380: gcc -qversion >&5
gcc: error: unrecognized command-line option '-qversion'; did you mean '--version'?
gcc: fatal error: no input files
compilation terminated.
configure:4391: $? = 1
configure:4380: gcc -version >&5
gcc: error: unrecognized command-line option '-version'
gcc: fatal error: no input files
compilation terminated.
configure:4391: $? = 1
configure:4411: checking whether the C compiler works
configure:4433: gcc -g -O2 -fno-omit-frame-pointer -mno-omit-leaf-frame-pointer -ffile-prefix-map=/home/medali/Downloads/kannel-optimized/kannel-debian-sid=. -flto=auto -ffat-lto-objects -fstack-protector-strong -fstack-clash-protection -Wformat -Werror=format-security -fcf-protection -fdebug-prefix-map=/home/medali/Downloads/kannel-optimized/kannel-debian-sid=/usr/src/kannel-1.4.5-22 -Wdate-time -D_FORTIFY_SOURCE=3 -Wl,-Bsymbolic-functions -flto=auto -ffat-lto-objects -Wl,-z,relro -Wl,-z,now conftest.c  >&5
configure:4437: $? = 0
configure:4487: result: yes
configure:4490: checking for C compiler default output file name
configure:4492: result: a.out
configure:4498: checking for suffix of executables
configure:4505: gcc -o conftest -g -O2 -fno-omit-frame-pointer -mno-omit-leaf-frame-pointer -ffile-prefix-map=/home/medali/Downloads/kannel-optimized/kannel-debian-sid=. -flto=auto -ffat-lto-objects -fstack-protector-strong -fstack-clash-protection -Wformat -Werror=format-security -fcf-protection -fdebug-prefix-map=/home/medali/Downloads/kannel-optimized/kannel-debian-sid=/usr/src/kannel-1.4.5-22 -Wdate-time -D_FORTIFY_SOURCE=3 -Wl,-Bsymbolic-functions -flto=auto -ffat-lto-objects -Wl,-z,relro -Wl,-z,now conftest.c  >&5
configure:4509: $? = 0
configure:4532: result: 
configure:4554: checking whether we are cross compiling
configure:4562: gcc -o conftest -g -O2 -fno-omit-frame-pointer -mno-omit-leaf-frame-pointer -ffile-prefix-map=/home/medali/Downloads/kannel-optimized/kannel-debian-sid=. -flto=auto -ffat-lto-objects -fstack-protector-strong -fstack-clash-protection -Wformat -Werror=format-security -fcf-protection -fdebug-prefix-map=/home/medali/Downloads/kannel-optimized/kannel-debian-sid=/usr/src/kannel-1.4.5-22 -Wdate-time -D_FORTIFY_SOURCE=3 -Wl,-Bsymbolic-functions -flto=auto -ffat-lto-objects -Wl,-z,relro -Wl,-z,now conftest.c  >&5
configure:4566: $? = 0
configure:4573: ./conftest
configure:4577: $? = 0
configure:4592: result: no
configure:4597: checking for suffix of object files
configure:4620: gcc -c -g -O2 -fno-omit-frame-pointer -mno-omit-leaf-frame-pointer -ffile-prefix-map=/home/medali/Downloads/kannel-optimized/kannel-debian-sid=. -flto=auto -ffat-lto-objects -fstack-protector-strong -fstack-clash-protection -Wformat -Werror=format-security -fcf-protection -fdebug-prefix-map=/home/medali/Downloads/kannel-optimized/kannel-debian-sid=/usr/src/kannel-1.4.5-22 -Wdate-time -D_FORTIFY_SOURCE=3 conftest.c >&5
configure:4624: $? = 0
configure:4646: result: o
configure:4650: checking whether the compiler supports GNU C
configure:4670: gcc -c -g -O2 -fno-omit-frame-pointer -mno-omit-leaf-frame-pointer -ffile-prefix-map=/home/medali/Downloads/kannel-optimized/kannel-debian-sid=. -flto=auto -ffat-lto-objects -fstack-protector-strong -fstack-clash-protection -Wformat -Werror=format-security -fcf-protection -fdebug-prefix-map=/home/medali/Downloads/kannel-optimized/kannel-debian-sid=/usr/src/kannel-1.4.5-22 -Wdate-time -D_FORTIFY_SOURCE=3 conftest.c >&5
configure:4670: $? = 0
configure:4680: result: yes
configure:4691: checking whether gcc accepts -g
configure:4712: gcc -c -g -Wdate-time -D_FORTIFY_SOURCE=3 conftest.c >&5
configure:4712: $? = 0
configure:4756: result: yes
configure:4776: checking for gcc option to enable C11 features
configure:4791: gcc  -c -g -O2 -fno-omit-frame-pointer -mno-omit-leaf-frame-pointer -ffile-prefix-map=/home/medali/Downloads/kannel-optimized/kannel-debian-sid=. -flto=auto -ffat-lto-objects -fstack-protector-strong -fstack-clash-protection -Wformat -Werror=format-security -fcf-protection -fdebug-prefix-map=/home/medali/Downloads/kannel-optimized/kannel-debian-sid=/usr/src/kannel-1.4.5-22 -Wdate-time -D_FORTIFY_SOURCE=3 conftest.c >&5
configure:4791: $? = 0
configure:4809: result: none needed
configure:4925: checking whether gcc understands -c and -o together
configure:4948: gcc -c conftest.c -o conftest2.o
configure:4951: $? = 0
configure:4948: gcc -c conftest.c -o conftest2.o
configure:4951: $? = 0
configure:4963: result: yes
configure:4982: checking dependency style of gcc
configure:5094: result: none
configure:5109: checking for a sed that does not truncate output
configure:5179: result: /usr/bin/sed
configure:5197: checking for grep that handles long lines and -e
configure:5261: result: /usr/bin/grep
configure:5266: checking for egrep
configure:5334: result: /usr/bin/grep -E
configure:5339: checking for fgrep
configure:5407: result: /usr/bin/grep -F
configure:5443: checking for ld used by gcc
configure:5511: result: /usr/bin/ld
configure:5518: checking if the linker (/usr/bin/ld) is GNU ld
configure:5534: result: yes
configure:5546: checking for BSD- or MS-compatible name lister (nm)
configure:5601: result: /usr/bin/nm -B
configure:5741: checking the name lister (/usr/bin/nm -B) interface
configure:5749: gcc -c -g -O2 -fno-omit-frame-pointer -mno-omit-leaf-frame-pointer -ffile-prefix-map=/home/medali/Downloads/kannel-optimized/kannel-debian-sid=. -flto=auto -ffat-lto-objects -fstack-protector-strong -fstack-clash-protection -Wformat -Werror=format-security -fcf-protection -fdebug-prefix-map=/home/medali/Downloads/kannel-optimized/kannel-debian-sid=/usr/src/kannel-1.4.5-22 -Wdate-time -D_FORTIFY_SOURCE=3 conftest.c >&5
configure:5752: /usr/bin/nm -B "conftest.o"
configure:5755: output
00000000 B some_variable
configure:5762: result: BSD nm
configure:5765: checking whether ln -s works
configure:5769: result: yes
configure:5777: checking the maximum length of command line arguments
configure:5909: result: 1572864
configure:5957: checking how to convert x86_64-pc-linux-gnu file names to x86_64-pc-linux-gnu format
configure:5998: result: func_convert_file_noop
configure:6005: checking how to convert x86_64-pc-linux-gnu file names to toolchain format
configure:6026: result: func_convert_file_noop
configure:6033: checking for /usr/bin/ld option to reload object files
configure:6041: result: -r
configure:6120: checking for file
configure:6141: found /usr/bin/file
configure:6152: result: file
configure:6228: checking for objdump
configure:6249: found /usr/bin/objdump
configure:6260: result: objdump
configure:6292: checking how to recognize dependent libraries
configure:6493: result: pass_all
configure:6583: checking for dlltool
configure:6618: result: no
configure:6648: checking how to associate runtime and link libraries
configure:6676: result: printf %s\n
configure:6742: checking for ar
configure:6763: found /usr/bin/ar
configure:6774: result: ar
configure:6827: checking for archiver @FILE support
configure:6845: gcc -c -g -O2 -fno-omit-frame-pointer -mno-omit-leaf-frame-pointer -ffile-prefix-map=/home/medali/Downloads/kannel-optimized/kannel-debian-sid=. -flto=auto -ffat-lto-objects -fstack-protector-strong -fstack-clash-protection -Wformat -Werror=format-security -fcf-protection -fdebug-prefix-map=/home/medali/Downloads/kannel-optimized/kannel-debian-sid=/usr/src/kannel-1.4.5-22 -Wdate-time -D_FORTIFY_SOURCE=3 conftest.c >&5
configure:6845: $? = 0
configure:6849: ar cr libconftest.a @conftest.lst >&5
configure:6852: $? = 0
configure:6857: ar cr libconftest.a @conftest.lst >&5
ar: conftest.o: No such file or directory
configure:6860: $? = 1
configure:6872: result: @
configure:6935: checking for strip
configure:6956: found /usr/bin/strip
configure:6967: result: strip
configure:7044: checking for ranlib
configure:7065: found /usr/bin/ranlib
configure:7076: result: ranlib
configure:7178: checking command to parse /usr/bin/nm -B output from gcc object
configure:7332: gcc -c -g -O2 -fno-omit-frame-pointer -mno-omit-leaf-frame-pointer -ffile-prefix-map=/home/medali/Downloads/kannel-optimized/kannel-debian-sid=. -flto=auto -ffat-lto-objects -fstack-protector-strong -fstack-clash-protection -Wformat -Werror=format-security -fcf-protection -fdebug-prefix-map=/home/medali/Downloads/kannel-optimized/kannel-debian-sid=/usr/src/kannel-1.4.5-22 -Wdate-time -D_FORTIFY_SOURCE=3 conftest.c >&5
configure:7335: $? = 0
configure:7339: /usr/bin/nm -B conftest.o | /usr/bin/sed -n -e 's/^.*[	 ]\([ABCDGIRSTW][ABCDGIRSTW]*\)[	 ][	 ]*\([_A-Za-z][_A-Za-z0-9]*\)$/\1 \2 \2/p' | /usr/bin/sed '/ __gnu_lto/d' > conftest.nm
configure:7405: gcc -o conftest -g -O2 -fno-omit-frame-pointer -mno-omit-leaf-frame-pointer -ffile-prefix-map=/home/medali/Downloads/kannel-optimized/kannel-debian-sid=. -flto=auto -ffat-lto-objects -fstack-protector-strong -fstack-clash-protection -Wformat -Werror=format-security -fcf-protection -fdebug-prefix-map=/home/medali/Downloads/kannel-optimized/kannel-debian-sid=/usr/src/kannel-1.4.5-22 -Wdate-time -D_FORTIFY_SOURCE=3 -Wl,-Bsymbolic-functions -flto=auto -ffat-lto-objects -Wl,-z,relro -Wl,-z,now conftest.c conftstm.o >&5
configure:7408: $? = 0
configure:7446: result: ok
configure:7493: checking for sysroot
configure:7524: result: no
configure:7531: checking for a working dd
configure:7575: result: /usr/bin/dd
configure:7579: checking how to truncate binary pipes
configure:7595: result: /usr/bin/dd bs=4096 count=1
configure:7732: gcc -c -g -O2 -fno-omit-frame-pointer -mno-omit-leaf-frame-pointer -ffile-prefix-map=/home/medali/Downloads/kannel-optimized/kannel-debian-sid=. -flto=auto -ffat-lto-objects -fstack-protector-strong -fstack-clash-protection -Wformat -Werror=format-security -fcf-protection -fdebug-prefix-map=/home/medali/Downloads/kannel-optimized/kannel-debian-sid=/usr/src/kannel-1.4.5-22 -Wdate-time -D_FORTIFY_SOURCE=3 conftest.c >&5
configure:7735: $? = 0
configure:7932: checking for mt
configure:7953: found /usr/bin/mt
configure:7964: result: mt
configure:7987: checking if mt is a manifest tool
configure:7994: mt '-?'
configure:8002: result: no
configure:8727: checking for stdio.h
configure:8727: gcc -c -g -O2 -fno-omit-frame-pointer -mno-omit-leaf-frame-pointer -ffile-prefix-map=/home/medali/Downloads/kannel-optimized/kannel-debian-sid=. -flto=auto -ffat-lto-objects -fstack-protector-strong -fstack-clash-protection -Wformat -Werror=format-security -fcf-protection -fdebug-prefix-map=/home/medali/Downloads/kannel-optimized/kannel-debian-sid=/usr/src/kannel-1.4.5-22 -Wdate-time -D_FORTIFY_SOURCE=3 conftest.c >&5
configure:8727: $? = 0
configure:8727: result: yes
configure:8727: checking for stdlib.h
configure:8727: gcc -c -g -O2 -fno-omit-frame-pointer -mno-omit-leaf-frame-pointer -ffile-prefix-map=/home/medali/Downloads/kannel-optimized/kannel-debian-sid=. -flto=auto -ffat-lto-objects -fstack-protector-strong -fstack-clash-protection -Wformat -Werror=format-security -fcf-protection -fdebug-prefix-map=/home/medali/Downloads/kannel-optimized/kannel-debian-sid=/usr/src/kannel-1.4.5-22 -Wdate-time -D_FORTIFY_SOURCE=3 conftest.c >&5
configure:8727: $? = 0
configure:8727: result: yes
configure:8727: checking for string.h
configure:8727: gcc -c -g -O2 -fno-omit-frame-pointer -mno-omit-leaf-frame-pointer -ffile-prefix-map=/home/medali/Downloads/kannel-optimized/kannel-debian-sid=. -flto=auto -ffat-lto-objects -fstack-protector-strong -fstack-clash-protection -Wformat -Werror=format-security -fcf-protection -fdebug-prefix-map=/home/medali/Downloads/kannel-optimized/kannel-debian-sid=/usr/src/kannel-1.4.5-22 -Wdate-time -D_FORTIFY_SOURCE=3 conftest.c >&5
configure:8727: $? = 0
configure:8727: result: yes
configure:8727: checking for inttypes.h
configure:8727: gcc -c -g -O2 -fno-omit-frame-pointer -mno-omit-leaf-frame-pointer -ffile-prefix-map=/home/medali/Downloads/kannel-optimized/kannel-debian-sid=. -flto=auto -ffat-lto-objects -fstack-protector-strong -fstack-clash-protection -Wformat -Werror=format-security -fcf-protection -fdebug-prefix-map=/home/medali/Downloads/kannel-optimized/kannel-debian-sid=/usr/src/kannel-1.4.5-22 -Wdate-time -D_FORTIFY_SOURCE=3 conftest.c >&5
configure:8727: $? = 0
configure:8727: result: yes
configure:8727: checking for stdint.h
configure:8727: gcc -c -g -O2 -fno-omit-frame-pointer -mno-omit-leaf-frame-pointer -ffile-prefix-map=/home/medali/Downloads/kannel-optimized/kannel-debian-sid=. -flto=auto -ffat-lto-objects -fstack-protector-strong -fstack-clash-protection -Wformat -Werror=format-security -fcf-protection -fdebug-prefix-map=/home/medali/Downloads/kannel-optimized/kannel-debian-sid=/usr/src/kannel-1.4.5-22 -Wdate-time -D_FORTIFY_SOURCE=3 conftest.c >&5
configure:8727: $? = 0
configure:8727: result: yes
configure:8727: checking for strings.h
configure:8727: gcc -c -g -O2 -fno-omit-frame-pointer -mno-omit-leaf-frame-pointer -ffile-prefix-map=/home/medali/Downloads/kannel-optimized/kannel-debian-sid=. -flto=auto -ffat-lto-objects -fstack-protector-strong -fstack-clash-protection -Wformat -Werror=format-security -fcf-protection -fdebug-prefix-map=/home/medali/Downloads/kannel-optimized/kannel-debian-sid=/usr/src/kannel-1.4.5-22 -Wdate-time -D_FORTIFY_SOURCE=3 conftest.c >&5
configure:8727: $? = 0
configure:8727: result: yes
configure:8727: checking for sys/stat.h
configure:8727: gcc -c -g -O2 -fno-omit-frame-pointer -mno-omit-leaf-frame-pointer -ffile-prefix-map=/home/medali/Downloads/kannel-optimized/kannel-debian-sid=. -flto=auto -ffat-lto-objects -fstack-protector-strong -fstack-clash-protection -Wformat -Werror=format-security -fcf-protection -fdebug-prefix-map=/home/medali/Downloads/kannel-optimized/kannel-debian-sid=/usr/src/kannel-1.4.5-22 -Wdate-time -D_FORTIFY_SOURCE=3 conftest.c >&5
configure:8727: $? = 0
configure:8727: result: yes
configure:8727: checking for sys/types.h
configure:8727: gcc -c -g -O2 -fno-omit-frame-pointer -mno-omit-leaf-frame-pointer -ffile-prefix-map=/home/medali/Downloads/kannel-optimized/kannel-debian-sid=. -flto=auto -ffat-lto-objects -fstack-protector-strong -fstack-clash-protection -Wformat -Werror=format-security -fcf-protection -fdebug-prefix-map=/home/medali/Downloads/kannel-optimized/kannel-debian-sid=/usr/src/kannel-1.4.5-22 -Wdate-time -D_FORTIFY_SOURCE=3 conftest.c >&5
configure:8727: $? = 0
configure:8727: result: yes
configure:8727: checking for unistd.h
configure:8727: gcc -c -g -O2 -fno-omit-frame-pointer -mno-omit-leaf-frame-pointer -ffile-prefix-map=/home/medali/Downloads/kannel-optimized/kannel-debian-sid=. -flto=auto -ffat-lto-objects -fstack-protector-strong -fstack-clash-protection -Wformat -Werror=format-security -fcf-protection -fdebug-prefix-map=/home/medali/Downloads/kannel-optimized/kannel-debian-sid=/usr/src/kannel-1.4.5-22 -Wdate-time -D_FORTIFY_SOURCE=3 conftest.c >&5
configure:8727: $? = 0
configure:8727: result: yes
configure:8752: checking for dlfcn.h
configure:8752: gcc -c -g -O2 -fno-omit-frame-pointer -mno-omit-leaf-frame-pointer -ffile-prefix-map=/home/medali/Downloads/kannel-optimized/kannel-debian-sid=. -flto=auto -ffat-lto-objects -fstack-protector-strong -fstack-clash-protection -Wformat -Werror=format-security -fcf-protection -fdebug-prefix-map=/home/medali/Downloads/kannel-optimized/kannel-debian-sid=/usr/src/kannel-1.4.5-22 -Wdate-time -D_FORTIFY_SOURCE=3 conftest.c >&5
configure:8752: $? = 0
configure:8752: result: yes
configure:8980: checking for objdir
configure:8996: result: .libs
configure:9256: checking if gcc supports -fno-rtti -fno-exceptions
configure:9275: gcc -c -g -O2 -fno-omit-frame-pointer -mno-omit-leaf-frame-pointer -ffile-prefix-map=/home/medali/Downloads/kannel-optimized/kannel-debian-sid=. -flto=auto -ffat-lto-objects -fstack-protector-strong -fstack-clash-protection -Wformat -Werror=format-security -fcf-protection -fdebug-prefix-map=/home/medali/Downloads/kannel-optimized/kannel-debian-sid=/usr/src/kannel-1.4.5-22 -Wdate-time -D_FORTIFY_SOURCE=3 -fno-rtti -fno-exceptions conftest.c >&5
cc1: warning: command-line option '-fno-rtti' is valid for C++/D/ObjC++ but not for C
configure:9279: $? = 0
configure:9292: result: no
configure:9656: checking for gcc option to produce PIC
configure:9664: result: -fPIC -DPIC
configure:9672: checking if gcc PIC flag -fPIC -DPIC works
configure:9691: gcc -c -g -O2 -fno-omit-frame-pointer -mno-omit-leaf-frame-pointer -ffile-prefix-map=/home/medali/Downloads/kannel-optimized/kannel-debian-sid=. -flto=auto -ffat-lto-objects -fstack-protector-strong -fstack-clash-protection -Wformat -Werror=format-security -fcf-protection -fdebug-prefix-map=/home/medali/Downloads/kannel-optimized/kannel-debian-sid=/usr/src/kannel-1.4.5-22 -Wdate-time -D_FORTIFY_SOURCE=3 -fPIC -DPIC -DPIC conftest.c >&5
configure:9695: $? = 0
configure:9708: result: yes
configure:9737: checking if gcc static flag -static works
configure:9766: result: yes
configure:9781: checking if gcc supports -c -o file.o
configure:9803: gcc -c -g -O2 -fno-omit-frame-pointer -mno-omit-leaf-frame-pointer -ffile-prefix-map=/home/medali/Downloads/kannel-optimized/kannel-debian-sid=. -flto=auto -ffat-lto-objects -fstack-protector-strong -fstack-clash-protection -Wformat -Werror=format-security -fcf-protection -fdebug-prefix-map=/home/medali/Downloads/kannel-optimized/kannel-debian-sid=/usr/src/kannel-1.4.5-22 -Wdate-time -D_FORTIFY_SOURCE=3 -o out/conftest2.o conftest.c >&5
configure:9807: $? = 0
configure:9829: result: yes
configure:9837: checking if gcc supports -c -o file.o
configure:9885: result: yes
configure:9918: checking whether the gcc linker (/usr/bin/ld -m elf_x86_64) supports shared libraries
configure:11192: result: yes
configure:11229: checking whether -lc should be explicitly linked in
configure:11238: gcc -c -g -O2 -fno-omit-frame-pointer -mno-omit-leaf-frame-pointer -ffile-prefix-map=/home/medali/Downloads/kannel-optimized/kannel-debian-sid=. -flto=auto -ffat-lto-objects -fstack-protector-strong -fstack-clash-protection -Wformat -Werror=format-security -fcf-protection -fdebug-prefix-map=/home/medali/Downloads/kannel-optimized/kannel-debian-sid=/usr/src/kannel-1.4.5-22 -Wdate-time -D_FORTIFY_SOURCE=3 conftest.c >&5
configure:11241: $? = 0
configure:11256: gcc -shared  -fPIC -DPIC conftest.o  -v -Wl,-soname -Wl,conftest -o conftest 2\>\&1 \| /usr/bin/grep  -lc  \>/dev/null 2\>\&1
configure:11259: $? = 0
configure:11273: result: no
configure:11433: checking dynamic linker characteristics
configure:12015: gcc -o conftest -g -O2 -fno-omit-frame-pointer -mno-omit-leaf-frame-pointer -ffile-prefix-map=/home/medali/Downloads/kannel-optimized/kannel-debian-sid=. -flto=auto -ffat-lto-objects -fstack-protector-strong -fstack-clash-protection -Wformat -Werror=format-security -fcf-protection -fdebug-prefix-map=/home/medali/Downloads/kannel-optimized/kannel-debian-sid=/usr/src/kannel-1.4.5-22 -Wdate-time -D_FORTIFY_SOURCE=3 -Wl,-Bsymbolic-functions -flto=auto -ffat-lto-objects -Wl,-z,relro -Wl,-z,now -Wl,-rpath -Wl,/foo conftest.c  >&5
configure:12015: $? = 0
configure:12266: result: GNU/Linux ld.so
configure:12388: checking how to hardcode library paths into programs
configure:12413: result: immediate
configure:12965: checking whether stripping libraries is possible
configure:12974: result: yes
configure:13016: checking if libtool supports shared libraries
configure:13018: result: yes
configure:13021: checking whether to build shared libraries
configure:13046: result: yes
configure:13049: checking whether to build static libraries
configure:13053: result: no
configure:13162: checking for gcc
configure:13194: result: gcc
configure:13547: checking for C compiler version
configure:13556: gcc --version >&5
gcc (Ubuntu 13.3.0-6ubuntu2~24.04.1) 13.3.0
Copyright (C) 2023 Free Software Foundation, Inc.
This is free software; see the source for copying conditions.  There is NO
warranty; not even for MERCHANTABILITY or FITNESS FOR A PARTICULAR PURPOSE.

configure:13567: $? = 0
configure:13556: gcc -v >&5
Using built-in specs.
COLLECT_GCC=gcc
COLLECT_LTO_WRAPPER=/usr/libexec/gcc/x86_64-linux-gnu/13/lto-wrapper
OFFLOAD_TARGET_NAMES=nvptx-none:amdgcn-amdhsa
OFFLOAD_TARGET_DEFAULT=1
Target: x86_64-linux-gnu
Configured with: ../src/configure -v --with-pkgversion='Ubuntu 13.3.0-6ubuntu2~24.04.1' --with-bugurl=file:///usr/share/doc/gcc-13/README.Bugs --enable-languages=c,ada,c++,go,d,fortran,objc,obj-c++,m2 --prefix=/usr --with-gcc-major-version-only --program-suffix=-13 --program-prefix=x86_64-linux-gnu- --enable-shared --enable-linker-build-id --libexecdir=/usr/libexec --without-included-gettext --enable-threads=posix --libdir=/usr/lib --enable-nls --enable-bootstrap --enable-clocale=gnu --enable-libstdcxx-debug --enable-libstdcxx-time=yes --with-default-libstdcxx-abi=new --enable-libstdcxx-backtrace --enable-gnu-unique-object --disable-vtable-verify --enable-plugin --enable-default-pie --with-system-zlib --enable-libphobos-checking=release --with-target-system-zlib=auto --enable-objc-gc=auto --enable-multiarch --disable-werror --enable-cet --with-arch-32=i686 --with-abi=m64 --with-multilib-list=m32,m64,mx32 --enable-multilib --with-tune=generic --enable-offload-targets=nvptx-none=/build/gcc-13-EldibY/gcc-13-13.3.0/debian/tmp-nvptx/usr,amdgcn-amdhsa=/build/gcc-13-EldibY/gcc-13-13.3.0/debian/tmp-gcn/usr --enable-offload-defaulted --without-cuda-driver --enable-checking=release --build=x86_64-linux-gnu --host=x86_64-linux-gnu --target=x86_64-linux-gnu --with-build-config=bootstrap-lto-lean --enable-link-serialization=2
Thread model: posix
Supported LTO compression algorithms: zlib zstd
gcc version 13.3.0 (Ubuntu 13.3.0-6ubuntu2~24.04.1) 
... rest of stderr output deleted ...
configure:13567: $? = 0
configure:13556: gcc -V >&5
gcc: error: unrecognized command-line option '-V'
gcc: fatal error: no input files
compilation terminated.
configure:13567: $? = 1
configure:13556: gcc -qversion >&5
gcc: error: unrecognized command-line option '-qversion'; did you mean '--version'?
gcc: fatal error: no input files
compilation terminated.
configure:13567: $? = 1
configure:13556: gcc -version >&5
gcc: error: unrecognized command-line option '-version'
gcc: fatal error: no input files
compilation terminated.
configure:13567: $? = 1
configure:13571: checking whether the compiler supports GNU C
configure:13601: result: yes
configure:13612: checking whether gcc accepts -g
configure:13677: result: yes
configure:13697: checking for gcc option to enable C11 features
configure:13730: result: none needed
configure:13846: checking whether gcc understands -c and -o together
configure:13884: result: yes
configure:13903: checking dependency style of gcc
configure:14015: result: none
configure:14083: checking for ranlib
configure:14115: result: ranlib
configure:14141: checking for bison
configure:14162: found /usr/bin/bison
configure:14173: result: bison -y
configure:14189: checking for flex
configure:14224: result: no
configure:14189: checking for lex
configure:14224: result: no
configure:14512: checking for ar
configure:14544: result: ar
configure:14568: checking for convert
configure:14591: found /usr/bin/convert
configure:14603: result: /usr/bin/convert
configure:14613: checking for perl
configure:14636: found /usr/bin/perl
configure:14648: result: /usr/bin/perl
configure:14714: checking for pkg-config
configure:14737: found /usr/bin/pkg-config
configure:14749: result: /usr/bin/pkg-config
configure:14920: checking for inline
configure:14937: gcc -c -g -O2 -fno-omit-frame-pointer -mno-omit-leaf-frame-pointer -ffile-prefix-map=/home/medali/Downloads/kannel-optimized/kannel-debian-sid=. -flto=auto -ffat-lto-objects -fstack-protector-strong -fstack-clash-protection -Wformat -Werror=format-security -fcf-protection -fdebug-prefix-map=/home/medali/Downloads/kannel-optimized/kannel-debian-sid=/usr/src/kannel-1.4.5-22 -D_XOPEN_SOURCE=600 -D_BSD_SOURCE -D_DEFAULT_SOURCE -Wdate-time -D_FORTIFY_SOURCE=3 conftest.c >&5
configure:14937: $? = 0
configure:14946: result: inline
configure:14974: checking for special C compiler options needed for large files
configure:15022: result: no
configure:15028: checking for _FILE_OFFSET_BITS value needed for large files
configure:15054: gcc -c -g -O2 -fno-omit-frame-pointer -mno-omit-leaf-frame-pointer -ffile-prefix-map=/home/medali/Downloads/kannel-optimized/kannel-debian-sid=. -flto=auto -ffat-lto-objects -fstack-protector-strong -fstack-clash-protection -Wformat -Werror=format-security -fcf-protection -fdebug-prefix-map=/home/medali/Downloads/kannel-optimized/kannel-debian-sid=/usr/src/kannel-1.4.5-22 -D_XOPEN_SOURCE=600 -D_BSD_SOURCE -D_DEFAULT_SOURCE -Wdate-time -D_FORTIFY_SOURCE=3 conftest.c >&5
configure:15054: $? = 0
configure:15088: result: no
configure:15182: checking size of short
configure:15188: gcc -o conftest -g -O2 -fno-omit-frame-pointer -mno-omit-leaf-frame-pointer -ffile-prefix-map=/home/medali/Downloads/kannel-optimized/kannel-debian-sid=. -flto=auto -ffat-lto-objects -fstack-protector-strong -fstack-clash-protection -Wformat -Werror=format-security -fcf-protection -fdebug-prefix-map=/home/medali/Downloads/kannel-optimized/kannel-debian-sid=/usr/src/kannel-1.4.5-22 -D_XOPEN_SOURCE=600 -D_BSD_SOURCE -D_DEFAULT_SOURCE -D_LARGE_FILES= -Wdate-time -D_FORTIFY_SOURCE=3 -Wl,-Bsymbolic-functions -flto=auto -ffat-lto-objects -Wl,-z,relro -Wl,-z,now -rdynamic conftest.c  >&5
configure:15188: $? = 0
configure:15188: ./conftest
configure:15188: $? = 0
configure:15203: result: 2
configure:15215: checking size of int
configure:15221: gcc -o conftest -g -O2 -fno-omit-frame-pointer -mno-omit-leaf-frame-pointer -ffile-prefix-map=/home/medali/Downloads/kannel-optimized/kannel-debian-sid=. -flto=auto -ffat-lto-objects -fstack-protector-strong -fstack-clash-protection -Wformat -Werror=format-security -fcf-protection -fdebug-prefix-map=/home/medali/Downloads/kannel-optimized/kannel-debian-sid=/usr/src/kannel-1.4.5-22 -D_XOPEN_SOURCE=600 -D_BSD_SOURCE -D_DEFAULT_SOURCE -D_LARGE_FILES= -Wdate-time -D_FORTIFY_SOURCE=3 -Wl,-Bsymbolic-functions -flto=auto -ffat-lto-objects -Wl,-z,relro -Wl,-z,now -rdynamic conftest.c  >&5
configure:15221: $? = 0
configure:15221: ./conftest
configure:15221: $? = 0
configure:15236: result: 4
configure:15248: checking size of long
configure:15254: gcc -o conftest -g -O2 -fno-omit-frame-pointer -mno-omit-leaf-frame-pointer -ffile-prefix-map=/home/medali/Downloads/kannel-optimized/kannel-debian-sid=. -flto=auto -ffat-lto-objects -fstack-protector-strong -fstack-clash-protection -Wformat -Werror=format-security -fcf-protection -fdebug-prefix-map=/home/medali/Downloads/kannel-optimized/kannel-debian-sid=/usr/src/kannel-1.4.5-22 -D_XOPEN_SOURCE=600 -D_BSD_SOURCE -D_DEFAULT_SOURCE -D_LARGE_FILES= -Wdate-time -D_FORTIFY_SOURCE=3 -Wl,-Bsymbolic-functions -flto=auto -ffat-lto-objects -Wl,-z,relro -Wl,-z,now -rdynamic conftest.c  >&5
configure:15254: $? = 0
configure:15254: ./conftest
configure:15254: $? = 0
configure:15269: result: 8
configure:15281: checking size of long long
configure:15287: gcc -o conftest -g -O2 -fno-omit-frame-pointer -mno-omit-leaf-frame-pointer -ffile-prefix-map=/home/medali/Downloads/kannel-optimized/kannel-debian-sid=. -flto=auto -ffat-lto-objects -fstack-protector-strong -fstack-clash-protection -Wformat -Werror=format-security -fcf-protection -fdebug-prefix-map=/home/medali/Downloads/kannel-optimized/kannel-debian-sid=/usr/src/kannel-1.4.5-22 -D_XOPEN_SOURCE=600 -D_BSD_SOURCE -D_DEFAULT_SOURCE -D_LARGE_FILES= -Wdate-time -D_FORTIFY_SOURCE=3 -Wl,-Bsymbolic-functions -flto=auto -ffat-lto-objects -Wl,-z,relro -Wl,-z,now -rdynamic conftest.c  >&5
configure:15287: $? = 0
configure:15287: ./conftest
configure:15287: $? = 0
configure:15302: result: 8
configure:15320: checking for log in -lm
configure:15343: gcc -o conftest -g -O2 -fno-omit-frame-pointer -mno-omit-leaf-frame-pointer -ffile-prefix-map=/home/medali/Downloads/kannel-optimized/kannel-debian-sid=. -flto=auto -ffat-lto-objects -fstack-protector-strong -fstack-clash-protection -Wformat -Werror=format-security -fcf-protection -fdebug-prefix-map=/home/medali/Downloads/kannel-optimized/kannel-debian-sid=/usr/src/kannel-1.4.5-22 -D_XOPEN_SOURCE=600 -D_BSD_SOURCE -D_DEFAULT_SOURCE -D_LARGE_FILES= -Wdate-time -D_FORTIFY_SOURCE=3 -Wl,-Bsymbolic-functions -flto=auto -ffat-lto-objects -Wl,-z,relro -Wl,-z,now -rdynamic conftest.c -lm   >&5
conftest.c:34:6: warning: conflicting types for built-in function 'log'; expected 'double(double)' [-Wbuiltin-declaration-mismatch]
   34 | char log ();
      |      ^~~
conftest.c:1:1: note: 'log' is declared in header '<math.h>'
    1 | /* confdefs.h */
configure:15343: $? = 0
configure:15353: result: yes
configure:15363: checking for accept in -lsocket
configure:15386: gcc -o conftest -g -O2 -fno-omit-frame-pointer -mno-omit-leaf-frame-pointer -ffile-prefix-map=/home/medali/Downloads/kannel-optimized/kannel-debian-sid=. -flto=auto -ffat-lto-objects -fstack-protector-strong -fstack-clash-protection -Wformat -Werror=format-security -fcf-protection -fdebug-prefix-map=/home/medali/Downloads/kannel-optimized/kannel-debian-sid=/usr/src/kannel-1.4.5-22 -D_XOPEN_SOURCE=600 -D_BSD_SOURCE -D_DEFAULT_SOURCE -D_LARGE_FILES= -Wdate-time -D_FORTIFY_SOURCE=3 -Wl,-Bsymbolic-functions -flto=auto -ffat-lto-objects -Wl,-z,relro -Wl,-z,now -rdynamic conftest.c -lsocket  -lm  >&5
/usr/bin/ld: cannot find -lsocket: No such file or directory
collect2: error: ld returned 1 exit status
configure:15386: $? = 1
configure: failed program was:
| /* confdefs.h */
| #define PACKAGE_NAME ""
| #define PACKAGE_TARNAME ""
| #define PACKAGE_VERSION ""
| #define PACKAGE_STRING ""
| #define PACKAGE_BUGREPORT ""
| #define PACKAGE_URL ""
| #define GW_NAME "Kannel"
| #define GW_VERSION "1.4.5"
| #define VERSION "1.4.5"
| #define PACKAGE "Kannel"
| #define VERSION "1.4.5"
| #define HAVE_STDIO_H 1
| #define HAVE_STDLIB_H 1
| #define HAVE_STRING_H 1
| #define HAVE_INTTYPES_H 1
| #define HAVE_STDINT_H 1
| #define HAVE_STRINGS_H 1
| #define HAVE_SYS_STAT_H 1
| #define HAVE_SYS_TYPES_H 1
| #define HAVE_UNISTD_H 1
| #define STDC_HEADERS 1
| #define HAVE_DLFCN_H 1
| #define LT_OBJDIR ".libs/"
| #define SIZEOF_SHORT 2
| #define SIZEOF_INT 4
| #define SIZEOF_LONG 8
| #define SIZEOF_LONG_LONG 8
| #define HAVE_LIBM 1
| /* end confdefs.h.  */
| 
| /* Override any GCC internal prototype to avoid an error.
|    Use char because int might match the return type of a GCC
|    builtin and then its argument prototype would still apply.  */
| char accept ();
| int
| main (void)
| {
| return accept ();
|   ;
|   return 0;
| }
configure:15396: result: no
configure:15406: checking for inet_ntoa in -lnsl
configure:15429: gcc -o conftest -g -O2 -fno-omit-frame-pointer -mno-omit-leaf-frame-pointer -ffile-prefix-map=/home/medali/Downloads/kannel-optimized/kannel-debian-sid=. -flto=auto -ffat-lto-objects -fstack-protector-strong -fstack-clash-protection -Wformat -Werror=format-security -fcf-protection -fdebug-prefix-map=/home/medali/Downloads/kannel-optimized/kannel-debian-sid=/usr/src/kannel-1.4.5-22 -D_XOPEN_SOURCE=600 -D_BSD_SOURCE -D_DEFAULT_SOURCE -D_LARGE_FILES= -Wdate-time -D_FORTIFY_SOURCE=3 -Wl,-Bsymbolic-functions -flto=auto -ffat-lto-objects -Wl,-z,relro -Wl,-z,now -rdynamic conftest.c -lnsl  -lm  >&5
/usr/bin/ld: cannot find -lnsl: No such file or directory
collect2: error: ld returned 1 exit status
configure:15429: $? = 1
configure: failed program was:
| /* confdefs.h */
| #define PACKAGE_NAME ""
| #define PACKAGE_TARNAME ""
| #define PACKAGE_VERSION ""
| #define PACKAGE_STRING ""
| #define PACKAGE_BUGREPORT ""
| #define PACKAGE_URL ""
| #define GW_NAME "Kannel"
| #define GW_VERSION "1.4.5"
| #define VERSION "1.4.5"
| #define PACKAGE "Kannel"
| #define VERSION "1.4.5"
| #define HAVE_STDIO_H 1
| #define HAVE_STDLIB_H 1
| #define HAVE_STRING_H 1
| #define HAVE_INTTYPES_H 1
| #define HAVE_STDINT_H 1
| #define HAVE_STRINGS_H 1
| #define HAVE_SYS_STAT_H 1
| #define HAVE_SYS_TYPES_H 1
| #define HAVE_UNISTD_H 1
| #define STDC_HEADERS 1
| #define HAVE_DLFCN_H 1
| #define LT_OBJDIR ".libs/"
| #define SIZEOF_SHORT 2
| #define SIZEOF_INT 4
| #define SIZEOF_LONG 8
| #define SIZEOF_LONG_LONG 8
| #define HAVE_LIBM 1
| /* end confdefs.h.  */
| 
| /* Override any GCC internal prototype to avoid an error.
|    Use char because int might match the return type of a GCC
|    builtin and then its argument prototype would still apply.  */
| char inet_ntoa ();
| int
| main (void)
| {
| return inet_ntoa ();
|   ;
|   return 0;
| }
configure:15439: result: no
configure:15449: checking for inet_ntop in -lresolv
configure:15472: gcc -o conftest -g -O2 -fno-omit-frame-pointer -mno-omit-leaf-frame-pointer -ffile-prefix-map=/home/medali/Downloads/kannel-optimized/kannel-debian-sid=. -flto=auto -ffat-lto-objects -fstack-protector-strong -fstack-clash-protection -Wformat -Werror=format-security -fcf-protection -fdebug-prefix-map=/home/medali/Downloads/kannel-optimized/kannel-debian-sid=/usr/src/kannel-1.4.5-22 -D_XOPEN_SOURCE=600 -D_BSD_SOURCE -D_DEFAULT_SOURCE -D_LARGE_FILES= -Wdate-time -D_FORTIFY_SOURCE=3 -Wl,-Bsymbolic-functions -flto=auto -ffat-lto-objects -Wl,-z,relro -Wl,-z,now -rdynamic conftest.c -lresolv  -lm  >&5
configure:15472: $? = 0
configure:15482: result: yes
configure:15492: checking for inet_ntop in -lbind
configure:15515: gcc -o conftest -g -O2 -fno-omit-frame-pointer -mno-omit-leaf-frame-pointer -ffile-prefix-map=/home/medali/Downloads/kannel-optimized/kannel-debian-sid=. -flto=auto -ffat-lto-objects -fstack-protector-strong -fstack-clash-protection -Wformat -Werror=format-security -fcf-protection -fdebug-prefix-map=/home/medali/Downloads/kannel-optimized/kannel-debian-sid=/usr/src/kannel-1.4.5-22 -D_XOPEN_SOURCE=600 -D_BSD_SOURCE -D_DEFAULT_SOURCE -D_LARGE_FILES= -Wdate-time -D_FORTIFY_SOURCE=3 -Wl,-Bsymbolic-functions -flto=auto -ffat-lto-objects -Wl,-z,relro -Wl,-z,now -rdynamic conftest.c -lbind  -lresolv -lm  >&5
/usr/bin/ld: cannot find -lbind: No such file or directory
collect2: error: ld returned 1 exit status
configure:15515: $? = 1
configure: failed program was:
| /* confdefs.h */
| #define PACKAGE_NAME ""
| #define PACKAGE_TARNAME ""
| #define PACKAGE_VERSION ""
| #define PACKAGE_STRING ""
| #define PACKAGE_BUGREPORT ""
| #define PACKAGE_URL ""
| #define GW_NAME "Kannel"
| #define GW_VERSION "1.4.5"
| #define VERSION "1.4.5"
| #define PACKAGE "Kannel"
| #define VERSION "1.4.5"
| #define HAVE_STDIO_H 1
| #define HAVE_STDLIB_H 1
| #define HAVE_STRING_H 1
| #define HAVE_INTTYPES_H 1
| #define HAVE_STDINT_H 1
| #define HAVE_STRINGS_H 1
| #define HAVE_SYS_STAT_H 1
| #define HAVE_SYS_TYPES_H 1
| #define HAVE_UNISTD_H 1
| #define STDC_HEADERS 1
| #define HAVE_DLFCN_H 1
| #define LT_OBJDIR ".libs/"
| #define SIZEOF_SHORT 2
| #define SIZEOF_INT 4
| #define SIZEOF_LONG 8
| #define SIZEOF_LONG_LONG 8
| #define HAVE_LIBM 1
| #define HAVE_LIBRESOLV 1
| /* end confdefs.h.  */
| 
| /* Override any GCC internal prototype to avoid an error.
|    Use char because int might match the return type of a GCC
|    builtin and then its argument prototype would still apply.  */
| char inet_ntop ();
| int
| main (void)
| {
| return inet_ntop ();
|   ;
|   return 0;
| }
configure:15525: result: no
configure:15536: checking for pthread_exit in -lpthread
configure:15559: gcc -o conftest -g -O2 -fno-omit-frame-pointer -mno-omit-leaf-frame-pointer -ffile-prefix-map=/home/medali/Downloads/kannel-optimized/kannel-debian-sid=. -flto=auto -ffat-lto-objects -fstack-protector-strong -fstack-clash-protection -Wformat -Werror=format-security -fcf-protection -fdebug-prefix-map=/home/medali/Downloads/kannel-optimized/kannel-debian-sid=/usr/src/kannel-1.4.5-22 -D_XOPEN_SOURCE=600 -D_BSD_SOURCE -D_DEFAULT_SOURCE -D_LARGE_FILES= -Wdate-time -D_FORTIFY_SOURCE=3 -Wl,-Bsymbolic-functions -flto=auto -ffat-lto-objects -Wl,-z,relro -Wl,-z,now -rdynamic conftest.c -lpthread  -lresolv -lm  >&5
configure:15559: $? = 0
configure:15569: result: yes
configure:15577: checking for libiconv in -liconv
configure:15600: gcc -o conftest -g -O2 -fno-omit-frame-pointer -mno-omit-leaf-frame-pointer -ffile-prefix-map=/home/medali/Downloads/kannel-optimized/kannel-debian-sid=. -flto=auto -ffat-lto-objects -fstack-protector-strong -fstack-clash-protection -Wformat -Werror=format-security -fcf-protection -fdebug-prefix-map=/home/medali/Downloads/kannel-optimized/kannel-debian-sid=/usr/src/kannel-1.4.5-22 -D_XOPEN_SOURCE=600 -D_BSD_SOURCE -D_DEFAULT_SOURCE -D_LARGE_FILES= -Wdate-time -D_FORTIFY_SOURCE=3 -Wl,-Bsymbolic-functions -flto=auto -ffat-lto-objects -Wl,-z,relro -Wl,-z,now -rdynamic conftest.c -liconv  -lresolv -lm  -lpthread >&5
/usr/bin/ld: cannot find -liconv: No such file or directory
collect2: error: ld returned 1 exit status
configure:15600: $? = 1
configure: failed program was:
| /* confdefs.h */
| #define PACKAGE_NAME ""
| #define PACKAGE_TARNAME ""
| #define PACKAGE_VERSION ""
| #define PACKAGE_STRING ""
| #define PACKAGE_BUGREPORT ""
| #define PACKAGE_URL ""
| #define GW_NAME "Kannel"
| #define GW_VERSION "1.4.5"
| #define VERSION "1.4.5"
| #define PACKAGE "Kannel"
| #define VERSION "1.4.5"
| #define HAVE_STDIO_H 1
| #define HAVE_STDLIB_H 1
| #define HAVE_STRING_H 1
| #define HAVE_INTTYPES_H 1
| #define HAVE_STDINT_H 1
| #define HAVE_STRINGS_H 1
| #define HAVE_SYS_STAT_H 1
| #define HAVE_SYS_TYPES_H 1
| #define HAVE_UNISTD_H 1
| #define STDC_HEADERS 1
| #define HAVE_DLFCN_H 1
| #define LT_OBJDIR ".libs/"
| #define SIZEOF_SHORT 2
| #define SIZEOF_INT 4
| #define SIZEOF_LONG 8
| #define SIZEOF_LONG_LONG 8
| #define HAVE_LIBM 1
| #define HAVE_LIBRESOLV 1
| /* end confdefs.h.  */
| 
| /* Override any GCC internal prototype to avoid an error.
|    Use char because int might match the return type of a GCC
|    builtin and then its argument prototype would still apply.  */
| char libiconv ();
| int
| main (void)
| {
| return libiconv ();
|   ;
|   return 0;
| }
configure:15610: result: no
configure:15622: checking for egrep
configure:15690: result: /usr/bin/grep -E
configure:15696: checking for sys/ioctl.h
configure:15696: gcc -c -g -O2 -fno-omit-frame-pointer -mno-omit-leaf-frame-pointer -ffile-prefix-map=/home/medali/Downloads/kannel-optimized/kannel-debian-sid=. -flto=auto -ffat-lto-objects -fstack-protector-strong -fstack-clash-protection -Wformat -Werror=format-security -fcf-protection -fdebug-prefix-map=/home/medali/Downloads/kannel-optimized/kannel-debian-sid=/usr/src/kannel-1.4.5-22 -D_XOPEN_SOURCE=600 -D_BSD_SOURCE -D_DEFAULT_SOURCE -D_LARGE_FILES= -Wdate-time -D_FORTIFY_SOURCE=3 conftest.c >&5
configure:15696: $? = 0
configure:15696: result: yes
configure:15702: checking for sys/time.h
configure:15702: gcc -c -g -O2 -fno-omit-frame-pointer -mno-omit-leaf-frame-pointer -ffile-prefix-map=/home/medali/Downloads/kannel-optimized/kannel-debian-sid=. -flto=auto -ffat-lto-objects -fstack-protector-strong -fstack-clash-protection -Wformat -Werror=format-security -fcf-protection -fdebug-prefix-map=/home/medali/Downloads/kannel-optimized/kannel-debian-sid=/usr/src/kannel-1.4.5-22 -D_XOPEN_SOURCE=600 -D_BSD_SOURCE -D_DEFAULT_SOURCE -D_LARGE_FILES= -Wdate-time -D_FORTIFY_SOURCE=3 conftest.c >&5
configure:15702: $? = 0
configure:15702: result: yes
configure:15708: checking for sys/types.h
configure:15708: result: yes
configure:15714: checking for unistd.h
configure:15714: result: yes
configure:15720: checking for sys/poll.h
configure:15720: gcc -c -g -O2 -fno-omit-frame-pointer -mno-omit-leaf-frame-pointer -ffile-prefix-map=/home/medali/Downloads/kannel-optimized/kannel-debian-sid=. -flto=auto -ffat-lto-objects -fstack-protector-strong -fstack-clash-protection -Wformat -Werror=format-security -fcf-protection -fdebug-prefix-map=/home/medali/Downloads/kannel-optimized/kannel-debian-sid=/usr/src/kannel-1.4.5-22 -D_XOPEN_SOURCE=600 -D_BSD_SOURCE -D_DEFAULT_SOURCE -D_LARGE_FILES= -Wdate-time -D_FORTIFY_SOURCE=3 conftest.c >&5
configure:15720: $? = 0
configure:15720: result: yes
configure:15727: checking for pthread.h
configure:15727: gcc -c -g -O2 -fno-omit-frame-pointer -mno-omit-leaf-frame-pointer -ffile-prefix-map=/home/medali/Downloads/kannel-optimized/kannel-debian-sid=. -flto=auto -ffat-lto-objects -fstack-protector-strong -fstack-clash-protection -Wformat -Werror=format-security -fcf-protection -fdebug-prefix-map=/home/medali/Downloads/kannel-optimized/kannel-debian-sid=/usr/src/kannel-1.4.5-22 -D_XOPEN_SOURCE=600 -D_BSD_SOURCE -D_DEFAULT_SOURCE -D_LARGE_FILES= -Wdate-time -D_FORTIFY_SOURCE=3 conftest.c >&5
configure:15727: $? = 0
configure:15727: result: yes
configure:15733: checking for getopt.h
configure:15733: gcc -c -g -O2 -fno-omit-frame-pointer -mno-omit-leaf-frame-pointer -ffile-prefix-map=/home/medali/Downloads/kannel-optimized/kannel-debian-sid=. -flto=auto -ffat-lto-objects -fstack-protector-strong -fstack-clash-protection -Wformat -Werror=format-security -fcf-protection -fdebug-prefix-map=/home/medali/Downloads/kannel-optimized/kannel-debian-sid=/usr/src/kannel-1.4.5-22 -D_XOPEN_SOURCE=600 -D_BSD_SOURCE -D_DEFAULT_SOURCE -D_LARGE_FILES= -Wdate-time -D_FORTIFY_SOURCE=3 conftest.c >&5
configure:15733: $? = 0
configure:15733: result: yes
configure:15739: checking for syslog.h
configure:15739: gcc -c -g -O2 -fno-omit-frame-pointer -mno-omit-leaf-frame-pointer -ffile-prefix-map=/home/medali/Downloads/kannel-optimized/kannel-debian-sid=. -flto=auto -ffat-lto-objects -fstack-protector-strong -fstack-clash-protection -Wformat -Werror=format-security -fcf-protection -fdebug-prefix-map=/home/medali/Downloads/kannel-optimized/kannel-debian-sid=/usr/src/kannel-1.4.5-22 -D_XOPEN_SOURCE=600 -D_BSD_SOURCE -D_DEFAULT_SOURCE -D_LARGE_FILES= -Wdate-time -D_FORTIFY_SOURCE=3 conftest.c >&5
configure:15739: $? = 0
configure:15739: result: yes
configure:15745: checking for zlib.h
configure:15745: gcc -c -g -O2 -fno-omit-frame-pointer -mno-omit-leaf-frame-pointer -ffile-prefix-map=/home/medali/Downloads/kannel-optimized/kannel-debian-sid=. -flto=auto -ffat-lto-objects -fstack-protector-strong -fstack-clash-protection -Wformat -Werror=format-security -fcf-protection -fdebug-prefix-map=/home/medali/Downloads/kannel-optimized/kannel-debian-sid=/usr/src/kannel-1.4.5-22 -D_XOPEN_SOURCE=600 -D_BSD_SOURCE -D_DEFAULT_SOURCE -D_LARGE_FILES= -Wdate-time -D_FORTIFY_SOURCE=3 conftest.c >&5
configure:15745: $? = 0
configure:15745: result: yes
configure:15751: checking for execinfo.h
configure:15751: gcc -c -g -O2 -fno-omit-frame-pointer -mno-omit-leaf-frame-pointer -ffile-prefix-map=/home/medali/Downloads/kannel-optimized/kannel-debian-sid=. -flto=auto -ffat-lto-objects -fstack-protector-strong -fstack-clash-protection -Wformat -Werror=format-security -fcf-protection -fdebug-prefix-map=/home/medali/Downloads/kannel-optimized/kannel-debian-sid=/usr/src/kannel-1.4.5-22 -D_XOPEN_SOURCE=600 -D_BSD_SOURCE -D_DEFAULT_SOURCE -D_LARGE_FILES= -Wdate-time -D_FORTIFY_SOURCE=3 conftest.c >&5
configure:15751: $? = 0
configure:15751: result: yes
configure:15757: checking for stdlib.h
configure:15757: result: yes
configure:15764: checking for sys/socket.h
configure:15764: gcc -c -g -O2 -fno-omit-frame-pointer -mno-omit-leaf-frame-pointer -ffile-prefix-map=/home/medali/Downloads/kannel-optimized/kannel-debian-sid=. -flto=auto -ffat-lto-objects -fstack-protector-strong -fstack-clash-protection -Wformat -Werror=format-security -fcf-protection -fdebug-prefix-map=/home/medali/Downloads/kannel-optimized/kannel-debian-sid=/usr/src/kannel-1.4.5-22 -D_XOPEN_SOURCE=600 -D_BSD_SOURCE -D_DEFAULT_SOURCE -D_LARGE_FILES= -Wdate-time -D_FORTIFY_SOURCE=3 conftest.c >&5
configure:15764: $? = 0
configure:15764: result: yes
configure:15770: checking for sys/sockio.h
configure:15770: gcc -c -g -O2 -fno-omit-frame-pointer -mno-omit-leaf-frame-pointer -ffile-prefix-map=/home/medali/Downloads/kannel-optimized/kannel-debian-sid=. -flto=auto -ffat-lto-objects -fstack-protector-strong -fstack-clash-protection -Wformat -Werror=format-security -fcf-protection -fdebug-prefix-map=/home/medali/Downloads/kannel-optimized/kannel-debian-sid=/usr/src/kannel-1.4.5-22 -D_XOPEN_SOURCE=600 -D_BSD_SOURCE -D_DEFAULT_SOURCE -D_LARGE_FILES= -Wdate-time -D_FORTIFY_SOURCE=3 conftest.c >&5
conftest.c:72:10: fatal error: sys/sockio.h: No such file or directory
   72 | #include <sys/sockio.h>
      |          ^~~~~~~~~~~~~~
compilation terminated.
configure:15770: $? = 1
configure: failed program was:
| /* confdefs.h */
| #define PACKAGE_NAME ""
| #define PACKAGE_TARNAME ""
| #define PACKAGE_VERSION ""
| #define PACKAGE_STRING ""
| #define PACKAGE_BUGREPORT ""
| #define PACKAGE_URL ""
| #define GW_NAME "Kannel"
| #define GW_VERSION "1.4.5"
| #define VERSION "1.4.5"
| #define PACKAGE "Kannel"
| #define VERSION "1.4.5"
| #define HAVE_STDIO_H 1
| #define HAVE_STDLIB_H 1
| #define HAVE_STRING_H 1
| #define HAVE_INTTYPES_H 1
| #define HAVE_STDINT_H 1
| #define HAVE_STRINGS_H 1
| #define HAVE_SYS_STAT_H 1
| #define HAVE_SYS_TYPES_H 1
| #define HAVE_UNISTD_H 1
| #define STDC_HEADERS 1
| #define HAVE_DLFCN_H 1
| #define LT_OBJDIR ".libs/"
| #define SIZEOF_SHORT 2
| #define SIZEOF_INT 4
| #define SIZEOF_LONG 8
| #define SIZEOF_LONG_LONG 8
| #define HAVE_LIBM 1
| #define HAVE_LIBRESOLV 1
| #define HAVE_SYS_IOCTL_H 1
| #define HAVE_SYS_TIME_H 1
| #define HAVE_SYS_TYPES_H 1
| #define HAVE_UNISTD_H 1
| #define HAVE_SYS_POLL_H 1
| #define HAVE_PTHREAD_H 1
| #define HAVE_GETOPT_H 1
| #define HAVE_SYSLOG_H 1
| #define HAVE_ZLIB_H 1
| #define HAVE_EXECINFO_H 1
| #define HAVE_STDLIB_H 1
| #define HAVE_SYS_SOCKET_H 1
| /* end confdefs.h.  */
| #include <stddef.h>
| #ifdef HAVE_STDIO_H
| # include <stdio.h>
| #endif
| #ifdef HAVE_STDLIB_H
| # include <stdlib.h>
| #endif
| #ifdef HAVE_STRING_H
| # include <string.h>
| #endif
| #ifdef HAVE_INTTYPES_H
| # include <inttypes.h>
| #endif
| #ifdef HAVE_STDINT_H
| # include <stdint.h>
| #endif
| #ifdef HAVE_STRINGS_H
| # include <strings.h>
| #endif
| #ifdef HAVE_SYS_TYPES_H
| # include <sys/types.h>
| #endif
| #ifdef HAVE_SYS_STAT_H
| # include <sys/stat.h>
| #endif
| #ifdef HAVE_UNISTD_H
| # include <unistd.h>
| #endif
| #include <sys/sockio.h>
configure:15770: result: no
configure:15776: checking for netinet/in.h
configure:15776: gcc -c -g -O2 -fno-omit-frame-pointer -mno-omit-leaf-frame-pointer -ffile-prefix-map=/home/medali/Downloads/kannel-optimized/kannel-debian-sid=. -flto=auto -ffat-lto-objects -fstack-protector-strong -fstack-clash-protection -Wformat -Werror=format-security -fcf-protection -fdebug-prefix-map=/home/medali/Downloads/kannel-optimized/kannel-debian-sid=/usr/src/kannel-1.4.5-22 -D_XOPEN_SOURCE=600 -D_BSD_SOURCE -D_DEFAULT_SOURCE -D_LARGE_FILES= -Wdate-time -D_FORTIFY_SOURCE=3 conftest.c >&5
configure:15776: $? = 0
configure:15776: result: yes
configure:15783: checking for net/if.h
configure:15783: gcc -c -g -O2 -fno-omit-frame-pointer -mno-omit-leaf-frame-pointer -ffile-prefix-map=/home/medali/Downloads/kannel-optimized/kannel-debian-sid=. -flto=auto -ffat-lto-objects -fstack-protector-strong -fstack-clash-protection -Wformat -Werror=format-security -fcf-protection -fdebug-prefix-map=/home/medali/Downloads/kannel-optimized/kannel-debian-sid=/usr/src/kannel-1.4.5-22 -D_XOPEN_SOURCE=600 -D_BSD_SOURCE -D_DEFAULT_SOURCE -D_LARGE_FILES= -Wdate-time -D_FORTIFY_SOURCE=3 conftest.c >&5
configure:15783: $? = 0
configure:15783: result: yes
configure:15805: checking for sys/ucontext.h
configure:15805: gcc -c -g -O2 -fno-omit-frame-pointer -mno-omit-leaf-frame-pointer -ffile-prefix-map=/home/medali/Downloads/kannel-optimized/kannel-debian-sid=. -flto=auto -ffat-lto-objects -fstack-protector-strong -fstack-clash-protection -Wformat -Werror=format-security -fcf-protection -fdebug-prefix-map=/home/medali/Downloads/kannel-optimized/kannel-debian-sid=/usr/src/kannel-1.4.5-22 -D_XOPEN_SOURCE=600 -D_BSD_SOURCE -D_DEFAULT_SOURCE -D_LARGE_FILES= -Wdate-time -D_FORTIFY_SOURCE=3 conftest.c >&5
configure:15805: $? = 0
configure:15805: result: yes
configure:15832: gcc -c -g -O2 -fno-omit-frame-pointer -mno-omit-leaf-frame-pointer -ffile-prefix-map=/home/medali/Downloads/kannel-optimized/kannel-debian-sid=. -flto=auto -ffat-lto-objects -fstack-protector-strong -fstack-clash-protection -Wformat -Werror=format-security -fcf-protection -fdebug-prefix-map=/home/medali/Downloads/kannel-optimized/kannel-debian-sid=/usr/src/kannel-1.4.5-22 -D_XOPEN_SOURCE=600 -D_BSD_SOURCE -D_DEFAULT_SOURCE -D_LARGE_FILES= -Wdate-time -D_FORTIFY_SOURCE=3 conftest.c >&5
conftest.c: In function 'main':
conftest.c:52:14: warning: initialization discards 'const' qualifier from pointer target type [-Wdiscarded-qualifiers]
   52 | char *func = __FUNCTION__;
      |              ^~~~~~~~~~~~
configure:15832: $? = 0
configure:15850: gcc -c -g -O2 -fno-omit-frame-pointer -mno-omit-leaf-frame-pointer -ffile-prefix-map=/home/medali/Downloads/kannel-optimized/kannel-debian-sid=. -flto=auto -ffat-lto-objects -fstack-protector-strong -fstack-clash-protection -Wformat -Werror=format-security -fcf-protection -fdebug-prefix-map=/home/medali/Downloads/kannel-optimized/kannel-debian-sid=/usr/src/kannel-1.4.5-22 -D_XOPEN_SOURCE=600 -D_BSD_SOURCE -D_DEFAULT_SOURCE -D_LARGE_FILES= -Wdate-time -D_FORTIFY_SOURCE=3 conftest.c >&5
conftest.c: In function 'main':
conftest.c:53:14: warning: initialization discards 'const' qualifier from pointer target type [-Wdiscarded-qualifiers]
   53 | char *func = __func__;
      |              ^~~~~~~~
configure:15850: $? = 0
configure:15898: checking for ld
configure:16029: result: /usr/bin/ld -m elf_x86_64
configure:16036: checking if the linker (/usr/bin/ld -m elf_x86_64) is GNU ld
configure:16052: result: yes
configure:16060: checking for shared library run path origin
configure:16074: result: done
configure:16096: checking 32-bit host C ABI
configure:16163: gcc -c -g -O2 -fno-omit-frame-pointer -mno-omit-leaf-frame-pointer -ffile-prefix-map=/home/medali/Downloads/kannel-optimized/kannel-debian-sid=. -flto=auto -ffat-lto-objects -fstack-protector-strong -fstack-clash-protection -Wformat -Werror=format-security -fcf-protection -fdebug-prefix-map=/home/medali/Downloads/kannel-optimized/kannel-debian-sid=/usr/src/kannel-1.4.5-22 -D_XOPEN_SOURCE=600 -D_BSD_SOURCE -D_DEFAULT_SOURCE -D_LARGE_FILES= -Wdate-time -D_FORTIFY_SOURCE=3 conftest.c >&5
configure:16163: $? = 0
configure:16359: result: no
configure:16369: checking how to run the C preprocessor
configure:16395: gcc -E -Wdate-time -D_FORTIFY_SOURCE=3 conftest.c
configure:16395: $? = 0
configure:16410: gcc -E -Wdate-time -D_FORTIFY_SOURCE=3 conftest.c
conftest.c:50:10: fatal error: ac_nonexistent.h: No such file or directory
   50 | #include <ac_nonexistent.h>
      |          ^~~~~~~~~~~~~~~~~~
compilation terminated.
configure:16410: $? = 1
configure: failed program was:
| /* confdefs.h */
| #define PACKAGE_NAME ""
| #define PACKAGE_TARNAME ""
| #define PACKAGE_VERSION ""
| #define PACKAGE_STRING ""
| #define PACKAGE_BUGREPORT ""
| #define PACKAGE_URL ""
| #define GW_NAME "Kannel"
| #define GW_VERSION "1.4.5"
| #define VERSION "1.4.5"
| #define PACKAGE "Kannel"
| #define VERSION "1.4.5"
| #define HAVE_STDIO_H 1
| #define HAVE_STDLIB_H 1
| #define HAVE_STRING_H 1
| #define HAVE_INTTYPES_H 1
| #define HAVE_STDINT_H 1
| #define HAVE_STRINGS_H 1
| #define HAVE_SYS_STAT_H 1
| #define HAVE_SYS_TYPES_H 1
| #define HAVE_UNISTD_H 1
| #define STDC_HEADERS 1
| #define HAVE_DLFCN_H 1
| #define LT_OBJDIR ".libs/"
| #define SIZEOF_SHORT 2
| #define SIZEOF_INT 4
| #define SIZEOF_LONG 8
| #define SIZEOF_LONG_LONG 8
| #define HAVE_LIBM 1
| #define HAVE_LIBRESOLV 1
| #define HAVE_SYS_IOCTL_H 1
| #define HAVE_SYS_TIME_H 1
| #define HAVE_SYS_TYPES_H 1
| #define HAVE_UNISTD_H 1
| #define HAVE_SYS_POLL_H 1
| #define HAVE_PTHREAD_H 1
| #define HAVE_GETOPT_H 1
| #define HAVE_SYSLOG_H 1
| #define HAVE_ZLIB_H 1
| #define HAVE_EXECINFO_H 1
| #define HAVE_STDLIB_H 1
| #define HAVE_SYS_SOCKET_H 1
| #define HAVE_NETINET_IN_H 1
| #define HAVE_NET_IF_H 1
| #define HAVE_SYS_UCONTEXT_H 1
| #define HAVE_UCONTEXT 1
| #define HAVE___FUNCTION__ 1
| #define HAVE___FUNC__ 1
| /* end confdefs.h.  */
| #include <ac_nonexistent.h>
configure:16437: result: gcc -E
configure:16451: gcc -E -Wdate-time -D_FORTIFY_SOURCE=3 conftest.c
configure:16451: $? = 0
configure:16466: gcc -E -Wdate-time -D_FORTIFY_SOURCE=3 conftest.c
conftest.c:50:10: fatal error: ac_nonexistent.h: No such file or directory
   50 | #include <ac_nonexistent.h>
      |          ^~~~~~~~~~~~~~~~~~
compilation terminated.
configure:16466: $? = 1
configure: failed program was:
| /* confdefs.h */
| #define PACKAGE_NAME ""
| #define PACKAGE_TARNAME ""
| #define PACKAGE_VERSION ""
| #define PACKAGE_STRING ""
| #define PACKAGE_BUGREPORT ""
| #define PACKAGE_URL ""
| #define GW_NAME "Kannel"
| #define GW_VERSION "1.4.5"
| #define VERSION "1.4.5"
| #define PACKAGE "Kannel"
| #define VERSION "1.4.5"
| #define HAVE_STDIO_H 1
| #define HAVE_STDLIB_H 1
| #define HAVE_STRING_H 1
| #define HAVE_INTTYPES_H 1
| #define HAVE_STDINT_H 1
| #define HAVE_STRINGS_H 1
| #define HAVE_SYS_STAT_H 1
| #define HAVE_SYS_TYPES_H 1
| #define HAVE_UNISTD_H 1
| #define STDC_HEADERS 1
| #define HAVE_DLFCN_H 1
| #define LT_OBJDIR ".libs/"
| #define SIZEOF_SHORT 2
| #define SIZEOF_INT 4
| #define SIZEOF_LONG 8
| #define SIZEOF_LONG_LONG 8
| #define HAVE_LIBM 1
| #define HAVE_LIBRESOLV 1
| #define HAVE_SYS_IOCTL_H 1
| #define HAVE_SYS_TIME_H 1
| #define HAVE_SYS_TYPES_H 1
| #define HAVE_UNISTD_H 1
| #define HAVE_SYS_POLL_H 1
| #define HAVE_PTHREAD_H 1
| #define HAVE_GETOPT_H 1
| #define HAVE_SYSLOG_H 1
| #define HAVE_ZLIB_H 1
| #define HAVE_EXECINFO_H 1
| #define HAVE_STDLIB_H 1
| #define HAVE_SYS_SOCKET_H 1
| #define HAVE_NETINET_IN_H 1
| #define HAVE_NET_IF_H 1
| #define HAVE_SYS_UCONTEXT_H 1
| #define HAVE_UCONTEXT 1
| #define HAVE___FUNCTION__ 1
| #define HAVE___FUNC__ 1
| /* end confdefs.h.  */
| #include <ac_nonexistent.h>
configure:16501: checking for ELF binary format
configure:16525: result: yes
configure:16574: checking for the common suffixes of directories in the library search path
configure:16643: result: lib,lib,lib64
configure:17168: checking for iconv
configure:17193: gcc -o conftest -g -O2 -fno-omit-frame-pointer -mno-omit-leaf-frame-pointer -ffile-prefix-map=/home/medali/Downloads/kannel-optimized/kannel-debian-sid=. -flto=auto -ffat-lto-objects -fstack-protector-strong -fstack-clash-protection -Wformat -Werror=format-security -fcf-protection -fdebug-prefix-map=/home/medali/Downloads/kannel-optimized/kannel-debian-sid=/usr/src/kannel-1.4.5-22 -D_XOPEN_SOURCE=600 -D_BSD_SOURCE -D_DEFAULT_SOURCE -D_LARGE_FILES= -Wdate-time -D_FORTIFY_SOURCE=3 -Wl,-Bsymbolic-functions -flto=auto -ffat-lto-objects -Wl,-z,relro -Wl,-z,now -rdynamic conftest.c -lresolv -lm  -lpthread >&5
configure:17193: $? = 0
configure:17229: result: yes
configure:17232: checking for working iconv
configure:17375: gcc -o conftest -g -O2 -fno-omit-frame-pointer -mno-omit-leaf-frame-pointer -ffile-prefix-map=/home/medali/Downloads/kannel-optimized/kannel-debian-sid=. -flto=auto -ffat-lto-objects -fstack-protector-strong -fstack-clash-protection -Wformat -Werror=format-security -fcf-protection -fdebug-prefix-map=/home/medali/Downloads/kannel-optimized/kannel-debian-sid=/usr/src/kannel-1.4.5-22 -D_XOPEN_SOURCE=600 -D_BSD_SOURCE -D_DEFAULT_SOURCE -D_LARGE_FILES= -Wdate-time -D_FORTIFY_SOURCE=3 -Wl,-Bsymbolic-functions -flto=auto -ffat-lto-objects -Wl,-z,relro -Wl,-z,now -rdynamic conftest.c -lresolv -lm  -lpthread >&5
configure:17375: $? = 0
configure:17375: ./conftest
configure:17375: $? = 0
configure:17388: result: yes
configure:17416: checking for iconv declaration
configure:17446: gcc -c -g -O2 -fno-omit-frame-pointer -mno-omit-leaf-frame-pointer -ffile-prefix-map=/home/medali/Downloads/kannel-optimized/kannel-debian-sid=. -flto=auto -ffat-lto-objects -fstack-protector-strong -fstack-clash-protection -Wformat -Werror=format-security -fcf-protection -fdebug-prefix-map=/home/medali/Downloads/kannel-optimized/kannel-debian-sid=/usr/src/kannel-1.4.5-22 -D_XOPEN_SOURCE=600 -D_BSD_SOURCE -D_DEFAULT_SOURCE -D_LARGE_FILES= -Wdate-time -D_FORTIFY_SOURCE=3 conftest.c >&5
configure:17446: $? = 0
configure:17457: result:
         extern size_t iconv (iconv_t cd, char * *inbuf, size_t *inbytesleft, char * *outbuf, size_t *outbytesleft);
configure:17471: checking for gettimeofday
configure:17471: gcc -o conftest -g -O2 -fno-omit-frame-pointer -mno-omit-leaf-frame-pointer -ffile-prefix-map=/home/medali/Downloads/kannel-optimized/kannel-debian-sid=. -flto=auto -ffat-lto-objects -fstack-protector-strong -fstack-clash-protection -Wformat -Werror=format-security -fcf-protection -fdebug-prefix-map=/home/medali/Downloads/kannel-optimized/kannel-debian-sid=/usr/src/kannel-1.4.5-22 -D_XOPEN_SOURCE=600 -D_BSD_SOURCE -D_DEFAULT_SOURCE -D_LARGE_FILES= -Wdate-time -D_FORTIFY_SOURCE=3 -Wl,-Bsymbolic-functions -flto=auto -ffat-lto-objects -Wl,-z,relro -Wl,-z,now -rdynamic conftest.c -lresolv -lm  -lpthread >&5
configure:17471: $? = 0
configure:17471: result: yes
configure:17477: checking for select
configure:17477: gcc -o conftest -g -O2 -fno-omit-frame-pointer -mno-omit-leaf-frame-pointer -ffile-prefix-map=/home/medali/Downloads/kannel-optimized/kannel-debian-sid=. -flto=auto -ffat-lto-objects -fstack-protector-strong -fstack-clash-protection -Wformat -Werror=format-security -fcf-protection -fdebug-prefix-map=/home/medali/Downloads/kannel-optimized/kannel-debian-sid=/usr/src/kannel-1.4.5-22 -D_XOPEN_SOURCE=600 -D_BSD_SOURCE -D_DEFAULT_SOURCE -D_LARGE_FILES= -Wdate-time -D_FORTIFY_SOURCE=3 -Wl,-Bsymbolic-functions -flto=auto -ffat-lto-objects -Wl,-z,relro -Wl,-z,now -rdynamic conftest.c -lresolv -lm  -lpthread >&5
configure:17477: $? = 0
configure:17477: result: yes
configure:17483: checking for socket
configure:17483: gcc -o conftest -g -O2 -fno-omit-frame-pointer -mno-omit-leaf-frame-pointer -ffile-prefix-map=/home/medali/Downloads/kannel-optimized/kannel-debian-sid=. -flto=auto -ffat-lto-objects -fstack-protector-strong -fstack-clash-protection -Wformat -Werror=format-security -fcf-protection -fdebug-prefix-map=/home/medali/Downloads/kannel-optimized/kannel-debian-sid=/usr/src/kannel-1.4.5-22 -D_XOPEN_SOURCE=600 -D_BSD_SOURCE -D_DEFAULT_SOURCE -D_LARGE_FILES= -Wdate-time -D_FORTIFY_SOURCE=3 -Wl,-Bsymbolic-functions -flto=auto -ffat-lto-objects -Wl,-z,relro -Wl,-z,now -rdynamic conftest.c -lresolv -lm  -lpthread >&5
configure:17483: $? = 0
configure:17483: result: yes
configure:17489: checking for strdup
configure:17489: gcc -o conftest -g -O2 -fno-omit-frame-pointer -mno-omit-leaf-frame-pointer -ffile-prefix-map=/home/medali/Downloads/kannel-optimized/kannel-debian-sid=. -flto=auto -ffat-lto-objects -fstack-protector-strong -fstack-clash-protection -Wformat -Werror=format-security -fcf-protection -fdebug-prefix-map=/home/medali/Downloads/kannel-optimized/kannel-debian-sid=/usr/src/kannel-1.4.5-22 -D_XOPEN_SOURCE=600 -D_BSD_SOURCE -D_DEFAULT_SOURCE -D_LARGE_FILES= -Wdate-time -D_FORTIFY_SOURCE=3 -Wl,-Bsymbolic-functions -flto=auto -ffat-lto-objects -Wl,-z,relro -Wl,-z,now -rdynamic conftest.c -lresolv -lm  -lpthread >&5
conftest.c:71:6: warning: conflicting types for built-in function 'strdup'; expected 'char *(const char *)' [-Wbuiltin-declaration-mismatch]
   71 | char strdup ();
      |      ^~~~~~
configure:17489: $? = 0
configure:17489: result: yes
configure:17495: checking for getopt_long
configure:17495: gcc -o conftest -g -O2 -fno-omit-frame-pointer -mno-omit-leaf-frame-pointer -ffile-prefix-map=/home/medali/Downloads/kannel-optimized/kannel-debian-sid=. -flto=auto -ffat-lto-objects -fstack-protector-strong -fstack-clash-protection -Wformat -Werror=format-security -fcf-protection -fdebug-prefix-map=/home/medali/Downloads/kannel-optimized/kannel-debian-sid=/usr/src/kannel-1.4.5-22 -D_XOPEN_SOURCE=600 -D_BSD_SOURCE -D_DEFAULT_SOURCE -D_LARGE_FILES= -Wdate-time -D_FORTIFY_SOURCE=3 -Wl,-Bsymbolic-functions -flto=auto -ffat-lto-objects -Wl,-z,relro -Wl,-z,now -rdynamic conftest.c -lresolv -lm  -lpthread >&5
configure:17495: $? = 0
configure:17495: result: yes
configure:17501: checking for localtime_r
configure:17501: gcc -o conftest -g -O2 -fno-omit-frame-pointer -mno-omit-leaf-frame-pointer -ffile-prefix-map=/home/medali/Downloads/kannel-optimized/kannel-debian-sid=. -flto=auto -ffat-lto-objects -fstack-protector-strong -fstack-clash-protection -Wformat -Werror=format-security -fcf-protection -fdebug-prefix-map=/home/medali/Downloads/kannel-optimized/kannel-debian-sid=/usr/src/kannel-1.4.5-22 -D_XOPEN_SOURCE=600 -D_BSD_SOURCE -D_DEFAULT_SOURCE -D_LARGE_FILES= -Wdate-time -D_FORTIFY_SOURCE=3 -Wl,-Bsymbolic-functions -flto=auto -ffat-lto-objects -Wl,-z,relro -Wl,-z,now -rdynamic conftest.c -lresolv -lm  -lpthread >&5
configure:17501: $? = 0
configure:17501: result: yes
configure:17507: checking for gmtime_r
configure:17507: gcc -o conftest -g -O2 -fno-omit-frame-pointer -mno-omit-leaf-frame-pointer -ffile-prefix-map=/home/medali/Downloads/kannel-optimized/kannel-debian-sid=. -flto=auto -ffat-lto-objects -fstack-protector-strong -fstack-clash-protection -Wformat -Werror=format-security -fcf-protection -fdebug-prefix-map=/home/medali/Downloads/kannel-optimized/kannel-debian-sid=/usr/src/kannel-1.4.5-22 -D_XOPEN_SOURCE=600 -D_BSD_SOURCE -D_DEFAULT_SOURCE -D_LARGE_FILES= -Wdate-time -D_FORTIFY_SOURCE=3 -Wl,-Bsymbolic-functions -flto=auto -ffat-lto-objects -Wl,-z,relro -Wl,-z,now -rdynamic conftest.c -lresolv -lm  -lpthread >&5
configure:17507: $? = 0
configure:17507: result: yes
configure:17513: checking for backtrace
configure:17513: gcc -o conftest -g -O2 -fno-omit-frame-pointer -mno-omit-leaf-frame-pointer -ffile-prefix-map=/home/medali/Downloads/kannel-optimized/kannel-debian-sid=. -flto=auto -ffat-lto-objects -fstack-protector-strong -fstack-clash-protection -Wformat -Werror=format-security -fcf-protection -fdebug-prefix-map=/home/medali/Downloads/kannel-optimized/kannel-debian-sid=/usr/src/kannel-1.4.5-22 -D_XOPEN_SOURCE=600 -D_BSD_SOURCE -D_DEFAULT_SOURCE -D_LARGE_FILES= -Wdate-time -D_FORTIFY_SOURCE=3 -Wl,-Bsymbolic-functions -flto=auto -ffat-lto-objects -Wl,-z,relro -Wl,-z,now -rdynamic conftest.c -lresolv -lm  -lpthread >&5
configure:17513: $? = 0
configure:17513: result: yes
configure:17519: checking for srandom
configure:17519: gcc -o conftest -g -O2 -fno-omit-frame-pointer -mno-omit-leaf-frame-pointer -ffile-prefix-map=/home/medali/Downloads/kannel-optimized/kannel-debian-sid=. -flto=auto -ffat-lto-objects -fstack-protector-strong -fstack-clash-protection -Wformat -Werror=format-security -fcf-protection -fdebug-prefix-map=/home/medali/Downloads/kannel-optimized/kannel-debian-sid=/usr/src/kannel-1.4.5-22 -D_XOPEN_SOURCE=600 -D_BSD_SOURCE -D_DEFAULT_SOURCE -D_LARGE_FILES= -Wdate-time -D_FORTIFY_SOURCE=3 -Wl,-Bsymbolic-functions -flto=auto -ffat-lto-objects -Wl,-z,relro -Wl,-z,now -rdynamic conftest.c -lresolv -lm  -lpthread >&5
configure:17519: $? = 0
configure:17519: result: yes
configure:17525: checking for initgroups
configure:17525: gcc -o conftest -g -O2 -fno-omit-frame-pointer -mno-omit-leaf-frame-pointer -ffile-prefix-map=/home/medali/Downloads/kannel-optimized/kannel-debian-sid=. -flto=auto -ffat-lto-objects -fstack-protector-strong -fstack-clash-protection -Wformat -Werror=format-security -fcf-protection -fdebug-prefix-map=/home/medali/Downloads/kannel-optimized/kannel-debian-sid=/usr/src/kannel-1.4.5-22 -D_XOPEN_SOURCE=600 -D_BSD_SOURCE -D_DEFAULT_SOURCE -D_LARGE_FILES= -Wdate-time -D_FORTIFY_SOURCE=3 -Wl,-Bsymbolic-functions -flto=auto -ffat-lto-objects -Wl,-z,relro -Wl,-z,now -rdynamic conftest.c -lresolv -lm  -lpthread >&5
configure:17525: $? = 0
configure:17525: result: yes
configure:17531: checking for strtoll
configure:17531: gcc -o conftest -g -O2 -fno-omit-frame-pointer -mno-omit-leaf-frame-pointer -ffile-prefix-map=/home/medali/Downloads/kannel-optimized/kannel-debian-sid=. -flto=auto -ffat-lto-objects -fstack-protector-strong -fstack-clash-protection -Wformat -Werror=format-security -fcf-protection -fdebug-prefix-map=/home/medali/Downloads/kannel-optimized/kannel-debian-sid=/usr/src/kannel-1.4.5-22 -D_XOPEN_SOURCE=600 -D_BSD_SOURCE -D_DEFAULT_SOURCE -D_LARGE_FILES= -Wdate-time -D_FORTIFY_SOURCE=3 -Wl,-Bsymbolic-functions -flto=auto -ffat-lto-objects -Wl,-z,relro -Wl,-z,now -rdynamic conftest.c -lresolv -lm  -lpthread >&5
configure:17531: $? = 0
configure:17531: result: yes
configure:17537: checking for strtoq
configure:17537: gcc -o conftest -g -O2 -fno-omit-frame-pointer -mno-omit-leaf-frame-pointer -ffile-prefix-map=/home/medali/Downloads/kannel-optimized/kannel-debian-sid=. -flto=auto -ffat-lto-objects -fstack-protector-strong -fstack-clash-protection -Wformat -Werror=format-security -fcf-protection -fdebug-prefix-map=/home/medali/Downloads/kannel-optimized/kannel-debian-sid=/usr/src/kannel-1.4.5-22 -D_XOPEN_SOURCE=600 -D_BSD_SOURCE -D_DEFAULT_SOURCE -D_LARGE_FILES= -Wdate-time -D_FORTIFY_SOURCE=3 -Wl,-Bsymbolic-functions -flto=auto -ffat-lto-objects -Wl,-z,relro -Wl,-z,now -rdynamic conftest.c -lresolv -lm  -lpthread >&5
configure:17537: $? = 0
configure:17537: result: yes
configure:17544: checking for getopt
configure:17544: gcc -o conftest -g -O2 -fno-omit-frame-pointer -mno-omit-leaf-frame-pointer -ffile-prefix-map=/home/medali/Downloads/kannel-optimized/kannel-debian-sid=. -flto=auto -ffat-lto-objects -fstack-protector-strong -fstack-clash-protection -Wformat -Werror=format-security -fcf-protection -fdebug-prefix-map=/home/medali/Downloads/kannel-optimized/kannel-debian-sid=/usr/src/kannel-1.4.5-22 -D_XOPEN_SOURCE=600 -D_BSD_SOURCE -D_DEFAULT_SOURCE -D_LARGE_FILES= -Wdate-time -D_FORTIFY_SOURCE=3 -Wl,-Bsymbolic-functions -flto=auto -ffat-lto-objects -Wl,-z,relro -Wl,-z,now -rdynamic conftest.c -lresolv -lm  -lpthread >&5
configure:17544: $? = 0
configure:17544: result: yes
configure:17558: checking for gethostbyname_r
configure:17558: gcc -o conftest -g -O2 -fno-omit-frame-pointer -mno-omit-leaf-frame-pointer -ffile-prefix-map=/home/medali/Downloads/kannel-optimized/kannel-debian-sid=. -flto=auto -ffat-lto-objects -fstack-protector-strong -fstack-clash-protection -Wformat -Werror=format-security -fcf-protection -fdebug-prefix-map=/home/medali/Downloads/kannel-optimized/kannel-debian-sid=/usr/src/kannel-1.4.5-22 -D_XOPEN_SOURCE=600 -D_BSD_SOURCE -D_DEFAULT_SOURCE -D_LARGE_FILES= -Wdate-time -D_FORTIFY_SOURCE=3 -Wl,-Bsymbolic-functions -flto=auto -ffat-lto-objects -Wl,-z,relro -Wl,-z,now -rdynamic conftest.c -lresolv -lm  -lpthread >&5
configure:17558: $? = 0
configure:17558: result: yes
configure:17561: checking for which type of gethostbyname_r
configure:17586: gcc -c -g -O2 -fno-omit-frame-pointer -mno-omit-leaf-frame-pointer -ffile-prefix-map=/home/medali/Downloads/kannel-optimized/kannel-debian-sid=. -flto=auto -ffat-lto-objects -fstack-protector-strong -fstack-clash-protection -Wformat -Werror=format-security -fcf-protection -fdebug-prefix-map=/home/medali/Downloads/kannel-optimized/kannel-debian-sid=/usr/src/kannel-1.4.5-22 -D_XOPEN_SOURCE=600 -D_BSD_SOURCE -D_DEFAULT_SOURCE -D_LARGE_FILES= -Wdate-time -D_FORTIFY_SOURCE=3 conftest.c >&5
conftest.c: In function 'main':
conftest.c:73:29: error: storage size of 'data' isn't known
   73 |         struct hostent_data data;
      |                             ^~~~
conftest.c:74:16: error: too few arguments to function 'gethostbyname_r'
   74 |         (void) gethostbyname_r(name, he, &data);
      |                ^~~~~~~~~~~~~~~
In file included from conftest.c:65:
/usr/include/netdb.h:177:12: note: declared here
  177 | extern int gethostbyname_r (const char *__restrict __name,
      |            ^~~~~~~~~~~~~~~
configure:17586: $? = 1
configure: failed program was:
| /* confdefs.h */
| #define PACKAGE_NAME ""
| #define PACKAGE_TARNAME ""
| #define PACKAGE_VERSION ""
| #define PACKAGE_STRING ""
| #define PACKAGE_BUGREPORT ""
| #define PACKAGE_URL ""
| #define GW_NAME "Kannel"
| #define GW_VERSION "1.4.5"
| #define VERSION "1.4.5"
| #define PACKAGE "Kannel"
| #define VERSION "1.4.5"
| #define HAVE_STDIO_H 1
| #define HAVE_STDLIB_H 1
| #define HAVE_STRING_H 1
| #define HAVE_INTTYPES_H 1
| #define HAVE_STDINT_H 1
| #define HAVE_STRINGS_H 1
| #define HAVE_SYS_STAT_H 1
| #define HAVE_SYS_TYPES_H 1
| #define HAVE_UNISTD_H 1
| #define STDC_HEADERS 1
| #define HAVE_DLFCN_H 1
| #define LT_OBJDIR ".libs/"
| #define SIZEOF_SHORT 2
| #define SIZEOF_INT 4
| #define SIZEOF_LONG 8
| #define SIZEOF_LONG_LONG 8
| #define HAVE_LIBM 1
| #define HAVE_LIBRESOLV 1
| #define HAVE_SYS_IOCTL_H 1
| #define HAVE_SYS_TIME_H 1
| #define HAVE_SYS_TYPES_H 1
| #define HAVE_UNISTD_H 1
| #define HAVE_SYS_POLL_H 1
| #define HAVE_PTHREAD_H 1
| #define HAVE_GETOPT_H 1
| #define HAVE_SYSLOG_H 1
| #define HAVE_ZLIB_H 1
| #define HAVE_EXECINFO_H 1
| #define HAVE_STDLIB_H 1
| #define HAVE_SYS_SOCKET_H 1
| #define HAVE_NETINET_IN_H 1
| #define HAVE_NET_IF_H 1
| #define HAVE_SYS_UCONTEXT_H 1
| #define HAVE_UCONTEXT 1
| #define HAVE___FUNCTION__ 1
| #define HAVE___FUNC__ 1
| #define HAVE_ICONV 1
| #define ICONV_CONST 
| #define HAVE_GETTIMEOFDAY 1
| #define HAVE_SELECT 1
| #define HAVE_SOCKET 1
| #define HAVE_STRDUP 1
| #define HAVE_GETOPT_LONG 1
| #define HAVE_LOCALTIME_R 1
| #define HAVE_GMTIME_R 1
| #define HAVE_BACKTRACE 1
| #define HAVE_SRANDOM 1
| #define HAVE_INITGROUPS 1
| #define HAVE_STRTOLL 1
| #define HAVE_STRTOQ 1
| /* end confdefs.h.  */
| 
| #include <netdb.h>
| 
| int
| main (void)
| {
| 
|         char *name;
|         struct hostent *he;
|         struct hostent_data data;
|         (void) gethostbyname_r(name, he, &data);
| 
|   ;
|   return 0;
| }
configure:17611: gcc -c -g -O2 -fno-omit-frame-pointer -mno-omit-leaf-frame-pointer -ffile-prefix-map=/home/medali/Downloads/kannel-optimized/kannel-debian-sid=. -flto=auto -ffat-lto-objects -fstack-protector-strong -fstack-clash-protection -Wformat -Werror=format-security -fcf-protection -fdebug-prefix-map=/home/medali/Downloads/kannel-optimized/kannel-debian-sid=/usr/src/kannel-1.4.5-22 -D_XOPEN_SOURCE=600 -D_BSD_SOURCE -D_DEFAULT_SOURCE -D_LARGE_FILES= -Wdate-time -D_FORTIFY_SOURCE=3 conftest.c >&5
configure:17611: $? = 0
configure:17650: result: 6
configure:17689: checking for socklen_t in <sys/socket.h>
configure:17710: gcc -c -g -O2 -fno-omit-frame-pointer -mno-omit-leaf-frame-pointer -ffile-prefix-map=/home/medali/Downloads/kannel-optimized/kannel-debian-sid=. -flto=auto -ffat-lto-objects -fstack-protector-strong -fstack-clash-protection -Wformat -Werror=format-security -fcf-protection -fdebug-prefix-map=/home/medali/Downloads/kannel-optimized/kannel-debian-sid=/usr/src/kannel-1.4.5-22 -D_XOPEN_SOURCE=600 -D_BSD_SOURCE -D_DEFAULT_SOURCE -D_LARGE_FILES= -Wdate-time -D_FORTIFY_SOURCE=3 conftest.c >&5
configure:17710: $? = 0
configure:17718: result: yes
configure:17728: checking for getopt in <stdio.h>
configure:17745: gcc -c -g -O2 -fno-omit-frame-pointer -mno-omit-leaf-frame-pointer -ffile-prefix-map=/home/medali/Downloads/kannel-optimized/kannel-debian-sid=. -flto=auto -ffat-lto-objects -fstack-protector-strong -fstack-clash-protection -Wformat -Werror=format-security -fcf-protection -fdebug-prefix-map=/home/medali/Downloads/kannel-optimized/kannel-debian-sid=/usr/src/kannel-1.4.5-22 -D_XOPEN_SOURCE=600 -D_BSD_SOURCE -D_DEFAULT_SOURCE -D_LARGE_FILES= -Wdate-time -D_FORTIFY_SOURCE=3 conftest.c >&5
conftest.c: In function 'main':
conftest.c:70:13: error: 'getopt' undeclared (first use in this function)
   70 | void *foo = getopt;
      |             ^~~~~~
conftest.c:70:13: note: each undeclared identifier is reported only once for each function it appears in
configure:17745: $? = 1
configure: failed program was:
| /* confdefs.h */
| #define PACKAGE_NAME ""
| #define PACKAGE_TARNAME ""
| #define PACKAGE_VERSION ""
| #define PACKAGE_STRING ""
| #define PACKAGE_BUGREPORT ""
| #define PACKAGE_URL ""
| #define GW_NAME "Kannel"
| #define GW_VERSION "1.4.5"
| #define VERSION "1.4.5"
| #define PACKAGE "Kannel"
| #define VERSION "1.4.5"
| #define HAVE_STDIO_H 1
| #define HAVE_STDLIB_H 1
| #define HAVE_STRING_H 1
| #define HAVE_INTTYPES_H 1
| #define HAVE_STDINT_H 1
| #define HAVE_STRINGS_H 1
| #define HAVE_SYS_STAT_H 1
| #define HAVE_SYS_TYPES_H 1
| #define HAVE_UNISTD_H 1
| #define STDC_HEADERS 1
| #define HAVE_DLFCN_H 1
| #define LT_OBJDIR ".libs/"
| #define SIZEOF_SHORT 2
| #define SIZEOF_INT 4
| #define SIZEOF_LONG 8
| #define SIZEOF_LONG_LONG 8
| #define HAVE_LIBM 1
| #define HAVE_LIBRESOLV 1
| #define HAVE_SYS_IOCTL_H 1
| #define HAVE_SYS_TIME_H 1
| #define HAVE_SYS_TYPES_H 1
| #define HAVE_UNISTD_H 1
| #define HAVE_SYS_POLL_H 1
| #define HAVE_PTHREAD_H 1
| #define HAVE_GETOPT_H 1
| #define HAVE_SYSLOG_H 1
| #define HAVE_ZLIB_H 1
| #define HAVE_EXECINFO_H 1
| #define HAVE_STDLIB_H 1
| #define HAVE_SYS_SOCKET_H 1
| #define HAVE_NETINET_IN_H 1
| #define HAVE_NET_IF_H 1
| #define HAVE_SYS_UCONTEXT_H 1
| #define HAVE_UCONTEXT 1
| #define HAVE___FUNCTION__ 1
| #define HAVE___FUNC__ 1
| #define HAVE_ICONV 1
| #define ICONV_CONST 
| #define HAVE_GETTIMEOFDAY 1
| #define HAVE_SELECT 1
| #define HAVE_SOCKET 1
| #define HAVE_STRDUP 1
| #define HAVE_GETOPT_LONG 1
| #define HAVE_LOCALTIME_R 1
| #define HAVE_GMTIME_R 1
| #define HAVE_BACKTRACE 1
| #define HAVE_SRANDOM 1
| #define HAVE_INITGROUPS 1
| #define HAVE_STRTOLL 1
| #define HAVE_STRTOQ 1
| #define HAVE_FUNC_GETHOSTBYNAME_R_6 1
| #define HAVE_SOCKLEN_T 1
| /* end confdefs.h.  */
| #include <stdio.h>
| int
| main (void)
| {
| void *foo = getopt;
|   ;
|   return 0;
| }
configure:17753: result: no
configure:17762: checking for getopt in <unistd.h>
configure:17779: gcc -c -g -O2 -fno-omit-frame-pointer -mno-omit-leaf-frame-pointer -ffile-prefix-map=/home/medali/Downloads/kannel-optimized/kannel-debian-sid=. -flto=auto -ffat-lto-objects -fstack-protector-strong -fstack-clash-protection -Wformat -Werror=format-security -fcf-protection -fdebug-prefix-map=/home/medali/Downloads/kannel-optimized/kannel-debian-sid=/usr/src/kannel-1.4.5-22 -D_XOPEN_SOURCE=600 -D_BSD_SOURCE -D_DEFAULT_SOURCE -D_LARGE_FILES= -Wdate-time -D_FORTIFY_SOURCE=3 conftest.c >&5
configure:17779: $? = 0
configure:17787: result: yes
configure:17799: checking for ftw.h
configure:17799: gcc -c -g -O2 -fno-omit-frame-pointer -mno-omit-leaf-frame-pointer -ffile-prefix-map=/home/medali/Downloads/kannel-optimized/kannel-debian-sid=. -flto=auto -ffat-lto-objects -fstack-protector-strong -fstack-clash-protection -Wformat -Werror=format-security -fcf-protection -fdebug-prefix-map=/home/medali/Downloads/kannel-optimized/kannel-debian-sid=/usr/src/kannel-1.4.5-22 -D_XOPEN_SOURCE=600 -D_BSD_SOURCE -D_DEFAULT_SOURCE -D_LARGE_FILES= -Wdate-time -D_FORTIFY_SOURCE=3 conftest.c >&5
configure:17799: $? = 0
configure:17799: result: yes
configure:17804: checking for nftw
configure:17804: gcc -o conftest -g -O2 -fno-omit-frame-pointer -mno-omit-leaf-frame-pointer -ffile-prefix-map=/home/medali/Downloads/kannel-optimized/kannel-debian-sid=. -flto=auto -ffat-lto-objects -fstack-protector-strong -fstack-clash-protection -Wformat -Werror=format-security -fcf-protection -fdebug-prefix-map=/home/medali/Downloads/kannel-optimized/kannel-debian-sid=/usr/src/kannel-1.4.5-22 -D_XOPEN_SOURCE=600 -D_BSD_SOURCE -D_DEFAULT_SOURCE -D_LARGE_FILES= -Wdate-time -D_FORTIFY_SOURCE=3 -Wl,-Bsymbolic-functions -flto=auto -ffat-lto-objects -Wl,-z,relro -Wl,-z,now -rdynamic conftest.c -lresolv -lm  -lpthread >&5
configure:17804: $? = 0
configure:17804: result: yes
configure:17823: checking for regex.h
configure:17823: gcc -c -g -O2 -fno-omit-frame-pointer -mno-omit-leaf-frame-pointer -ffile-prefix-map=/home/medali/Downloads/kannel-optimized/kannel-debian-sid=. -flto=auto -ffat-lto-objects -fstack-protector-strong -fstack-clash-protection -Wformat -Werror=format-security -fcf-protection -fdebug-prefix-map=/home/medali/Downloads/kannel-optimized/kannel-debian-sid=/usr/src/kannel-1.4.5-22 -D_XOPEN_SOURCE=600 -D_BSD_SOURCE -D_DEFAULT_SOURCE -D_LARGE_FILES= -Wdate-time -D_FORTIFY_SOURCE=3 conftest.c >&5
configure:17823: $? = 0
configure:17823: result: yes
configure:17828: checking for regcomp
configure:17828: gcc -o conftest -g -O2 -fno-omit-frame-pointer -mno-omit-leaf-frame-pointer -ffile-prefix-map=/home/medali/Downloads/kannel-optimized/kannel-debian-sid=. -flto=auto -ffat-lto-objects -fstack-protector-strong -fstack-clash-protection -Wformat -Werror=format-security -fcf-protection -fdebug-prefix-map=/home/medali/Downloads/kannel-optimized/kannel-debian-sid=/usr/src/kannel-1.4.5-22 -D_XOPEN_SOURCE=600 -D_BSD_SOURCE -D_DEFAULT_SOURCE -D_LARGE_FILES= -Wdate-time -D_FORTIFY_SOURCE=3 -Wl,-Bsymbolic-functions -flto=auto -ffat-lto-objects -Wl,-z,relro -Wl,-z,now -rdynamic conftest.c -lresolv -lm  -lpthread >&5
configure:17828: $? = 0
configure:17828: result: yes
configure:17852: checking for working pthreads
configure:17884: gcc -o conftest -g -O2 -fno-omit-frame-pointer -mno-omit-leaf-frame-pointer -ffile-prefix-map=/home/medali/Downloads/kannel-optimized/kannel-debian-sid=. -flto=auto -ffat-lto-objects -fstack-protector-strong -fstack-clash-protection -Wformat -Werror=format-security -fcf-protection -fdebug-prefix-map=/home/medali/Downloads/kannel-optimized/kannel-debian-sid=/usr/src/kannel-1.4.5-22 -D_XOPEN_SOURCE=600 -D_BSD_SOURCE -D_DEFAULT_SOURCE -D_LARGE_FILES= -Wdate-time -D_FORTIFY_SOURCE=3 -Wl,-Bsymbolic-functions -flto=auto -ffat-lto-objects -Wl,-z,relro -Wl,-z,now -rdynamic conftest.c -lresolv -lm  -lpthread >&5
conftest.c: In function 'testpid':
conftest.c:88:9: warning: implicit declaration of function 'exit' [-Wimplicit-function-declaration]
   88 |         exit(1);
      |         ^~~~
conftest.c:73:1: note: include '<stdlib.h>' or provide a declaration of 'exit'
   72 | #include <unistd.h>
  +++ |+#include <stdlib.h>
   73 | int pid;
conftest.c:88:9: warning: incompatible implicit declaration of built-in function 'exit' [-Wbuiltin-declaration-mismatch]
   88 |         exit(1);
      |         ^~~~
conftest.c:88:9: note: include '<stdlib.h>' or provide a declaration of 'exit'
conftest.c:90:9: warning: incompatible implicit declaration of built-in function 'exit' [-Wbuiltin-declaration-mismatch]
   90 |         exit(0);
      |         ^~~~
conftest.c:90:9: note: include '<stdlib.h>' or provide a declaration of 'exit'
configure:17884: $? = 0
configure:17884: ./conftest
configure:17884: $? = 0
configure:17895: checking for pthread_spinlock support
configure:17922: gcc -c -g -O2 -fno-omit-frame-pointer -mno-omit-leaf-frame-pointer -ffile-prefix-map=/home/medali/Downloads/kannel-optimized/kannel-debian-sid=. -flto=auto -ffat-lto-objects -fstack-protector-strong -fstack-clash-protection -Wformat -Werror=format-security -fcf-protection -fdebug-prefix-map=/home/medali/Downloads/kannel-optimized/kannel-debian-sid=/usr/src/kannel-1.4.5-22 -D_XOPEN_SOURCE=600 -D_BSD_SOURCE -D_DEFAULT_SOURCE -D_LARGE_FILES= -Wdate-time -D_FORTIFY_SOURCE=3 conftest.c >&5
configure:17922: $? = 0
configure:17924: result: yes
configure:17934: checking for pthread_rwlock support
configure:17955: gcc -c -g -O2 -fno-omit-frame-pointer -mno-omit-leaf-frame-pointer -ffile-prefix-map=/home/medali/Downloads/kannel-optimized/kannel-debian-sid=. -flto=auto -ffat-lto-objects -fstack-protector-strong -fstack-clash-protection -Wformat -Werror=format-security -fcf-protection -fdebug-prefix-map=/home/medali/Downloads/kannel-optimized/kannel-debian-sid=/usr/src/kannel-1.4.5-22 -D_XOPEN_SOURCE=600 -D_BSD_SOURCE -D_DEFAULT_SOURCE -D_LARGE_FILES= -Wdate-time -D_FORTIFY_SOURCE=3 conftest.c >&5
configure:17955: $? = 0
configure:17957: result: yes
configure:17967: checking for sem_init in -lrt
configure:17990: gcc -o conftest -g -O2 -fno-omit-frame-pointer -mno-omit-leaf-frame-pointer -ffile-prefix-map=/home/medali/Downloads/kannel-optimized/kannel-debian-sid=. -flto=auto -ffat-lto-objects -fstack-protector-strong -fstack-clash-protection -Wformat -Werror=format-security -fcf-protection -fdebug-prefix-map=/home/medali/Downloads/kannel-optimized/kannel-debian-sid=/usr/src/kannel-1.4.5-22 -D_XOPEN_SOURCE=600 -D_BSD_SOURCE -D_DEFAULT_SOURCE -D_LARGE_FILES= -Wdate-time -D_FORTIFY_SOURCE=3 -Wl,-Bsymbolic-functions -flto=auto -ffat-lto-objects -Wl,-z,relro -Wl,-z,now -rdynamic conftest.c -lrt  -lresolv -lm  -lpthread >&5
configure:17990: $? = 0
configure:18000: result: yes
configure:18010: checking for semaphore support
configure:18037: gcc -o conftest -g -O2 -fno-omit-frame-pointer -mno-omit-leaf-frame-pointer -ffile-prefix-map=/home/medali/Downloads/kannel-optimized/kannel-debian-sid=. -flto=auto -ffat-lto-objects -fstack-protector-strong -fstack-clash-protection -Wformat -Werror=format-security -fcf-protection -fdebug-prefix-map=/home/medali/Downloads/kannel-optimized/kannel-debian-sid=/usr/src/kannel-1.4.5-22 -D_XOPEN_SOURCE=600 -D_BSD_SOURCE -D_DEFAULT_SOURCE -D_LARGE_FILES= -Wdate-time -D_FORTIFY_SOURCE=3 -Wl,-Bsymbolic-functions -flto=auto -ffat-lto-objects -Wl,-z,relro -Wl,-z,now -rdynamic conftest.c -lrt -lresolv -lm  -lpthread >&5
configure:18037: $? = 0
configure:18037: ./conftest
configure:18037: $? = 0
configure:18039: result: yes
configure:18063: checking for xml2-config
configure:18086: found /home/medali/miniconda3/bin/xml2-config
configure:18099: result: /home/medali/miniconda3/bin/xml2-config
configure:18108: checking for libxml2 >= 2.6.0 via xml2-config
configure:18134: result: found 2.13.9
configure:18177: checking whether to compile with PCRE support
configure:18330: result: disabled
configure:18347: checking for jade
configure:18382: result: no
configure:18347: checking for openjade
configure:18368: found /usr/bin/openjade
configure:18379: result: openjade
configure:18393: checking for jadetex
configure:18414: found /usr/bin/jadetex
configure:18426: result: jadetex
configure:18436: checking for pdfjadetex
configure:18457: found /usr/bin/pdfjadetex
configure:18469: result: pdfjadetex
configure:18479: checking for dvips
configure:18500: found /usr/bin/dvips
configure:18512: result: dvips
configure:18522: checking for fig2dev
configure:18543: found /usr/bin/fig2dev
configure:18555: result: fig2dev
configure:18565: checking for convert
configure:18598: result: /usr/bin/convert
configure:18726: result: Documentation will be built as well.
configure:18832: checking which malloc to use
configure:18879: result: native malloc
configure:18922: checking for pam_end in -lpam
configure:18945: gcc -o conftest -g -O2 -fno-omit-frame-pointer -mno-omit-leaf-frame-pointer -ffile-prefix-map=/home/medali/Downloads/kannel-optimized/kannel-debian-sid=. -flto=auto -ffat-lto-objects -fstack-protector-strong -fstack-clash-protection -Wformat -Werror=format-security -fcf-protection -fdebug-prefix-map=/home/medali/Downloads/kannel-optimized/kannel-debian-sid=/usr/src/kannel-1.4.5-22 -D_XOPEN_SOURCE=600 -D_BSD_SOURCE -D_DEFAULT_SOURCE -D_LARGE_FILES= -I/home/medali/miniconda3/include/libxml2 -I/home/medali/miniconda3/include -Wall -Wmissing-prototypes -Wmissing-declarations -Wnested-externs -Winline -Wformat -Wformat-security -Wmissing-format-attribute -Wdate-time -D_FORTIFY_SOURCE=3 -Wl,-Bsymbolic-functions -flto=auto -ffat-lto-objects -Wl,-z,relro -Wl,-z,now -rdynamic conftest.c -lpam  -lrt -lresolv -lm  -lpthread -L/home/medali/miniconda3/lib -lxml2 -L/home/medali/miniconda3/lib -lz -L/home/medali/miniconda3/lib -llzma -L/home/medali/miniconda3/lib -licui18n -licuuc -licudata -L/home/medali/miniconda3/lib -lm -ldl >&5
configure:18945: $? = 0
configure:18955: result: yes
configure:18965: checking for main in -ldl
configure:18985: gcc -o conftest -g -O2 -fno-omit-frame-pointer -mno-omit-leaf-frame-pointer -ffile-prefix-map=/home/medali/Downloads/kannel-optimized/kannel-debian-sid=. -flto=auto -ffat-lto-objects -fstack-protector-strong -fstack-clash-protection -Wformat -Werror=format-security -fcf-protection -fdebug-prefix-map=/home/medali/Downloads/kannel-optimized/kannel-debian-sid=/usr/src/kannel-1.4.5-22 -D_XOPEN_SOURCE=600 -D_BSD_SOURCE -D_DEFAULT_SOURCE -D_LARGE_FILES= -I/home/medali/miniconda3/include/libxml2 -I/home/medali/miniconda3/include -Wall -Wmissing-prototypes -Wmissing-declarations -Wnested-externs -Winline -Wformat -Wformat-security -Wmissing-format-attribute -Wdate-time -D_FORTIFY_SOURCE=3 -Wl,-Bsymbolic-functions -flto=auto -ffat-lto-objects -Wl,-z,relro -Wl,-z,now -rdynamic conftest.c -ldl  -lpam -lrt -lresolv -lm  -lpthread -L/home/medali/miniconda3/lib -lxml2 -L/home/medali/miniconda3/lib -lz -L/home/medali/miniconda3/lib -llzma -L/home/medali/miniconda3/lib -licui18n -licuuc -licudata -L/home/medali/miniconda3/lib -lm -ldl >&5
conftest.c: In function 'main':
conftest.c:81:1: warning: infinite recursion detected [-Winfinite-recursion]
   81 | main (void)
      | ^~~~
conftest.c:83:8: note: recursive call
   83 | return main ();
      |        ^~~~~~~
configure:18985: $? = 0
configure:18995: result: yes
configure:19005: checking for security/pam_appl.h
configure:19005: gcc -c -g -O2 -fno-omit-frame-pointer -mno-omit-leaf-frame-pointer -ffile-prefix-map=/home/medali/Downloads/kannel-optimized/kannel-debian-sid=. -flto=auto -ffat-lto-objects -fstack-protector-strong -fstack-clash-protection -Wformat -Werror=format-security -fcf-protection -fdebug-prefix-map=/home/medali/Downloads/kannel-optimized/kannel-debian-sid=/usr/src/kannel-1.4.5-22 -D_XOPEN_SOURCE=600 -D_BSD_SOURCE -D_DEFAULT_SOURCE -D_LARGE_FILES= -I/home/medali/miniconda3/include/libxml2 -I/home/medali/miniconda3/include -Wall -Wmissing-prototypes -Wmissing-declarations -Wnested-externs -Winline -Wformat -Wformat-security -Wmissing-format-attribute -Wdate-time -D_FORTIFY_SOURCE=3 conftest.c >&5
configure:19005: $? = 0
configure:19005: result: yes
configure:19131: checking whether to compile start-stop-daemon
configure:19152: result: disabled
configure:19220: checking whether to compile with SSL support
configure:19263: result: trying /usr/lib /usr/include
configure:19275: checking for openssl
configure:19298: found /home/medali/miniconda3/bin/openssl
configure:19311: result: /home/medali/miniconda3/bin/openssl
configure:19320: checking openssl version
configure:19324: result: 3.0.18
configure:19360: checking for HMAC_Update in -lcrypto
configure:19383: gcc -o conftest -g -O2 -fno-omit-frame-pointer -mno-omit-leaf-frame-pointer -ffile-prefix-map=/home/medali/Downloads/kannel-optimized/kannel-debian-sid=. -flto=auto -ffat-lto-objects -fstack-protector-strong -fstack-clash-protection -Wformat -Werror=format-security -fcf-protection -fdebug-prefix-map=/home/medali/Downloads/kannel-optimized/kannel-debian-sid=/usr/src/kannel-1.4.5-22 -D_XOPEN_SOURCE=600 -D_BSD_SOURCE -D_DEFAULT_SOURCE -D_LARGE_FILES= -I/home/medali/miniconda3/include/libxml2 -I/home/medali/miniconda3/include -Wall -Wmissing-prototypes -Wmissing-declarations -Wnested-externs -Winline -Wformat -Wformat-security -Wmissing-format-attribute -I/usr/include -Wdate-time -D_FORTIFY_SOURCE=3 -Wl,-Bsymbolic-functions -flto=auto -ffat-lto-objects -Wl,-z,relro -Wl,-z,now -rdynamic conftest.c -lcrypto  -ldl -lpam -lrt -lresolv -lm  -lpthread -L/home/medali/miniconda3/lib -lxml2 -L/home/medali/miniconda3/lib -lz -L/home/medali/miniconda3/lib -llzma -L/home/medali/miniconda3/lib -licui18n -licuuc -licudata -L/home/medali/miniconda3/lib -lm -ldl -L/usr/lib >&5
configure:19383: $? = 0
configure:19394: result: yes
configure:19400: checking for OPENSSL_init_ssl in -lssl
configure:19423: gcc -o conftest -g -O2 -fno-omit-frame-pointer -mno-omit-leaf-frame-pointer -ffile-prefix-map=/home/medali/Downloads/kannel-optimized/kannel-debian-sid=. -flto=auto -ffat-lto-objects -fstack-protector-strong -fstack-clash-protection -Wformat -Werror=format-security -fcf-protection -fdebug-prefix-map=/home/medali/Downloads/kannel-optimized/kannel-debian-sid=/usr/src/kannel-1.4.5-22 -D_XOPEN_SOURCE=600 -D_BSD_SOURCE -D_DEFAULT_SOURCE -D_LARGE_FILES= -I/home/medali/miniconda3/include/libxml2 -I/home/medali/miniconda3/include -Wall -Wmissing-prototypes -Wmissing-declarations -Wnested-externs -Winline -Wformat -Wformat-security -Wmissing-format-attribute -I/usr/include -Wdate-time -D_FORTIFY_SOURCE=3 -Wl,-Bsymbolic-functions -flto=auto -ffat-lto-objects -Wl,-z,relro -Wl,-z,now -rdynamic conftest.c -lssl  -ldl -lpam -lrt -lresolv -lm  -lpthread -L/home/medali/miniconda3/lib -lxml2 -L/home/medali/miniconda3/lib -lz -L/home/medali/miniconda3/lib -llzma -L/home/medali/miniconda3/lib -licui18n -licuuc -licudata -L/home/medali/miniconda3/lib -lm -ldl -L/usr/lib -lcrypto >&5
configure:19423: $? = 0
configure:19434: result: yes
configure:19438: checking for SSL_connect in -lssl
configure:19461: gcc -o conftest -g -O2 -fno-omit-frame-pointer -mno-omit-leaf-frame-pointer -ffile-prefix-map=/home/medali/Downloads/kannel-optimized/kannel-debian-sid=. -flto=auto -ffat-lto-objects -fstack-protector-strong -fstack-clash-protection -Wformat -Werror=format-security -fcf-protection -fdebug-prefix-map=/home/medali/Downloads/kannel-optimized/kannel-debian-sid=/usr/src/kannel-1.4.5-22 -D_XOPEN_SOURCE=600 -D_BSD_SOURCE -D_DEFAULT_SOURCE -D_LARGE_FILES= -I/home/medali/miniconda3/include/libxml2 -I/home/medali/miniconda3/include -Wall -Wmissing-prototypes -Wmissing-declarations -Wnested-externs -Winline -Wformat -Wformat-security -Wmissing-format-attribute -I/usr/include -Wdate-time -D_FORTIFY_SOURCE=3 -Wl,-Bsymbolic-functions -flto=auto -ffat-lto-objects -Wl,-z,relro -Wl,-z,now -rdynamic conftest.c -lssl  -ldl -lpam -lrt -lresolv -lm  -lpthread -L/home/medali/miniconda3/lib -lxml2 -L/home/medali/miniconda3/lib -lz -L/home/medali/miniconda3/lib -llzma -L/home/medali/miniconda3/lib -licui18n -licuuc -licudata -L/home/medali/miniconda3/lib -lm -ldl -L/usr/lib -lcrypto >&5
configure:19461: $? = 0
configure:19471: result: yes
configure:19481: checking for openssl/x509.h
configure:19481: gcc -c -g -O2 -fno-omit-frame-pointer -mno-omit-leaf-frame-pointer -ffile-prefix-map=/home/medali/Downloads/kannel-optimized/kannel-debian-sid=. -flto=auto -ffat-lto-objects -fstack-protector-strong -fstack-clash-protection -Wformat -Werror=format-security -fcf-protection -fdebug-prefix-map=/home/medali/Downloads/kannel-optimized/kannel-debian-sid=/usr/src/kannel-1.4.5-22 -D_XOPEN_SOURCE=600 -D_BSD_SOURCE -D_DEFAULT_SOURCE -D_LARGE_FILES= -I/home/medali/miniconda3/include/libxml2 -I/home/medali/miniconda3/include -Wall -Wmissing-prototypes -Wmissing-declarations -Wnested-externs -Winline -Wformat -Wformat-security -Wmissing-format-attribute -I/usr/include -Wdate-time -D_FORTIFY_SOURCE=3 conftest.c >&5
configure:19481: $? = 0
configure:19481: result: yes
configure:19487: checking for openssl/rsa.h
configure:19487: gcc -c -g -O2 -fno-omit-frame-pointer -mno-omit-leaf-frame-pointer -ffile-prefix-map=/home/medali/Downloads/kannel-optimized/kannel-debian-sid=. -flto=auto -ffat-lto-objects -fstack-protector-strong -fstack-clash-protection -Wformat -Werror=format-security -fcf-protection -fdebug-prefix-map=/home/medali/Downloads/kannel-optimized/kannel-debian-sid=/usr/src/kannel-1.4.5-22 -D_XOPEN_SOURCE=600 -D_BSD_SOURCE -D_DEFAULT_SOURCE -D_LARGE_FILES= -I/home/medali/miniconda3/include/libxml2 -I/home/medali/miniconda3/include -Wall -Wmissing-prototypes -Wmissing-declarations -Wnested-externs -Winline -Wformat -Wformat-security -Wmissing-format-attribute -I/usr/include -Wdate-time -D_FORTIFY_SOURCE=3 conftest.c >&5
configure:19487: $? = 0
configure:19487: result: yes
configure:19493: checking for openssl/crypto.h
configure:19493: gcc -c -g -O2 -fno-omit-frame-pointer -mno-omit-leaf-frame-pointer -ffile-prefix-map=/home/medali/Downloads/kannel-optimized/kannel-debian-sid=. -flto=auto -ffat-lto-objects -fstack-protector-strong -fstack-clash-protection -Wformat -Werror=format-security -fcf-protection -fdebug-prefix-map=/home/medali/Downloads/kannel-optimized/kannel-debian-sid=/usr/src/kannel-1.4.5-22 -D_XOPEN_SOURCE=600 -D_BSD_SOURCE -D_DEFAULT_SOURCE -D_LARGE_FILES= -I/home/medali/miniconda3/include/libxml2 -I/home/medali/miniconda3/include -Wall -Wmissing-prototypes -Wmissing-declarations -Wnested-externs -Winline -Wformat -Wformat-security -Wmissing-format-attribute -I/usr/include -Wdate-time -D_FORTIFY_SOURCE=3 conftest.c >&5
configure:19493: $? = 0
configure:19493: result: yes
configure:19499: checking for openssl/pem.h
configure:19499: gcc -c -g -O2 -fno-omit-frame-pointer -mno-omit-leaf-frame-pointer -ffile-prefix-map=/home/medali/Downloads/kannel-optimized/kannel-debian-sid=. -flto=auto -ffat-lto-objects -fstack-protector-strong -fstack-clash-protection -Wformat -Werror=format-security -fcf-protection -fdebug-prefix-map=/home/medali/Downloads/kannel-optimized/kannel-debian-sid=/usr/src/kannel-1.4.5-22 -D_XOPEN_SOURCE=600 -D_BSD_SOURCE -D_DEFAULT_SOURCE -D_LARGE_FILES= -I/home/medali/miniconda3/include/libxml2 -I/home/medali/miniconda3/include -Wall -Wmissing-prototypes -Wmissing-declarations -Wnested-externs -Winline -Wformat -Wformat-security -Wmissing-format-attribute -I/usr/include -Wdate-time -D_FORTIFY_SOURCE=3 conftest.c >&5
configure:19499: $? = 0
configure:19499: result: yes
configure:19505: checking for openssl/ssl.h
configure:19505: gcc -c -g -O2 -fno-omit-frame-pointer -mno-omit-leaf-frame-pointer -ffile-prefix-map=/home/medali/Downloads/kannel-optimized/kannel-debian-sid=. -flto=auto -ffat-lto-objects -fstack-protector-strong -fstack-clash-protection -Wformat -Werror=format-security -fcf-protection -fdebug-prefix-map=/home/medali/Downloads/kannel-optimized/kannel-debian-sid=/usr/src/kannel-1.4.5-22 -D_XOPEN_SOURCE=600 -D_BSD_SOURCE -D_DEFAULT_SOURCE -D_LARGE_FILES= -I/home/medali/miniconda3/include/libxml2 -I/home/medali/miniconda3/include -Wall -Wmissing-prototypes -Wmissing-declarations -Wnested-externs -Winline -Wformat -Wformat-security -Wmissing-format-attribute -I/usr/include -Wdate-time -D_FORTIFY_SOURCE=3 conftest.c >&5
configure:19505: $? = 0
configure:19505: result: yes
configure:19511: checking for openssl/err.h
configure:19511: gcc -c -g -O2 -fno-omit-frame-pointer -mno-omit-leaf-frame-pointer -ffile-prefix-map=/home/medali/Downloads/kannel-optimized/kannel-debian-sid=. -flto=auto -ffat-lto-objects -fstack-protector-strong -fstack-clash-protection -Wformat -Werror=format-security -fcf-protection -fdebug-prefix-map=/home/medali/Downloads/kannel-optimized/kannel-debian-sid=/usr/src/kannel-1.4.5-22 -D_XOPEN_SOURCE=600 -D_BSD_SOURCE -D_DEFAULT_SOURCE -D_LARGE_FILES= -I/home/medali/miniconda3/include/libxml2 -I/home/medali/miniconda3/include -Wall -Wmissing-prototypes -Wmissing-declarations -Wnested-externs -Winline -Wformat -Wformat-security -Wmissing-format-attribute -I/usr/include -Wdate-time -D_FORTIFY_SOURCE=3 conftest.c >&5
configure:19511: $? = 0
configure:19511: result: yes
configure:19517: checking for openssl/hmac.h
configure:19517: gcc -c -g -O2 -fno-omit-frame-pointer -mno-omit-leaf-frame-pointer -ffile-prefix-map=/home/medali/Downloads/kannel-optimized/kannel-debian-sid=. -flto=auto -ffat-lto-objects -fstack-protector-strong -fstack-clash-protection -Wformat -Werror=format-security -fcf-protection -fdebug-prefix-map=/home/medali/Downloads/kannel-optimized/kannel-debian-sid=/usr/src/kannel-1.4.5-22 -D_XOPEN_SOURCE=600 -D_BSD_SOURCE -D_DEFAULT_SOURCE -D_LARGE_FILES= -I/home/medali/miniconda3/include/libxml2 -I/home/medali/miniconda3/include -Wall -Wmissing-prototypes -Wmissing-declarations -Wnested-externs -Winline -Wformat -Wformat-security -Wmissing-format-attribute -I/usr/include -Wdate-time -D_FORTIFY_SOURCE=3 conftest.c >&5
configure:19517: $? = 0
configure:19517: result: yes
configure:19524: checking whether the OpenSSL library is multithread-enabled
configure:19548: gcc -o conftest -g -O2 -fno-omit-frame-pointer -mno-omit-leaf-frame-pointer -ffile-prefix-map=/home/medali/Downloads/kannel-optimized/kannel-debian-sid=. -flto=auto -ffat-lto-objects -fstack-protector-strong -fstack-clash-protection -Wformat -Werror=format-security -fcf-protection -fdebug-prefix-map=/home/medali/Downloads/kannel-optimized/kannel-debian-sid=/usr/src/kannel-1.4.5-22 -D_XOPEN_SOURCE=600 -D_BSD_SOURCE -D_DEFAULT_SOURCE -D_LARGE_FILES= -I/home/medali/miniconda3/include/libxml2 -I/home/medali/miniconda3/include -Wall -Wmissing-prototypes -Wmissing-declarations -Wnested-externs -Winline -Wformat -Wformat-security -Wmissing-format-attribute -I/usr/include -Wdate-time -D_FORTIFY_SOURCE=3 -Wl,-Bsymbolic-functions -flto=auto -ffat-lto-objects -Wl,-z,relro -Wl,-z,now -rdynamic conftest.c -lssl -ldl -lpam -lrt -lresolv -lm  -lpthread -L/home/medali/miniconda3/lib -lxml2 -L/home/medali/miniconda3/lib -lz -L/home/medali/miniconda3/lib -llzma -L/home/medali/miniconda3/lib -licui18n -licuuc -licudata -L/home/medali/miniconda3/lib -lm -ldl -L/usr/lib -lcrypto >&5
configure:19548: $? = 0
configure:19548: ./conftest
configure:19548: $? = 0
configure:19551: result: yes
configure:19557: checking whether to compile with SSL support
configure:19559: result: yes
configure:19603: checking whether to compile with MySQL support
configure:19664: checking for pkg-config
configure:19699: result: /usr/bin/pkg-config
configure:19724: checking pkg-config is at least version 0.9.0
configure:19727: result: yes
configure:19757: result: searching
configure:19767: checking for mysqlclient
configure:19774: $PKG_CONFIG --exists --print-errors "mysqlclient"
configure:19777: $? = 0
configure:19791: $PKG_CONFIG --exists --print-errors "mysqlclient"
configure:19794: $? = 0
configure:19852: result: yes
configure:20052: checking for mysql/mysql.h
configure:20052: gcc -c -g -O2 -fno-omit-frame-pointer -mno-omit-leaf-frame-pointer -ffile-prefix-map=/home/medali/Downloads/kannel-optimized/kannel-debian-sid=. -flto=auto -ffat-lto-objects -fstack-protector-strong -fstack-clash-protection -Wformat -Werror=format-security -fcf-protection -fdebug-prefix-map=/home/medali/Downloads/kannel-optimized/kannel-debian-sid=/usr/src/kannel-1.4.5-22 -D_XOPEN_SOURCE=600 -D_BSD_SOURCE -D_DEFAULT_SOURCE -D_LARGE_FILES= -I/home/medali/miniconda3/include/libxml2 -I/home/medali/miniconda3/include -Wall -Wmissing-prototypes -Wmissing-declarations -Wnested-externs -Winline -Wformat -Wformat-security -Wmissing-format-attribute -I/usr/include -I/usr/include/mysql  -Wdate-time -D_FORTIFY_SOURCE=3 conftest.c >&5
configure:20052: $? = 0
configure:20052: result: yes
configure:20058: checking for mysql/mysql_version.h
configure:20058: gcc -c -g -O2 -fno-omit-frame-pointer -mno-omit-leaf-frame-pointer -ffile-prefix-map=/home/medali/Downloads/kannel-optimized/kannel-debian-sid=. -flto=auto -ffat-lto-objects -fstack-protector-strong -fstack-clash-protection -Wformat -Werror=format-security -fcf-protection -fdebug-prefix-map=/home/medali/Downloads/kannel-optimized/kannel-debian-sid=/usr/src/kannel-1.4.5-22 -D_XOPEN_SOURCE=600 -D_BSD_SOURCE -D_DEFAULT_SOURCE -D_LARGE_FILES= -I/home/medali/miniconda3/include/libxml2 -I/home/medali/miniconda3/include -Wall -Wmissing-prototypes -Wmissing-declarations -Wnested-externs -Winline -Wformat -Wformat-security -Wmissing-format-attribute -I/usr/include -I/usr/include/mysql  -Wdate-time -D_FORTIFY_SOURCE=3 conftest.c >&5
configure:20058: $? = 0
configure:20058: result: yes
configure:20065: checking for mysql_stmt_init in -lmysqlclient_r
configure:20088: gcc -o conftest -g -O2 -fno-omit-frame-pointer -mno-omit-leaf-frame-pointer -ffile-prefix-map=/home/medali/Downloads/kannel-optimized/kannel-debian-sid=. -flto=auto -ffat-lto-objects -fstack-protector-strong -fstack-clash-protection -Wformat -Werror=format-security -fcf-protection -fdebug-prefix-map=/home/medali/Downloads/kannel-optimized/kannel-debian-sid=/usr/src/kannel-1.4.5-22 -D_XOPEN_SOURCE=600 -D_BSD_SOURCE -D_DEFAULT_SOURCE -D_LARGE_FILES= -I/home/medali/miniconda3/include/libxml2 -I/home/medali/miniconda3/include -Wall -Wmissing-prototypes -Wmissing-declarations -Wnested-externs -Winline -Wformat -Wformat-security -Wmissing-format-attribute -I/usr/include -I/usr/include/mysql  -Wdate-time -D_FORTIFY_SOURCE=3 -Wl,-Bsymbolic-functions -flto=auto -ffat-lto-objects -Wl,-z,relro -Wl,-z,now -rdynamic conftest.c -lmysqlclient_r  -lssl -ldl -lpam -lrt -lresolv -lm  -lpthread -L/home/medali/miniconda3/lib -lxml2 -L/home/medali/miniconda3/lib -lz -L/home/medali/miniconda3/lib -llzma -L/home/medali/miniconda3/lib -licui18n -licuuc -licudata -L/home/medali/miniconda3/lib -lm -ldl -L/usr/lib -lcrypto -lssl -lmysqlclient  >&5
/usr/bin/ld: cannot find -lmysqlclient_r: No such file or directory
collect2: error: ld returned 1 exit status
configure:20088: $? = 1
configure: failed program was:
| /* confdefs.h */
| #define PACKAGE_NAME ""
| #define PACKAGE_TARNAME ""
| #define PACKAGE_VERSION ""
| #define PACKAGE_STRING ""
| #define PACKAGE_BUGREPORT ""
| #define PACKAGE_URL ""
| #define GW_NAME "Kannel"
| #define GW_VERSION "1.4.5"
| #define VERSION "1.4.5"
| #define PACKAGE "Kannel"
| #define VERSION "1.4.5"
| #define HAVE_STDIO_H 1
| #define HAVE_STDLIB_H 1
| #define HAVE_STRING_H 1
| #define HAVE_INTTYPES_H 1
| #define HAVE_STDINT_H 1
| #define HAVE_STRINGS_H 1
| #define HAVE_SYS_STAT_H 1
| #define HAVE_SYS_TYPES_H 1
| #define HAVE_UNISTD_H 1
| #define STDC_HEADERS 1
| #define HAVE_DLFCN_H 1
| #define LT_OBJDIR ".libs/"
| #define SIZEOF_SHORT 2
| #define SIZEOF_INT 4
| #define SIZEOF_LONG 8
| #define SIZEOF_LONG_LONG 8
| #define HAVE_LIBM 1
| #define HAVE_LIBRESOLV 1
| #define HAVE_SYS_IOCTL_H 1
| #define HAVE_SYS_TIME_H 1
| #define HAVE_SYS_TYPES_H 1
| #define HAVE_UNISTD_H 1
| #define HAVE_SYS_POLL_H 1
| #define HAVE_PTHREAD_H 1
| #define HAVE_GETOPT_H 1
| #define HAVE_SYSLOG_H 1
| #define HAVE_ZLIB_H 1
| #define HAVE_EXECINFO_H 1
| #define HAVE_STDLIB_H 1
| #define HAVE_SYS_SOCKET_H 1
| #define HAVE_NETINET_IN_H 1
| #define HAVE_NET_IF_H 1
| #define HAVE_SYS_UCONTEXT_H 1
| #define HAVE_UCONTEXT 1
| #define HAVE___FUNCTION__ 1
| #define HAVE___FUNC__ 1
| #define HAVE_ICONV 1
| #define ICONV_CONST 
| #define HAVE_GETTIMEOFDAY 1
| #define HAVE_SELECT 1
| #define HAVE_SOCKET 1
| #define HAVE_STRDUP 1
| #define HAVE_GETOPT_LONG 1
| #define HAVE_LOCALTIME_R 1
| #define HAVE_GMTIME_R 1
| #define HAVE_BACKTRACE 1
| #define HAVE_SRANDOM 1
| #define HAVE_INITGROUPS 1
| #define HAVE_STRTOLL 1
| #define HAVE_STRTOQ 1
| #define HAVE_FUNC_GETHOSTBYNAME_R_6 1
| #define HAVE_SOCKLEN_T 1
| #define HAVE_GETOPT_IN_UNISTD_H 1
| #define HAVE_FTW_H 1
| #define HAVE_NFTW 1
| #define HAVE_REGEX_H 1
| #define HAVE_REGEX 1
| #define HAVE_PTHREAD_SPINLOCK_T 1
| #define HAVE_PTHREAD_RWLOCK 1
| #define HAVE_LIBRT 1
| #define HAVE_SEMAPHORE 1
| #define SUFFIX ""
| #define USE_GWMEM_NATIVE 1
| #define HAVE_LIBPAM 1
| #define HAVE_LIBDL 1
| #define HAVE_SECURITY_PAM_APPL_H 1
| #define LOG_TIMESTAMP_LOCALTIME 1
| #define ENABLE_COOKIES 1
| #define USE_KEEPALIVE 1
| #define HAVE_LIBSSL 1
| #define HAVE_OPENSSL_X509_H 1
| #define HAVE_OPENSSL_RSA_H 1
| #define HAVE_OPENSSL_CRYPTO_H 1
| #define HAVE_OPENSSL_PEM_H 1
| #define HAVE_OPENSSL_SSL_H 1
| #define HAVE_OPENSSL_ERR_H 1
| #define HAVE_OPENSSL_HMAC_H 1
| #define HAVE_LIBSSL 1
| #define HAVE_MYSQL_MYSQL_H 1
| #define HAVE_MYSQL_MYSQL_VERSION_H 1
| /* end confdefs.h.  */
| 
| /* Override any GCC internal prototype to avoid an error.
|    Use char because int might match the return type of a GCC
|    builtin and then its argument prototype would still apply.  */
| char mysql_stmt_init ();
| int
| main (void)
| {
| return mysql_stmt_init ();
|   ;
|   return 0;
| }
configure:20098: result: no
configure:20107: checking for mysql_stmt_init in -lmysqlclient
configure:20130: gcc -o conftest -g -O2 -fno-omit-frame-pointer -mno-omit-leaf-frame-pointer -ffile-prefix-map=/home/medali/Downloads/kannel-optimized/kannel-debian-sid=. -flto=auto -ffat-lto-objects -fstack-protector-strong -fstack-clash-protection -Wformat -Werror=format-security -fcf-protection -fdebug-prefix-map=/home/medali/Downloads/kannel-optimized/kannel-debian-sid=/usr/src/kannel-1.4.5-22 -D_XOPEN_SOURCE=600 -D_BSD_SOURCE -D_DEFAULT_SOURCE -D_LARGE_FILES= -I/home/medali/miniconda3/include/libxml2 -I/home/medali/miniconda3/include -Wall -Wmissing-prototypes -Wmissing-declarations -Wnested-externs -Winline -Wformat -Wformat-security -Wmissing-format-attribute -I/usr/include -I/usr/include/mysql  -Wdate-time -D_FORTIFY_SOURCE=3 -Wl,-Bsymbolic-functions -flto=auto -ffat-lto-objects -Wl,-z,relro -Wl,-z,now -rdynamic conftest.c -lmysqlclient  -lssl -ldl -lpam -lrt -lresolv -lm  -lpthread -L/home/medali/miniconda3/lib -lxml2 -L/home/medali/miniconda3/lib -lz -L/home/medali/miniconda3/lib -llzma -L/home/medali/miniconda3/lib -licui18n -licuuc -licudata -L/home/medali/miniconda3/lib -lm -ldl -L/usr/lib -lcrypto -lssl -lmysqlclient  >&5
configure:20130: $? = 0
configure:20140: result: yes
configure:20158: checking whether to compile with MySQL support
configure:20160: result: yes
configure:20175: checking whether to compile with LibSDB support
configure:20311: result: disabled
configure:20319: checking whether to compile with SQLite2 support
configure:20327: result: disabled
configure:20460: checking whether to compile with SQLite3 support
configure:20471: result: searching
configure:20473: checking for sqlite3.h
configure:20473: gcc -c -g -O2 -fno-omit-frame-pointer -mno-omit-leaf-frame-pointer -ffile-prefix-map=/home/medali/Downloads/kannel-optimized/kannel-debian-sid=. -flto=auto -ffat-lto-objects -fstack-protector-strong -fstack-clash-protection -Wformat -Werror=format-security -fcf-protection -fdebug-prefix-map=/home/medali/Downloads/kannel-optimized/kannel-debian-sid=/usr/src/kannel-1.4.5-22 -D_XOPEN_SOURCE=600 -D_BSD_SOURCE -D_DEFAULT_SOURCE -D_LARGE_FILES= -I/home/medali/miniconda3/include/libxml2 -I/home/medali/miniconda3/include -Wall -Wmissing-prototypes -Wmissing-declarations -Wnested-externs -Winline -Wformat -Wformat-security -Wmissing-format-attribute -I/usr/include -I/usr/include/mysql  -Wdate-time -D_FORTIFY_SOURCE=3 conftest.c >&5
configure:20473: $? = 0
configure:20473: result: yes
configure:20481: checking for sqlite3_open in -lsqlite3
configure:20504: gcc -o conftest -g -O2 -fno-omit-frame-pointer -mno-omit-leaf-frame-pointer -ffile-prefix-map=/home/medali/Downloads/kannel-optimized/kannel-debian-sid=. -flto=auto -ffat-lto-objects -fstack-protector-strong -fstack-clash-protection -Wformat -Werror=format-security -fcf-protection -fdebug-prefix-map=/home/medali/Downloads/kannel-optimized/kannel-debian-sid=/usr/src/kannel-1.4.5-22 -D_XOPEN_SOURCE=600 -D_BSD_SOURCE -D_DEFAULT_SOURCE -D_LARGE_FILES= -I/home/medali/miniconda3/include/libxml2 -I/home/medali/miniconda3/include -Wall -Wmissing-prototypes -Wmissing-declarations -Wnested-externs -Winline -Wformat -Wformat-security -Wmissing-format-attribute -I/usr/include -I/usr/include/mysql  -Wdate-time -D_FORTIFY_SOURCE=3 -Wl,-Bsymbolic-functions -flto=auto -ffat-lto-objects -Wl,-z,relro -Wl,-z,now -rdynamic conftest.c -lsqlite3  -lmysqlclient -lssl -ldl -lpam -lrt -lresolv -lm  -lpthread -L/home/medali/miniconda3/lib -lxml2 -L/home/medali/miniconda3/lib -lz -L/home/medali/miniconda3/lib -llzma -L/home/medali/miniconda3/lib -licui18n -licuuc -licudata -L/home/medali/miniconda3/lib -lm -ldl -L/usr/lib -lcrypto -lssl -lmysqlclient  -L/usr/local/lib >&5
configure:20504: $? = 0
configure:20514: result: yes
configure:20532: checking for sqlite3
configure:20555: found /home/medali/miniconda3/bin/sqlite3
configure:20567: result: /home/medali/miniconda3/bin/sqlite3
configure:20583: checking sqlite3 version
configure:20586: result: 3.51.0
configure:20601: checking whether to compile with Oracle support
configure:20848: result: disabled
configure:20855: checking whether to compile with PostgresSQL support
configure:20879: result: searching
configure:20883: checking for pg_config
configure:20907: found /usr/bin/pg_config
configure:20920: result: /usr/bin/pg_config
configure:20957: checking PostgreSQL version
configure:20960: result: 16.13
configure:20962: checking PostgreSQL libdir
configure:20967: result: /usr/lib/x86_64-linux-gnu
configure:20970: checking PostgreSQL includes
configure:20976: result: /usr/include/postgresql
configure:20981: checking for libpq-fe.h
configure:20981: gcc -c -g -O2 -fno-omit-frame-pointer -mno-omit-leaf-frame-pointer -ffile-prefix-map=/home/medali/Downloads/kannel-optimized/kannel-debian-sid=. -flto=auto -ffat-lto-objects -fstack-protector-strong -fstack-clash-protection -Wformat -Werror=format-security -fcf-protection -fdebug-prefix-map=/home/medali/Downloads/kannel-optimized/kannel-debian-sid=/usr/src/kannel-1.4.5-22 -D_XOPEN_SOURCE=600 -D_BSD_SOURCE -D_DEFAULT_SOURCE -D_LARGE_FILES= -I/home/medali/miniconda3/include/libxml2 -I/home/medali/miniconda3/include -Wall -Wmissing-prototypes -Wmissing-declarations -Wnested-externs -Winline -Wformat -Wformat-security -Wmissing-format-attribute -I/usr/include -I/usr/include/mysql  -I/usr/include/postgresql -Wdate-time -D_FORTIFY_SOURCE=3 -I/usr/include/postgresql conftest.c >&5
configure:20981: $? = 0
configure:20981: result: yes
configure:20988: checking for PQconnectdb in -lpq
configure:21011: gcc -o conftest -g -O2 -fno-omit-frame-pointer -mno-omit-leaf-frame-pointer -ffile-prefix-map=/home/medali/Downloads/kannel-optimized/kannel-debian-sid=. -flto=auto -ffat-lto-objects -fstack-protector-strong -fstack-clash-protection -Wformat -Werror=format-security -fcf-protection -fdebug-prefix-map=/home/medali/Downloads/kannel-optimized/kannel-debian-sid=/usr/src/kannel-1.4.5-22 -D_XOPEN_SOURCE=600 -D_BSD_SOURCE -D_DEFAULT_SOURCE -D_LARGE_FILES= -I/home/medali/miniconda3/include/libxml2 -I/home/medali/miniconda3/include -Wall -Wmissing-prototypes -Wmissing-declarations -Wnested-externs -Winline -Wformat -Wformat-security -Wmissing-format-attribute -I/usr/include -I/usr/include/mysql  -I/usr/include/postgresql -Wdate-time -D_FORTIFY_SOURCE=3 -I/usr/include/postgresql -Wl,-Bsymbolic-functions -flto=auto -ffat-lto-objects -Wl,-z,relro -Wl,-z,now -rdynamic conftest.c -lpq  -lmysqlclient -lssl -ldl -lpam -lrt -lresolv -lm  -lpthread -L/home/medali/miniconda3/lib -lxml2 -L/home/medali/miniconda3/lib -lz -L/home/medali/miniconda3/lib -llzma -L/home/medali/miniconda3/lib -licui18n -licuuc -licudata -L/home/medali/miniconda3/lib -lm -ldl -L/usr/lib -lcrypto -lssl -lmysqlclient  -L/usr/local/lib -lsqlite3 -L/usr/lib/x86_64-linux-gnu >&5
configure:21011: $? = 0
configure:21021: result: yes
configure:21034: checking whether to compile with PostgreSQL support
configure:21036: result: yes
configure:21051: checking whether to compile with Redis support
configure:21075: result: searching
configure:21079: checking for redis_config
configure:21116: result: no
configure:21128: checking for Redis include files in
configure:21130: result: /usr
configure:21212: checking for hiredis/hiredis.h
configure:21212: gcc -c -g -O2 -fno-omit-frame-pointer -mno-omit-leaf-frame-pointer -ffile-prefix-map=/home/medali/Downloads/kannel-optimized/kannel-debian-sid=. -flto=auto -ffat-lto-objects -fstack-protector-strong -fstack-clash-protection -Wformat -Werror=format-security -fcf-protection -fdebug-prefix-map=/home/medali/Downloads/kannel-optimized/kannel-debian-sid=/usr/src/kannel-1.4.5-22 -D_XOPEN_SOURCE=600 -D_BSD_SOURCE -D_DEFAULT_SOURCE -D_LARGE_FILES= -I/home/medali/miniconda3/include/libxml2 -I/home/medali/miniconda3/include -Wall -Wmissing-prototypes -Wmissing-declarations -Wnested-externs -Winline -Wformat -Wformat-security -Wmissing-format-attribute -I/usr/include -I/usr/include/mysql  -I/usr/include/postgresql -I/usr/include/hiredis -Wdate-time -D_FORTIFY_SOURCE=3 -I/usr/include/postgresql conftest.c >&5
configure:21212: $? = 0
configure:21212: result: yes
configure:21222: checking whether to compile with Redis support
configure:21224: result: yes
configure:21237: checking whether to compile with FreeTDS Ct-Lib support
configure:21267: result: yes
configure:21281: checking whether to compile with Cassandra support
configure:21343: result: disabled
configure:21444: checking whether to compile with SOAP support
configure:21636: result: disabled
configure:21754: checking that generated files are newer than configure
configure:21760: result: done
configure:21791: creating ./config.status

## ---------------------- ##
## Running config.status. ##
## ---------------------- ##

This file was extended by config.status, which was
generated by GNU Autoconf 2.71.  Invocation command line was

  CONFIG_FILES    = 
  CONFIG_HEADERS  = 
  CONFIG_LINKS    = 
  CONFIG_COMMANDS = 
  $ ./config.status 

on medali

config.status:1225: creating gwlib/gw_uuid_types.h
config.status:1225: creating Makefile
config.status:1225: creating soap/Makefile
config.status:1225: creating utils/Makefile
config.status:1225: creating gw-config.h
config.status:1454: executing depfiles commands
config.status:1454: executing libtool commands

## ---------------- ##
## Cache variables. ##
## ---------------- ##

ac_cv_build=x86_64-pc-linux-gnu
ac_cv_c_compiler_gnu=yes
ac_cv_c_inline=inline
ac_cv_env_CC_set=
ac_cv_env_CC_value=
ac_cv_env_CFLAGS_set=set
ac_cv_env_CFLAGS_value='-g -O2 -fno-omit-frame-pointer -mno-omit-leaf-frame-pointer -ffile-prefix-map=/home/medali/Downloads/kannel-optimized/kannel-debian-sid=. -flto=auto -ffat-lto-objects -fstack-protector-strong -fstack-clash-protection -Wformat -Werror=format-security -fcf-protection -fdebug-prefix-map=/home/medali/Downloads/kannel-optimized/kannel-debian-sid=/usr/src/kannel-1.4.5-22'
ac_cv_env_CPPFLAGS_set=set
ac_cv_env_CPPFLAGS_value='-Wdate-time -D_FORTIFY_SOURCE=3'
ac_cv_env_CPP_set=
ac_cv_env_CPP_value=
ac_cv_env_LDFLAGS_set=set
ac_cv_env_LDFLAGS_value='-Wl,-Bsymbolic-functions -flto=auto -ffat-lto-objects -Wl,-z,relro -Wl,-z,now'
ac_cv_env_LIBS_set=
ac_cv_env_LIBS_value=
ac_cv_env_LT_SYS_LIBRARY_PATH_set=
ac_cv_env_LT_SYS_LIBRARY_PATH_value=
ac_cv_env_MYSQLCLIENT_CFLAGS_set=
ac_cv_env_MYSQLCLIENT_CFLAGS_value=
ac_cv_env_MYSQLCLIENT_LIBS_set=
ac_cv_env_MYSQLCLIENT_LIBS_value=
ac_cv_env_PKG_CONFIG_LIBDIR_set=
ac_cv_env_PKG_CONFIG_LIBDIR_value=
ac_cv_env_PKG_CONFIG_PATH_set=
ac_cv_env_PKG_CONFIG_PATH_value=
ac_cv_env_PKG_CONFIG_set=
ac_cv_env_PKG_CONFIG_value=
ac_cv_env_YACC_set=
ac_cv_env_YACC_value=
ac_cv_env_YFLAGS_set=
ac_cv_env_YFLAGS_value=
ac_cv_env_build_alias_set=set
ac_cv_env_build_alias_value=x86_64-linux-gnu
ac_cv_env_host_alias_set=
ac_cv_env_host_alias_value=
ac_cv_env_target_alias_set=
ac_cv_env_target_alias_value=
ac_cv_func_backtrace=yes
ac_cv_func_gethostbyname_r=yes
ac_cv_func_getopt=yes
ac_cv_func_getopt_long=yes
ac_cv_func_gettimeofday=yes
ac_cv_func_gmtime_r=yes
ac_cv_func_initgroups=yes
ac_cv_func_localtime_r=yes
ac_cv_func_nftw=yes
ac_cv_func_regcomp=yes
ac_cv_func_select=yes
ac_cv_func_socket=yes
ac_cv_func_srandom=yes
ac_cv_func_strdup=yes
ac_cv_func_strtoll=yes
ac_cv_func_strtoq=yes
ac_cv_func_which_gethostname_r=6
ac_cv_header_dlfcn_h=yes
ac_cv_header_execinfo_h=yes
ac_cv_header_ftw_h=yes
ac_cv_header_getopt_h=yes
ac_cv_header_hiredis_hiredis_h=yes
ac_cv_header_inttypes_h=yes
ac_cv_header_libpq_fe_h=yes
ac_cv_header_mysql_mysql_h=yes
ac_cv_header_mysql_mysql_version_h=yes
ac_cv_header_net_if_h=yes
ac_cv_header_netinet_in_h=yes
ac_cv_header_openssl_crypto_h=yes
ac_cv_header_openssl_err_h=yes
ac_cv_header_openssl_hmac_h=yes
ac_cv_header_openssl_pem_h=yes
ac_cv_header_openssl_rsa_h=yes
ac_cv_header_openssl_ssl_h=yes
ac_cv_header_openssl_x509_h=yes
ac_cv_header_pthread_h=yes
ac_cv_header_regex_h=yes
ac_cv_header_security_pam_appl_h=yes
ac_cv_header_sqlite3_h=yes
ac_cv_header_stdint_h=yes
ac_cv_header_stdio_h=yes
ac_cv_header_stdlib_h=yes
ac_cv_header_string_h=yes
ac_cv_header_strings_h=yes
ac_cv_header_sys_ioctl_h=yes
ac_cv_header_sys_poll_h=yes
ac_cv_header_sys_socket_h=yes
ac_cv_header_sys_sockio_h=no
ac_cv_header_sys_stat_h=yes
ac_cv_header_sys_time_h=yes
ac_cv_header_sys_types_h=yes
ac_cv_header_sys_ucontext_h=yes
ac_cv_header_syslog_h=yes
ac_cv_header_unistd_h=yes
ac_cv_header_zlib_h=yes
ac_cv_host=x86_64-pc-linux-gnu
ac_cv_lib_bind_inet_ntop=no
ac_cv_lib_crypto_HMAC_Update=yes
ac_cv_lib_dl_main=yes
ac_cv_lib_iconv_libiconv=no
ac_cv_lib_m_log=yes
ac_cv_lib_mysqlclient_mysql_stmt_init=yes
ac_cv_lib_mysqlclient_r_mysql_stmt_init=no
ac_cv_lib_nsl_inet_ntoa=no
ac_cv_lib_pam_pam_end=yes
ac_cv_lib_pq_PQconnectdb=yes
ac_cv_lib_pthread_pthread_exit=yes
ac_cv_lib_resolv_inet_ntop=yes
ac_cv_lib_rt_sem_init=yes
ac_cv_lib_socket_accept=no
ac_cv_lib_sqlite3_sqlite3_open=yes
ac_cv_lib_ssl_OPENSSL_init_ssl=yes
ac_cv_lib_ssl_SSL_connect=yes
ac_cv_objext=o
ac_cv_path_CONVERT=/usr/bin/convert
ac_cv_path_EGREP='/usr/bin/grep -E'
ac_cv_path_FGREP='/usr/bin/grep -F'
ac_cv_path_GREP=/usr/bin/grep
ac_cv_path_OPENSSL=/home/medali/miniconda3/bin/openssl
ac_cv_path_PERL=/usr/bin/perl
ac_cv_path_PGSQL_CONFIG=/usr/bin/pg_config
ac_cv_path_REDIS_CONFIG=no
ac_cv_path_SED=/usr/bin/sed
ac_cv_path_SQLITE3=/home/medali/miniconda3/bin/sqlite3
ac_cv_path_XML2_CONFIG=/home/medali/miniconda3/bin/xml2-config
ac_cv_path_ac_pt_PKG_CONFIG=/usr/bin/pkg-config
ac_cv_path_install='/usr/bin/install -c'
ac_cv_path_lt_DD=/usr/bin/dd
ac_cv_path_mkdir=/usr/bin/mkdir
ac_cv_prog_AWK=gawk
ac_cv_prog_CONVERT=/usr/bin/convert
ac_cv_prog_CPP='gcc -E'
ac_cv_prog_DVIPS=dvips
ac_cv_prog_FIG2DEV=fig2dev
ac_cv_prog_JADE=openjade
ac_cv_prog_JADETEX=jadetex
ac_cv_prog_PDFJADETEX=pdfjadetex
ac_cv_prog_YACC='bison -y'
ac_cv_prog_ac_ct_AR=ar
ac_cv_prog_ac_ct_CC=gcc
ac_cv_prog_ac_ct_FILECMD=file
ac_cv_prog_ac_ct_MANIFEST_TOOL=mt
ac_cv_prog_ac_ct_OBJDUMP=objdump
ac_cv_prog_ac_ct_RANLIB=ranlib
ac_cv_prog_ac_ct_STRIP=strip
ac_cv_prog_cc_c11=
ac_cv_prog_cc_g=yes
ac_cv_prog_cc_stdc=
ac_cv_prog_make_make_set=yes
ac_cv_sizeof_int=4
ac_cv_sizeof_long=8
ac_cv_sizeof_long_long=8
ac_cv_sizeof_short=2
ac_cv_sys_file_offset_bits=no
ac_cv_sys_largefile_CC=no
acl_cv_libdirstems=lib,lib,lib64
acl_cv_prog_gnu_ld=yes
acl_cv_rpath=done
am_cv_CC_dependencies_compiler_type=none
am_cv_func_iconv=yes
am_cv_func_iconv_works=yes
am_cv_lib_iconv=no
am_cv_make_support_nested_variables=yes
am_cv_prog_cc_c_o=yes
am_cv_proto_iconv='extern size_t iconv (iconv_t cd, char * *inbuf, size_t *inbytesleft, char * *outbuf, size_t *outbytesleft);'
am_cv_proto_iconv_arg1=
gl_cv_elf=yes
gl_cv_host_cpu_c_abi_32bit=no
gw_cv_func_HAVE_GETOPT_IN_STDIO_H=no
gw_cv_func_HAVE_GETOPT_IN_UNISTD_H=yes
gw_cv_type_HAVE_SOCKLEN_T=yes
lt_cv_ar_at_file=@
lt_cv_archive_cmds_need_lc=no
lt_cv_deplibs_check_method=pass_all
lt_cv_file_magic_cmd='$MAGIC_CMD'
lt_cv_file_magic_test_file=
lt_cv_ld_reload_flag=-r
lt_cv_nm_interface='BSD nm'
lt_cv_objdir=.libs
lt_cv_path_LD=/usr/bin/ld
lt_cv_path_NM='/usr/bin/nm -B'
lt_cv_path_mainfest_tool=no
lt_cv_prog_compiler_c_o=yes
lt_cv_prog_compiler_pic='-fPIC -DPIC'
lt_cv_prog_compiler_pic_works=yes
lt_cv_prog_compiler_rtti_exceptions=no
lt_cv_prog_compiler_static_works=yes
lt_cv_prog_gnu_ld=yes
lt_cv_sharedlib_from_linklib_cmd='printf %s\n'
lt_cv_shlibpath_overrides_runpath=yes
lt_cv_sys_global_symbol_pipe='/usr/bin/sed -n -e '\''s/^.*[	 ]\([ABCDGIRSTW][ABCDGIRSTW]*\)[	 ][	 ]*\([_A-Za-z][_A-Za-z0-9]*\)$/\1 \2 \2/p'\'' | /usr/bin/sed '\''/ __gnu_lto/d'\'''
lt_cv_sys_global_symbol_to_c_name_address='/usr/bin/sed -n -e '\''s/^: \(.*\) .*$/  {"\1", (void *) 0},/p'\'' -e '\''s/^[ABCDGIRSTW][ABCDGIRSTW]* .* \(.*\)$/  {"\1", (void *) \&\1},/p'\'''
lt_cv_sys_global_symbol_to_c_name_address_lib_prefix='/usr/bin/sed -n -e '\''s/^: \(.*\) .*$/  {"\1", (void *) 0},/p'\'' -e '\''s/^[ABCDGIRSTW][ABCDGIRSTW]* .* \(lib.*\)$/  {"\1", (void *) \&\1},/p'\'' -e '\''s/^[ABCDGIRSTW][ABCDGIRSTW]* .* \(.*\)$/  {"lib\1", (void *) \&\1},/p'\'''
lt_cv_sys_global_symbol_to_cdecl='/usr/bin/sed -n -e '\''s/^T .* \(.*\)$/extern int \1();/p'\'' -e '\''s/^[ABCDGIRSTW][ABCDGIRSTW]* .* \(.*\)$/extern char \1;/p'\'''
lt_cv_sys_global_symbol_to_import=
lt_cv_sys_max_cmd_len=1572864
lt_cv_to_host_file_cmd=func_convert_file_noop
lt_cv_to_tool_file_cmd=func_convert_file_noop
lt_cv_truncate_bin='/usr/bin/dd bs=4096 count=1'
pkg_cv_MYSQLCLIENT_CFLAGS='-I/usr/include/mysql '
pkg_cv_MYSQLCLIENT_LIBS='-lmysqlclient '

## ----------------- ##
## Output variables. ##
## ----------------- ##

ACLOCAL='${SHELL} '\''/home/medali/Downloads/kannel-optimized/kannel-debian-sid/missing'\'' aclocal-1.16'
AMDEPBACKSLASH=''
AMDEP_FALSE=''
AMDEP_TRUE='#'
AMTAR='$${TAR-tar}'
AM_BACKSLASH='\'
AM_DEFAULT_V='$(AM_DEFAULT_VERBOSITY)'
AM_DEFAULT_VERBOSITY='1'
AM_V='$(V)'
AR='ar'
AUTOCONF='${SHELL} '\''/home/medali/Downloads/kannel-optimized/kannel-debian-sid/missing'\'' autoconf'
AUTOHEADER='${SHELL} '\''/home/medali/Downloads/kannel-optimized/kannel-debian-sid/missing'\'' autoheader'
AUTOMAKE='${SHELL} '\''/home/medali/Downloads/kannel-optimized/kannel-debian-sid/missing'\'' automake-1.16'
AWK='gawk'
BUILD_DATE='2025-11-20'
BUILD_STARTSTOPDAEMON_FALSE=''
BUILD_STARTSTOPDAEMON_TRUE='#'
CC='gcc'
CCDEPMODE='depmode=none'
CFLAGS='-g -O2 -fno-omit-frame-pointer -mno-omit-leaf-frame-pointer -ffile-prefix-map=/home/medali/Downloads/kannel-optimized/kannel-debian-sid=. -flto=auto -ffat-lto-objects -fstack-protector-strong -fstack-clash-protection -Wformat -Werror=format-security -fcf-protection -fdebug-prefix-map=/home/medali/Downloads/kannel-optimized/kannel-debian-sid=/usr/src/kannel-1.4.5-22 -D_XOPEN_SOURCE=600 -D_BSD_SOURCE -D_DEFAULT_SOURCE -D_LARGE_FILES= -I/home/medali/miniconda3/include/libxml2 -I/home/medali/miniconda3/include -Wall -Wmissing-prototypes -Wmissing-declarations -Wnested-externs -Winline -Wformat -Wformat-security -Wmissing-format-attribute -I/usr/include -I/usr/include/mysql  -I/usr/include/postgresql -I/usr/include/hiredis -I/usr/include'
CONVERT='/usr/bin/convert'
CPP='gcc -E'
CPPFLAGS='-Wdate-time -D_FORTIFY_SOURCE=3 -I/usr/include/postgresql'
CSCOPE='cscope'
CTAGS='ctags'
CYGPATH_W='echo'
DEFS='-DHAVE_CONFIG_H'
DEPDIR='.deps'
DLLTOOL='false'
DOCDRAFTS='IGNORE'
DOCSTARGET='docs'
DSYMUTIL=''
DUMPBIN=''
DVIPS='dvips'
ECHO_C=''
ECHO_N='-n'
ECHO_T=''
EGREP='/usr/bin/grep -E'
ETAGS='etags'
EXEEXT=''
EXE_EXT=''
FGREP='/usr/bin/grep -F'
FIG2DEV='fig2dev'
FILECMD='file'
GREP='/usr/bin/grep'
GSOAP_SHARE=''
GW_VERSION=''
HTML_DSL='/usr/share/sgml/docbook/stylesheet/dsssl/modular/html/docbook.dsl'
INSTALL_DATA='${INSTALL} -m 644'
INSTALL_PROGRAM='${INSTALL}'
INSTALL_SCRIPT='${INSTALL}'
INSTALL_STRIP_PROGRAM='$(install_sh) -c -s'
JADE='openjade'
JADETEX='jadetex'
LD='/usr/bin/ld -m elf_x86_64'
LDFLAGS='-Wl,-Bsymbolic-functions -flto=auto -ffat-lto-objects -Wl,-z,relro -Wl,-z,now -rdynamic'
LEX=':'
LEXLIB=''
LEX_OUTPUT_ROOT=''
LIBICONV=''
LIBOBJS=''
LIBS='-lpq -lmysqlclient -lssl -ldl -lpam -lrt -lresolv -lm  -lpthread -L/home/medali/miniconda3/lib -lxml2 -L/home/medali/miniconda3/lib -lz -L/home/medali/miniconda3/lib -llzma -L/home/medali/miniconda3/lib -licui18n -licuuc -licudata -L/home/medali/miniconda3/lib -lm -ldl -L/usr/lib -lcrypto -lssl -lmysqlclient  -L/usr/local/lib -lsqlite3 -L/usr/lib/x86_64-linux-gnu -L/usr/lib -lhiredis -L/usr/lib -lct'
LIBTOOL='$(SHELL) $(top_builddir)/libtool'
LIPO=''
LN_S='ln -s'
LTLIBICONV=''
LTLIBOBJS=''
LT_SYS_LIBRARY_PATH=''
MAKEINFO='${SHELL} '\''/home/medali/Downloads/kannel-optimized/kannel-debian-sid/missing'\'' makeinfo'
MANIFEST_TOOL=':'
MKDIR_P='/usr/bin/mkdir -p'
MYSQLCLIENT_CFLAGS='-I/usr/include/mysql '
MYSQLCLIENT_LIBS='-lmysqlclient '
MYSQL_CONFIG=''
NM='/usr/bin/nm -B'
NMEDIT=''
OBJDUMP='objdump'
OBJEXT='o'
OLD_LIBTOOL='ar rc'
OPENSSL='/home/medali/miniconda3/bin/openssl'
OTOOL64=''
OTOOL=''
PACKAGE='Kannel'
PACKAGE_BUGREPORT=''
PACKAGE_NAME=''
PACKAGE_STRING=''
PACKAGE_TARNAME=''
PACKAGE_URL=''
PACKAGE_VERSION=''
PATH_SEPARATOR=':'
PCRE_CONFIG=''
PDFJADETEX='pdfjadetex'
PERL='/usr/bin/perl'
PGSQL_CONFIG='/usr/bin/pg_config'
PKGADD_NAME='Kannel - WAP and SMS gateway'
PKGADD_PKG='KANNELgateway'
PKGADD_VENDOR='www.kannel.org'
PKG_CONFIG='/usr/bin/pkg-config'
PKG_CONFIG_LIBDIR=''
PKG_CONFIG_PATH=''
RANLIB='ranlib'
REDIS_CONFIG='no'
SDB_CONFIG=''
SED='/usr/bin/sed'
SET_MAKE=''
SHELL='/bin/bash'
SIZEOF_INT='4'
SIZEOF_LONG='8'
SIZEOF_LONG_LONG='8'
SIZEOF_SHORT='2'
SOAPCPP=''
SOAP_INCLUDE=''
SQLITE3='/home/medali/miniconda3/bin/sqlite3'
SQLITE=''
STRIP='strip'
SUFFIX=''
TEX_DSL='/usr/share/sgml/docbook/stylesheet/dsssl/modular/print/docbook.dsl'
VERSION='1.4.5'
WSDL2H=''
XML2_CONFIG='/home/medali/miniconda3/bin/xml2-config'
XML_DCL='/usr/share/sgml/declaration/xml.dcl'
YACC='bison -y'
YFLAGS=''
ac_ct_AR='ar'
ac_ct_CC='gcc'
ac_ct_DUMPBIN=''
am__EXEEXT_FALSE=''
am__EXEEXT_TRUE='#'
am__fastdepCC_FALSE=''
am__fastdepCC_TRUE='#'
am__include='include'
am__isrc=''
am__leading_dot='.'
am__nodep=''
am__quote=''
am__tar='$${TAR-tar} chof - "$$tardir"'
am__untar='$${TAR-tar} xf -'
bindir='${exec_prefix}/bin'
build='x86_64-pc-linux-gnu'
build_alias='x86_64-linux-gnu'
build_cpu='x86_64'
build_os='linux-gnu'
build_vendor='pc'
datadir='${datarootdir}'
datarootdir='${prefix}/share'
docdir='${prefix}/share/doc/kannel'
dvidir='${docdir}'
exec_prefix='${prefix}'
host='x86_64-pc-linux-gnu'
host_alias=''
host_cpu='x86_64'
host_os='linux-gnu'
host_vendor='pc'
htmldir='${docdir}'
includedir='${prefix}/include'
infodir='${prefix}/share/info'
install_sh='${SHELL} /home/medali/Downloads/kannel-optimized/kannel-debian-sid/install-sh'
libdir='${prefix}/lib/x86_64-linux-gnu'
libexecdir='${exec_prefix}/libexec'
localedir='${datarootdir}/locale'
localstatedir='/var'
mandir='${prefix}/share/man'
mkdir_p='$(MKDIR_P)'
oldincludedir='/usr/include'
pdfdir='${docdir}'
prefix='/usr'
program_transform_name='s,x,x,'
psdir='${docdir}'
runstatedir='/run'
sbindir='${exec_prefix}/sbin'
sharedstatedir='${prefix}/com'
sysconfdir='/etc'
target_alias=''

## ----------- ##
## confdefs.h. ##
## ----------- ##

/* confdefs.h */
#define PACKAGE_NAME ""
#define PACKAGE_TARNAME ""
#define PACKAGE_VERSION ""
#define PACKAGE_STRING ""
#define PACKAGE_BUGREPORT ""
#define PACKAGE_URL ""
#define GW_NAME "Kannel"
#define GW_VERSION "1.4.5"
#define VERSION "1.4.5"
#define PACKAGE "Kannel"
#define VERSION "1.4.5"
#define HAVE_STDIO_H 1
#define HAVE_STDLIB_H 1
#define HAVE_STRING_H 1
#define HAVE_INTTYPES_H 1
#define HAVE_STDINT_H 1
#define HAVE_STRINGS_H 1
#define HAVE_SYS_STAT_H 1
#define HAVE_SYS_TYPES_H 1
#define HAVE_UNISTD_H 1
#define STDC_HEADERS 1
#define HAVE_DLFCN_H 1
#define LT_OBJDIR ".libs/"
#define SIZEOF_SHORT 2
#define SIZEOF_INT 4
#define SIZEOF_LONG 8
#define SIZEOF_LONG_LONG 8
#define HAVE_LIBM 1
#define HAVE_LIBRESOLV 1
#define HAVE_SYS_IOCTL_H 1
#define HAVE_SYS_TIME_H 1
#define HAVE_SYS_TYPES_H 1
#define HAVE_UNISTD_H 1
#define HAVE_SYS_POLL_H 1
#define HAVE_PTHREAD_H 1
#define HAVE_GETOPT_H 1
#define HAVE_SYSLOG_H 1
#define HAVE_ZLIB_H 1
#define HAVE_EXECINFO_H 1
#define HAVE_STDLIB_H 1
#define HAVE_SYS_SOCKET_H 1
#define HAVE_NETINET_IN_H 1
#define HAVE_NET_IF_H 1
#define HAVE_SYS_UCONTEXT_H 1
#define HAVE_UCONTEXT 1
#define HAVE___FUNCTION__ 1
#define HAVE___FUNC__ 1
#define HAVE_ICONV 1
#define ICONV_CONST 
#define HAVE_GETTIMEOFDAY 1
#define HAVE_SELECT 1
#define HAVE_SOCKET 1
#define HAVE_STRDUP 1
#define HAVE_GETOPT_LONG 1
#define HAVE_LOCALTIME_R 1
#define HAVE_GMTIME_R 1
#define HAVE_BACKTRACE 1
#define HAVE_SRANDOM 1
#define HAVE_INITGROUPS 1
#define HAVE_STRTOLL 1
#define HAVE_STRTOQ 1
#define HAVE_FUNC_GETHOSTBYNAME_R_6 1
#define HAVE_SOCKLEN_T 1
#define HAVE_GETOPT_IN_UNISTD_H 1
#define HAVE_FTW_H 1
#define HAVE_NFTW 1
#define HAVE_REGEX_H 1
#define HAVE_REGEX 1
#define HAVE_PTHREAD_SPINLOCK_T 1
#define HAVE_PTHREAD_RWLOCK 1
#define HAVE_LIBRT 1
#define HAVE_SEMAPHORE 1
#define SUFFIX ""
#define USE_GWMEM_NATIVE 1
#define HAVE_LIBPAM 1
#define HAVE_LIBDL 1
#define HAVE_SECURITY_PAM_APPL_H 1
#define LOG_TIMESTAMP_LOCALTIME 1
#define ENABLE_COOKIES 1
#define USE_KEEPALIVE 1
#define HAVE_LIBSSL 1
#define HAVE_OPENSSL_X509_H 1
#define HAVE_OPENSSL_RSA_H 1
#define HAVE_OPENSSL_CRYPTO_H 1
#define HAVE_OPENSSL_PEM_H 1
#define HAVE_OPENSSL_SSL_H 1
#define HAVE_OPENSSL_ERR_H 1
#define HAVE_OPENSSL_HMAC_H 1
#define HAVE_LIBSSL 1
#define HAVE_MYSQL_MYSQL_H 1
#define HAVE_MYSQL_MYSQL_VERSION_H 1
#define HAVE_LIBMYSQLCLIENT 1
#define HAVE_MYSQL 1
#define HAVE_SQLITE3_H 1
#define HAVE_SQLITE3 1
#define HAVE_LIBPQ_FE_H 1
#define HAVE_LIBPQ 1
#define HAVE_PGSQL 1
#define HAVE_HIREDIS_HIREDIS_H 1
#define HAVE_REDIS 1
#define HAVE_MSSQL 1

configure: exit 0
